INFO 2026-06-01 09:42:27,570 autoreload Watching for file changes with StatReloader
INFO 2026-06-01 09:42:27,570 autoreload Watching for file changes with StatReloader
INFO 2026-06-01 09:44:41,639 basehttp "OPTIONS /api/v1/auth/login/ HTTP/1.1" 200 0
INFO 2026-06-01 09:44:41,639 basehttp "OPTIONS /api/v1/auth/login/ HTTP/1.1" 200 0
INFO 2026-06-01 09:44:43,135 basehttp "POST /api/v1/auth/login/ HTTP/1.1" 200 808
INFO 2026-06-01 09:44:43,135 basehttp "POST /api/v1/auth/login/ HTTP/1.1" 200 808
INFO 2026-06-01 09:44:46,768 basehttp "OPTIONS /api/v1/financials/transactions/?start_date=2026-06-01&end_date=2026-06-01&page_size=100 HTTP/1.1" 200 0
INFO 2026-06-01 09:44:46,768 basehttp "OPTIONS /api/v1/financials/transactions/?start_date=2026-06-01&end_date=2026-06-01&page_size=100 HTTP/1.1" 200 0
INFO 2026-06-01 09:44:46,773 basehttp "OPTIONS /api/v1/sales/sales/?start_date=2026-06-01&end_date=2026-06-01&page_size=100 HTTP/1.1" 200 0
INFO 2026-06-01 09:44:46,773 basehttp "OPTIONS /api/v1/sales/sales/?start_date=2026-06-01&end_date=2026-06-01&page_size=100 HTTP/1.1" 200 0
INFO 2026-06-01 09:44:46,789 basehttp "OPTIONS /api/v1/financials/petty-cash/?start_date=2026-06-01&end_date=2026-06-01&page_size=100 HTTP/1.1" 200 0
INFO 2026-06-01 09:44:46,789 basehttp "OPTIONS /api/v1/financials/petty-cash/?start_date=2026-06-01&end_date=2026-06-01&page_size=100 HTTP/1.1" 200 0
INFO 2026-06-01 09:44:46,790 basehttp "OPTIONS /api/v1/financials/petty-cash/?start_date=2026-06-01&end_date=2026-06-01&page_size=100 HTTP/1.1" 200 0
INFO 2026-06-01 09:44:46,790 basehttp "OPTIONS /api/v1/financials/petty-cash/?start_date=2026-06-01&end_date=2026-06-01&page_size=100 HTTP/1.1" 200 0
INFO 2026-06-01 09:44:46,792 basehttp "OPTIONS /api/v1/hr/payroll/ HTTP/1.1" 200 0
INFO 2026-06-01 09:44:46,792 basehttp "OPTIONS /api/v1/hr/payroll/ HTTP/1.1" 200 0
INFO 2026-06-01 09:44:46,803 basehttp "OPTIONS /api/v1/hr/payroll/ HTTP/1.1" 200 0
INFO 2026-06-01 09:44:46,822 basehttp "OPTIONS /api/v1/sales/sales/?start_date=2026-06-01&end_date=2026-06-01&page_size=100 HTTP/1.1" 200 0
INFO 2026-06-01 09:44:46,822 basehttp "OPTIONS /api/v1/sales/sales/?start_date=2026-06-01&end_date=2026-06-01&page_size=100 HTTP/1.1" 200 0
INFO 2026-06-01 09:44:46,803 basehttp "OPTIONS /api/v1/hr/payroll/ HTTP/1.1" 200 0
INFO 2026-06-01 09:44:46,856 basehttp "OPTIONS /api/v1/financials/transactions/?start_date=2026-06-01&end_date=2026-06-01&page_size=100 HTTP/1.1" 200 0
INFO 2026-06-01 09:44:46,856 basehttp "OPTIONS /api/v1/financials/transactions/?start_date=2026-06-01&end_date=2026-06-01&page_size=100 HTTP/1.1" 200 0
INFO 2026-06-01 09:44:47,077 basehttp "GET /api/v1/hr/payroll/ HTTP/1.1" 200 4108
INFO 2026-06-01 09:44:47,077 basehttp "GET /api/v1/hr/payroll/ HTTP/1.1" 200 4108
INFO 2026-06-01 09:44:47,209 basehttp "GET /api/v1/hr/payroll/ HTTP/1.1" 200 4108
INFO 2026-06-01 09:44:47,209 basehttp "GET /api/v1/hr/payroll/ HTTP/1.1" 200 4108
INFO 2026-06-01 09:44:47,291 basehttp "GET /api/v1/financials/transactions/?start_date=2026-06-01&end_date=2026-06-01&page_size=100 HTTP/1.1" 200 4583
INFO 2026-06-01 09:44:47,291 basehttp "GET /api/v1/financials/transactions/?start_date=2026-06-01&end_date=2026-06-01&page_size=100 HTTP/1.1" 200 4583
INFO 2026-06-01 09:44:47,304 basehttp "GET /api/v1/sales/sales/?start_date=2026-06-01&end_date=2026-06-01&page_size=100 HTTP/1.1" 200 52
INFO 2026-06-01 09:44:47,304 basehttp "GET /api/v1/sales/sales/?start_date=2026-06-01&end_date=2026-06-01&page_size=100 HTTP/1.1" 200 52
INFO 2026-06-01 09:44:47,327 basehttp "GET /api/v1/financials/petty-cash/?start_date=2026-06-01&end_date=2026-06-01&page_size=100 HTTP/1.1" 200 263
INFO 2026-06-01 09:44:47,327 basehttp "GET /api/v1/financials/petty-cash/?start_date=2026-06-01&end_date=2026-06-01&page_size=100 HTTP/1.1" 200 263
INFO 2026-06-01 09:44:47,394 basehttp "GET /api/v1/sales/sales/?start_date=2026-06-01&end_date=2026-06-01&page_size=100 HTTP/1.1" 200 52
INFO 2026-06-01 09:44:47,394 basehttp "GET /api/v1/sales/sales/?start_date=2026-06-01&end_date=2026-06-01&page_size=100 HTTP/1.1" 200 52
INFO 2026-06-01 09:44:47,413 basehttp "GET /api/v1/financials/petty-cash/?start_date=2026-06-01&end_date=2026-06-01&page_size=100 HTTP/1.1" 200 263
INFO 2026-06-01 09:44:47,413 basehttp "GET /api/v1/financials/petty-cash/?start_date=2026-06-01&end_date=2026-06-01&page_size=100 HTTP/1.1" 200 263
INFO 2026-06-01 09:44:47,424 basehttp "OPTIONS /api/v1/financials/invoices/?status=paid&start_date=2026-06-01&end_date=2026-06-01&page_size=100 HTTP/1.1" 200 0
INFO 2026-06-01 09:44:47,424 basehttp "OPTIONS /api/v1/financials/invoices/?status=paid&start_date=2026-06-01&end_date=2026-06-01&page_size=100 HTTP/1.1" 200 0
INFO 2026-06-01 09:44:47,497 basehttp "GET /api/v1/financials/transactions/?start_date=2026-06-01&end_date=2026-06-01&page_size=100 HTTP/1.1" 200 4583
INFO 2026-06-01 09:44:47,497 basehttp "GET /api/v1/financials/transactions/?start_date=2026-06-01&end_date=2026-06-01&page_size=100 HTTP/1.1" 200 4583
INFO 2026-06-01 09:44:47,540 basehttp "GET /api/v1/financials/invoices/?status=paid&start_date=2026-06-01&end_date=2026-06-01&page_size=100 HTTP/1.1" 200 3624
INFO 2026-06-01 09:44:47,540 basehttp "GET /api/v1/financials/invoices/?status=paid&start_date=2026-06-01&end_date=2026-06-01&page_size=100 HTTP/1.1" 200 3624
INFO 2026-06-01 09:44:47,639 basehttp "GET /api/v1/financials/invoices/?status=paid&start_date=2026-06-01&end_date=2026-06-01&page_size=100 HTTP/1.1" 200 3624
INFO 2026-06-01 09:44:47,639 basehttp "GET /api/v1/financials/invoices/?status=paid&start_date=2026-06-01&end_date=2026-06-01&page_size=100 HTTP/1.1" 200 3624
INFO 2026-06-01 09:46:14,098 basehttp "OPTIONS /api/v1/financials/budgets/?year=2026 HTTP/1.1" 200 0
INFO 2026-06-01 09:46:14,102 basehttp "OPTIONS /api/v1/financials/budgets/?year=2026 HTTP/1.1" 200 0
INFO 2026-06-01 09:46:14,102 basehttp "OPTIONS /api/v1/financials/budgets/?year=2026 HTTP/1.1" 200 0
INFO 2026-06-01 09:46:14,098 basehttp "OPTIONS /api/v1/financials/budgets/?year=2026 HTTP/1.1" 200 0
INFO 2026-06-01 09:46:14,142 basehttp "GET /api/v1/financials/budgets/?year=2026 HTTP/1.1" 200 2733
INFO 2026-06-01 09:46:14,142 basehttp "GET /api/v1/financials/budgets/?year=2026 HTTP/1.1" 200 2733
INFO 2026-06-01 09:46:14,348 basehttp "GET /api/v1/financials/budgets/?year=2026 HTTP/1.1" 200 2733
INFO 2026-06-01 09:46:14,348 basehttp "GET /api/v1/financials/budgets/?year=2026 HTTP/1.1" 200 2733
INFO 2026-06-01 09:46:19,815 basehttp "OPTIONS /api/v1/financials/budgets/2/vs-actual/ HTTP/1.1" 200 0
INFO 2026-06-01 09:46:19,815 basehttp "OPTIONS /api/v1/financials/budgets/2/vs-actual/ HTTP/1.1" 200 0
INFO 2026-06-01 09:46:19,863 basehttp "GET /api/v1/financials/budgets/2/vs-actual/ HTTP/1.1" 200 565
INFO 2026-06-01 09:46:19,863 basehttp "GET /api/v1/financials/budgets/2/vs-actual/ HTTP/1.1" 200 565
INFO 2026-06-01 09:46:32,812 basehttp "OPTIONS /api/v1/financials/budgets/2/copy/ HTTP/1.1" 200 0
INFO 2026-06-01 09:46:32,812 basehttp "OPTIONS /api/v1/financials/budgets/2/copy/ HTTP/1.1" 200 0
INFO 2026-06-01 09:46:32,860 basehttp "POST /api/v1/financials/budgets/2/copy/ HTTP/1.1" 201 488
INFO 2026-06-01 09:46:32,860 basehttp "POST /api/v1/financials/budgets/2/copy/ HTTP/1.1" 201 488
INFO 2026-06-01 09:46:32,919 basehttp "GET /api/v1/financials/budgets/?year=2026 HTTP/1.1" 200 2903
INFO 2026-06-01 09:46:32,919 basehttp "GET /api/v1/financials/budgets/?year=2026 HTTP/1.1" 200 2903
INFO 2026-06-01 09:46:56,393 basehttp "OPTIONS /api/v1/financials/budgets/2/ HTTP/1.1" 200 0
INFO 2026-06-01 09:46:56,393 basehttp "OPTIONS /api/v1/financials/budgets/2/ HTTP/1.1" 200 0
INFO 2026-06-01 09:46:56,446 basehttp "PATCH /api/v1/financials/budgets/2/ HTTP/1.1" 200 451
INFO 2026-06-01 09:46:56,446 basehttp "PATCH /api/v1/financials/budgets/2/ HTTP/1.1" 200 451
INFO 2026-06-01 09:46:56,583 basehttp "GET /api/v1/financials/budgets/?year=2026 HTTP/1.1" 200 2903
INFO 2026-06-01 09:46:56,583 basehttp "GET /api/v1/financials/budgets/?year=2026 HTTP/1.1" 200 2903
INFO 2026-06-01 09:47:02,098 basehttp "OPTIONS /api/v1/financials/budgets/7/vs-actual/ HTTP/1.1" 200 0
INFO 2026-06-01 09:47:02,098 basehttp "OPTIONS /api/v1/financials/budgets/7/vs-actual/ HTTP/1.1" 200 0
INFO 2026-06-01 09:47:02,152 basehttp "GET /api/v1/financials/budgets/7/vs-actual/ HTTP/1.1" 200 602
INFO 2026-06-01 09:47:02,152 basehttp "GET /api/v1/financials/budgets/7/vs-actual/ HTTP/1.1" 200 602
INFO 2026-06-01 09:47:17,118 basehttp "GET /admin/ HTTP/1.1" 302 0
INFO 2026-06-01 09:47:17,118 basehttp "GET /admin/ HTTP/1.1" 302 0
INFO 2026-06-01 09:47:17,235 basehttp "GET /admin/login/?next=/admin/ HTTP/1.1" 200 4187
INFO 2026-06-01 09:47:17,235 basehttp "GET /admin/login/?next=/admin/ HTTP/1.1" 200 4187
INFO 2026-06-01 09:47:17,344 basehttp "GET /static/admin/css/nav_sidebar.css HTTP/1.1" 304 0
INFO 2026-06-01 09:47:17,344 basehttp "GET /static/admin/css/nav_sidebar.css HTTP/1.1" 304 0
INFO 2026-06-01 09:47:17,354 basehttp "GET /static/admin/css/dark_mode.css HTTP/1.1" 304 0
INFO 2026-06-01 09:47:17,354 basehttp "GET /static/admin/css/dark_mode.css HTTP/1.1" 304 0
INFO 2026-06-01 09:47:17,356 basehttp "GET /static/admin/css/login.css HTTP/1.1" 304 0
INFO 2026-06-01 09:47:17,356 basehttp "GET /static/admin/css/login.css HTTP/1.1" 304 0
INFO 2026-06-01 09:47:17,364 basehttp "GET /static/admin/css/responsive.css HTTP/1.1" 304 0
INFO 2026-06-01 09:47:17,364 basehttp "GET /static/admin/css/responsive.css HTTP/1.1" 304 0
INFO 2026-06-01 09:47:17,367 basehttp "GET /static/admin/js/nav_sidebar.js HTTP/1.1" 304 0
INFO 2026-06-01 09:47:17,367 basehttp "GET /static/admin/js/theme.js HTTP/1.1" 304 0
INFO 2026-06-01 09:47:17,367 basehttp "GET /static/admin/js/nav_sidebar.js HTTP/1.1" 304 0
INFO 2026-06-01 09:47:17,367 basehttp "GET /static/admin/js/theme.js HTTP/1.1" 304 0
INFO 2026-06-01 09:47:17,395 basehttp "GET /static/admin/css/base.css HTTP/1.1" 304 0
INFO 2026-06-01 09:47:17,395 basehttp "GET /static/admin/css/base.css HTTP/1.1" 304 0
WARNING 2026-06-01 09:47:17,742 basehttp "GET /favicon.ico HTTP/1.1" 404 3304
WARNING 2026-06-01 09:47:17,742 basehttp "GET /favicon.ico HTTP/1.1" 404 3304
INFO 2026-06-01 09:47:29,752 basehttp "POST /admin/login/?next=/admin/ HTTP/1.1" 302 0
INFO 2026-06-01 09:47:29,752 basehttp "POST /admin/login/?next=/admin/ HTTP/1.1" 302 0
INFO 2026-06-01 09:47:29,844 basehttp "GET /admin/ HTTP/1.1" 200 21539
INFO 2026-06-01 09:47:29,844 basehttp "GET /admin/ HTTP/1.1" 200 21539
INFO 2026-06-01 09:47:29,893 basehttp "GET /static/admin/css/dashboard.css HTTP/1.1" 304 0
INFO 2026-06-01 09:47:29,893 basehttp "GET /static/admin/css/dashboard.css HTTP/1.1" 304 0
INFO 2026-06-01 09:47:29,943 basehttp "GET /static/admin/img/icon-viewlink.svg HTTP/1.1" 304 0
INFO 2026-06-01 09:47:29,943 basehttp "GET /static/admin/img/icon-viewlink.svg HTTP/1.1" 304 0
INFO 2026-06-01 09:47:29,952 basehttp "GET /static/admin/img/icon-addlink.svg HTTP/1.1" 304 0
INFO 2026-06-01 09:47:29,952 basehttp "GET /static/admin/img/icon-addlink.svg HTTP/1.1" 304 0
INFO 2026-06-01 09:47:29,958 basehttp "GET /static/admin/img/icon-changelink.svg HTTP/1.1" 304 0
INFO 2026-06-01 09:47:29,958 basehttp "GET /static/admin/img/icon-changelink.svg HTTP/1.1" 304 0
INFO 2026-06-01 09:47:29,964 basehttp "GET /static/admin/img/icon-deletelink.svg HTTP/1.1" 304 0
INFO 2026-06-01 09:47:29,964 basehttp "GET /static/admin/img/icon-deletelink.svg HTTP/1.1" 304 0
INFO 2026-06-01 09:47:50,652 basehttp "GET /api/docs/ HTTP/1.1" 200 4645
INFO 2026-06-01 09:47:50,652 basehttp "GET /api/docs/ HTTP/1.1" 200 4645
INFO 2026-06-01 09:47:52,073 basehttp "GET /api/schema/ HTTP/1.1" 200 385647
INFO 2026-06-01 09:47:52,073 basehttp "GET /api/schema/ HTTP/1.1" 200 385647
INFO 2026-06-01 09:48:26,240 basehttp "POST /api/v1/auth/login/ HTTP/1.1" 200 808
INFO 2026-06-01 09:48:26,240 basehttp "POST /api/v1/auth/login/ HTTP/1.1" 200 808
INFO 2026-06-01 09:49:12,584 basehttp "GET /api/v1/financials/budgets/ HTTP/1.1" 200 2903
INFO 2026-06-01 09:49:12,584 basehttp "GET /api/v1/financials/budgets/ HTTP/1.1" 200 2903
ERROR 2026-06-01 09:56:25,500 basehttp "GET /api/v1/financials/budgets/4/vs-actual/ HTTP/1.1" 500 153145
ERROR 2026-06-01 09:56:25,500 basehttp "GET /api/v1/financials/budgets/4/vs-actual/ HTTP/1.1" 500 153145
ERROR 2026-06-01 10:00:05,162 basehttp "GET /api/v1/financials/budgets/4/ HTTP/1.1" 500 22878
ERROR 2026-06-01 10:00:05,162 basehttp "GET /api/v1/financials/budgets/4/ HTTP/1.1" 500 22878
ERROR 2026-06-01 10:00:46,647 basehttp "GET /api/v1/financials/budgets/6/ HTTP/1.1" 500 22878
ERROR 2026-06-01 10:00:46,647 basehttp "GET /api/v1/financials/budgets/6/ HTTP/1.1" 500 22878
INFO 2026-06-01 10:01:25,004 basehttp "DELETE /api/v1/financials/budgets/3/ HTTP/1.1" 204 0
INFO 2026-06-01 10:01:25,004 basehttp "DELETE /api/v1/financials/budgets/3/ HTTP/1.1" 204 0
INFO 2026-06-01 10:06:52,142 autoreload /Users/j/Desktop/BizSMART/Backend/financials/serializers.py changed, reloading.
INFO 2026-06-01 10:06:52,142 autoreload /Users/j/Desktop/BizSMART/Backend/financials/serializers.py changed, reloading.
INFO 2026-06-01 10:06:53,981 autoreload Watching for file changes with StatReloader
INFO 2026-06-01 10:06:53,981 autoreload Watching for file changes with StatReloader
INFO 2026-06-01 10:07:40,098 autoreload Watching for file changes with StatReloader
INFO 2026-06-01 10:07:40,098 autoreload Watching for file changes with StatReloader
INFO 2026-06-01 10:07:57,565 basehttp "GET /api/docs/ HTTP/1.1" 200 4645
INFO 2026-06-01 10:07:57,565 basehttp "GET /api/docs/ HTTP/1.1" 200 4645
INFO 2026-06-01 10:07:59,226 basehttp "GET /api/schema/ HTTP/1.1" 200 385647
INFO 2026-06-01 10:07:59,226 basehttp "GET /api/schema/ HTTP/1.1" 200 385647
INFO 2026-06-01 10:08:28,082 basehttp "POST /api/v1/auth/login/ HTTP/1.1" 200 808
INFO 2026-06-01 10:08:28,082 basehttp "POST /api/v1/auth/login/ HTTP/1.1" 200 808
INFO 2026-06-01 10:08:52,317 basehttp "GET /api/v1/financials/budgets/ HTTP/1.1" 200 2756
INFO 2026-06-01 10:08:52,317 basehttp "GET /api/v1/financials/budgets/ HTTP/1.1" 200 2756
INFO 2026-06-01 10:09:09,149 basehttp "GET /api/v1/financials/budgets/7/ HTTP/1.1" 200 488
INFO 2026-06-01 10:09:09,149 basehttp "GET /api/v1/financials/budgets/7/ HTTP/1.1" 200 488
INFO 2026-06-01 10:09:32,559 basehttp "GET /api/v1/financials/budgets/4/ HTTP/1.1" 200 3663
INFO 2026-06-01 10:09:32,559 basehttp "GET /api/v1/financials/budgets/4/ HTTP/1.1" 200 3663
INFO 2026-06-01 10:10:36,089 basehttp "OPTIONS /api/v1/financials/transactions/?page=1&page_size=20 HTTP/1.1" 200 0
INFO 2026-06-01 10:10:36,089 basehttp "OPTIONS /api/v1/financials/transactions/?page=1&page_size=20 HTTP/1.1" 200 0
INFO 2026-06-01 10:10:36,100 basehttp "OPTIONS /api/v1/financials/transactions/?page=1&page_size=20 HTTP/1.1" 200 0
INFO 2026-06-01 10:10:36,100 basehttp "OPTIONS /api/v1/financials/transactions/?page=1&page_size=20 HTTP/1.1" 200 0
WARNING 2026-06-01 10:10:36,103 basehttp "GET /api/v1/financials/transactions/?page=1&page_size=20 HTTP/1.1" 401 183
WARNING 2026-06-01 10:10:36,103 basehttp "GET /api/v1/financials/transactions/?page=1&page_size=20 HTTP/1.1" 401 183
WARNING 2026-06-01 10:10:36,135 basehttp "GET /api/v1/financials/transactions/?page=1&page_size=20 HTTP/1.1" 401 183
WARNING 2026-06-01 10:10:36,135 basehttp "GET /api/v1/financials/transactions/?page=1&page_size=20 HTTP/1.1" 401 183
INFO 2026-06-01 10:10:36,157 basehttp "OPTIONS /api/v1/auth/refresh/ HTTP/1.1" 200 0
INFO 2026-06-01 10:10:36,157 basehttp "OPTIONS /api/v1/auth/refresh/ HTTP/1.1" 200 0
INFO 2026-06-01 10:10:36,347 basehttp "POST /api/v1/auth/refresh/ HTTP/1.1" 200 483
INFO 2026-06-01 10:10:36,347 basehttp "POST /api/v1/auth/refresh/ HTTP/1.1" 200 483
INFO 2026-06-01 10:10:36,408 basehttp "GET /api/v1/financials/transactions/?page=1&page_size=20 HTTP/1.1" 200 4540
INFO 2026-06-01 10:10:36,408 basehttp "GET /api/v1/financials/transactions/?page=1&page_size=20 HTTP/1.1" 200 4540
INFO 2026-06-01 10:10:36,540 basehttp "GET /api/v1/financials/transactions/?page=1&page_size=20 HTTP/1.1" 200 4540
INFO 2026-06-01 10:10:36,540 basehttp "GET /api/v1/financials/transactions/?page=1&page_size=20 HTTP/1.1" 200 4540
INFO 2026-06-01 10:10:43,953 basehttp "GET /api/v1/financials/budgets/?year=2026 HTTP/1.1" 200 2756
INFO 2026-06-01 10:10:43,953 basehttp "GET /api/v1/financials/budgets/?year=2026 HTTP/1.1" 200 2756
INFO 2026-06-01 10:10:44,035 basehttp "GET /api/v1/financials/budgets/?year=2026 HTTP/1.1" 200 2756
INFO 2026-06-01 10:10:44,035 basehttp "GET /api/v1/financials/budgets/?year=2026 HTTP/1.1" 200 2756
INFO 2026-06-01 10:10:53,158 basehttp "OPTIONS /api/v1/financials/budgets/4/vs-actual/ HTTP/1.1" 200 0
INFO 2026-06-01 10:10:53,158 basehttp "OPTIONS /api/v1/financials/budgets/4/vs-actual/ HTTP/1.1" 200 0
INFO 2026-06-01 10:10:53,244 basehttp "GET /api/v1/financials/budgets/4/vs-actual/ HTTP/1.1" 200 6013
INFO 2026-06-01 10:10:53,244 basehttp "GET /api/v1/financials/budgets/4/vs-actual/ HTTP/1.1" 200 6013
INFO 2026-06-01 10:10:54,160 basehttp "OPTIONS /api/v1/financials/budgets/4/ HTTP/1.1" 200 0
INFO 2026-06-01 10:10:54,160 basehttp "OPTIONS /api/v1/financials/budgets/4/ HTTP/1.1" 200 0
INFO 2026-06-01 10:10:54,252 basehttp "PATCH /api/v1/financials/budgets/4/ HTTP/1.1" 200 3665
INFO 2026-06-01 10:10:54,252 basehttp "PATCH /api/v1/financials/budgets/4/ HTTP/1.1" 200 3665
INFO 2026-06-01 10:10:54,316 basehttp "GET /api/v1/financials/budgets/4/vs-actual/ HTTP/1.1" 200 6013
INFO 2026-06-01 10:10:54,316 basehttp "GET /api/v1/financials/budgets/4/vs-actual/ HTTP/1.1" 200 6013
INFO 2026-06-01 10:10:54,326 basehttp "GET /api/v1/financials/budgets/?year=2026 HTTP/1.1" 200 2757
INFO 2026-06-01 10:10:54,326 basehttp "GET /api/v1/financials/budgets/?year=2026 HTTP/1.1" 200 2757
INFO 2026-06-01 10:11:58,822 basehttp "OPTIONS /api/v1/financials/budgets/6/vs-actual/ HTTP/1.1" 200 0
INFO 2026-06-01 10:11:58,822 basehttp "OPTIONS /api/v1/financials/budgets/6/vs-actual/ HTTP/1.1" 200 0
INFO 2026-06-01 10:11:58,936 basehttp "GET /api/v1/financials/budgets/6/vs-actual/ HTTP/1.1" 200 1147
INFO 2026-06-01 10:11:58,936 basehttp "GET /api/v1/financials/budgets/6/vs-actual/ HTTP/1.1" 200 1147
INFO 2026-06-01 10:13:33,871 basehttp "OPTIONS /api/v1/financials/budgets/1/vs-actual/ HTTP/1.1" 200 0
INFO 2026-06-01 10:13:33,871 basehttp "OPTIONS /api/v1/financials/budgets/1/vs-actual/ HTTP/1.1" 200 0
INFO 2026-06-01 10:13:33,934 basehttp "GET /api/v1/financials/budgets/1/vs-actual/ HTTP/1.1" 200 560
INFO 2026-06-01 10:13:33,934 basehttp "GET /api/v1/financials/budgets/1/vs-actual/ HTTP/1.1" 200 560
INFO 2026-06-01 10:13:35,157 basehttp "OPTIONS /api/v1/financials/budgets/1/ HTTP/1.1" 200 0
INFO 2026-06-01 10:13:35,157 basehttp "OPTIONS /api/v1/financials/budgets/1/ HTTP/1.1" 200 0
INFO 2026-06-01 10:13:35,207 basehttp "PATCH /api/v1/financials/budgets/1/ HTTP/1.1" 200 448
INFO 2026-06-01 10:13:35,207 basehttp "PATCH /api/v1/financials/budgets/1/ HTTP/1.1" 200 448
INFO 2026-06-01 10:13:35,275 basehttp "GET /api/v1/financials/budgets/1/vs-actual/ HTTP/1.1" 200 560
INFO 2026-06-01 10:13:35,275 basehttp "GET /api/v1/financials/budgets/1/vs-actual/ HTTP/1.1" 200 560
INFO 2026-06-01 10:13:35,303 basehttp "GET /api/v1/financials/budgets/?year=2026 HTTP/1.1" 200 2758
INFO 2026-06-01 10:13:35,303 basehttp "GET /api/v1/financials/budgets/?year=2026 HTTP/1.1" 200 2758
ERROR 2026-06-01 10:13:56,247 basehttp "PATCH /api/v1/financials/budgets/1/ HTTP/1.1" 500 222027
ERROR 2026-06-01 10:13:56,247 basehttp "PATCH /api/v1/financials/budgets/1/ HTTP/1.1" 500 222027
INFO 2026-06-01 10:14:09,710 basehttp "PATCH /api/v1/financials/budgets/1/ HTTP/1.1" 200 443
INFO 2026-06-01 10:14:09,710 basehttp "PATCH /api/v1/financials/budgets/1/ HTTP/1.1" 200 443
INFO 2026-06-01 10:14:09,812 basehttp "GET /api/v1/financials/budgets/?year=2026 HTTP/1.1" 200 2754
INFO 2026-06-01 10:14:09,812 basehttp "GET /api/v1/financials/budgets/?year=2026 HTTP/1.1" 200 2754
INFO 2026-06-01 10:18:07,979 basehttp "GET /api/v1/financials/budgets/7/vs-actual/ HTTP/1.1" 200 602
INFO 2026-06-01 10:18:07,979 basehttp "GET /api/v1/financials/budgets/7/vs-actual/ HTTP/1.1" 200 602
INFO 2026-06-01 10:18:09,176 basehttp "OPTIONS /api/v1/financials/budgets/7/ HTTP/1.1" 200 0
INFO 2026-06-01 10:18:09,176 basehttp "OPTIONS /api/v1/financials/budgets/7/ HTTP/1.1" 200 0
INFO 2026-06-01 10:18:09,235 basehttp "PATCH /api/v1/financials/budgets/7/ HTTP/1.1" 200 490
INFO 2026-06-01 10:18:09,235 basehttp "PATCH /api/v1/financials/budgets/7/ HTTP/1.1" 200 490
INFO 2026-06-01 10:18:09,407 basehttp "GET /api/v1/financials/budgets/?year=2026 HTTP/1.1" 200 2755
INFO 2026-06-01 10:18:09,411 basehttp "GET /api/v1/financials/budgets/7/vs-actual/ HTTP/1.1" 200 602
INFO 2026-06-01 10:18:09,407 basehttp "GET /api/v1/financials/budgets/?year=2026 HTTP/1.1" 200 2755
INFO 2026-06-01 10:18:09,411 basehttp "GET /api/v1/financials/budgets/7/vs-actual/ HTTP/1.1" 200 602
INFO 2026-06-01 10:18:13,263 basehttp "OPTIONS /api/v1/financials/budgets/?year=2026&status=active&period=monthly HTTP/1.1" 200 0
INFO 2026-06-01 10:18:13,264 basehttp "OPTIONS /api/v1/financials/budgets/?year=2026&status=active&period=monthly HTTP/1.1" 200 0
INFO 2026-06-01 10:18:13,264 basehttp "OPTIONS /api/v1/financials/budgets/?year=2026&status=active&period=monthly HTTP/1.1" 200 0
INFO 2026-06-01 10:18:13,263 basehttp "OPTIONS /api/v1/financials/budgets/?year=2026&status=active&period=monthly HTTP/1.1" 200 0
INFO 2026-06-01 10:18:13,349 basehttp "GET /api/v1/financials/budgets/?year=2026&status=active&period=monthly HTTP/1.1" 200 2755
INFO 2026-06-01 10:18:13,349 basehttp "GET /api/v1/financials/budgets/?year=2026&status=active&period=monthly HTTP/1.1" 200 2755
INFO 2026-06-01 10:18:13,579 basehttp "GET /api/v1/financials/budgets/?year=2026&status=active&period=monthly HTTP/1.1" 200 2755
INFO 2026-06-01 10:18:13,579 basehttp "GET /api/v1/financials/budgets/?year=2026&status=active&period=monthly HTTP/1.1" 200 2755
INFO 2026-06-01 10:18:13,603 basehttp "GET /api/v1/financials/budgets/2/vs-actual/ HTTP/1.1" 200 565
INFO 2026-06-01 10:18:13,610 basehttp "OPTIONS /api/v1/financials/cash-flow/ HTTP/1.1" 200 0
INFO 2026-06-01 10:18:13,611 basehttp "OPTIONS /api/v1/bi/trends/?days=30 HTTP/1.1" 200 0
INFO 2026-06-01 10:18:13,620 basehttp "OPTIONS /api/v1/financials/transactions/ HTTP/1.1" 200 0
INFO 2026-06-01 10:18:13,603 basehttp "GET /api/v1/financials/budgets/2/vs-actual/ HTTP/1.1" 200 565
INFO 2026-06-01 10:18:13,630 basehttp "OPTIONS /api/v1/sales/customers/ HTTP/1.1" 200 0
INFO 2026-06-01 10:18:13,610 basehttp "OPTIONS /api/v1/financials/cash-flow/ HTTP/1.1" 200 0
INFO 2026-06-01 10:18:13,611 basehttp "OPTIONS /api/v1/bi/trends/?days=30 HTTP/1.1" 200 0
INFO 2026-06-01 10:18:13,620 basehttp "OPTIONS /api/v1/financials/transactions/ HTTP/1.1" 200 0
INFO 2026-06-01 10:18:13,632 basehttp "OPTIONS /api/v1/bi/profit-loss/ HTTP/1.1" 200 0
INFO 2026-06-01 10:18:13,632 basehttp "OPTIONS /api/v1/bi/profit-loss/ HTTP/1.1" 200 0
INFO 2026-06-01 10:18:13,642 basehttp "OPTIONS /api/v1/financials/loans/ HTTP/1.1" 200 0
INFO 2026-06-01 10:18:13,655 basehttp "OPTIONS /api/v1/financials/petty-cash/ HTTP/1.1" 200 0
INFO 2026-06-01 10:18:13,655 basehttp "OPTIONS /api/v1/financials/petty-cash/ HTTP/1.1" 200 0
INFO 2026-06-01 10:18:13,630 basehttp "OPTIONS /api/v1/sales/customers/ HTTP/1.1" 200 0
INFO 2026-06-01 10:18:13,642 basehttp "OPTIONS /api/v1/financials/loans/ HTTP/1.1" 200 0
INFO 2026-06-01 10:18:13,699 basehttp "OPTIONS /api/v1/financials/invoices/ HTTP/1.1" 200 0
INFO 2026-06-01 10:18:13,699 basehttp "OPTIONS /api/v1/financials/invoices/ HTTP/1.1" 200 0
INFO 2026-06-01 10:18:13,702 basehttp "OPTIONS /api/v1/sales/sales/?page_size=500 HTTP/1.1" 200 0
INFO 2026-06-01 10:18:13,702 basehttp "OPTIONS /api/v1/sales/sales/?page_size=500 HTTP/1.1" 200 0
INFO 2026-06-01 10:18:13,871 basehttp "GET /api/v1/financials/cash-flow/ HTTP/1.1" 200 1961
INFO 2026-06-01 10:18:13,871 basehttp "GET /api/v1/financials/cash-flow/ HTTP/1.1" 200 1961
INFO 2026-06-01 10:18:13,883 basehttp "GET /api/v1/hr/payroll/ HTTP/1.1" 200 4108
INFO 2026-06-01 10:18:13,883 basehttp "GET /api/v1/hr/payroll/ HTTP/1.1" 200 4108
INFO 2026-06-01 10:18:13,981 basehttp "GET /api/v1/sales/customers/ HTTP/1.1" 200 2392
INFO 2026-06-01 10:18:13,981 basehttp "GET /api/v1/sales/customers/ HTTP/1.1" 200 2392
INFO 2026-06-01 10:18:14,014 basehttp "GET /api/v1/financials/budgets/2/vs-actual/ HTTP/1.1" 200 565
INFO 2026-06-01 10:18:14,014 basehttp "GET /api/v1/financials/budgets/2/vs-actual/ HTTP/1.1" 200 565
INFO 2026-06-01 10:18:14,089 basehttp "GET /api/v1/financials/transactions/ HTTP/1.1" 200 4527
INFO 2026-06-01 10:18:14,089 basehttp "GET /api/v1/financials/transactions/ HTTP/1.1" 200 4527
INFO 2026-06-01 10:18:14,146 basehttp "GET /api/v1/bi/trends/?days=30 HTTP/1.1" 200 2682
INFO 2026-06-01 10:18:14,146 basehttp "GET /api/v1/bi/trends/?days=30 HTTP/1.1" 200 2682
INFO 2026-06-01 10:18:14,272 basehttp "GET /api/v1/financials/cash-flow/ HTTP/1.1" 200 1961
INFO 2026-06-01 10:18:14,272 basehttp "GET /api/v1/financials/cash-flow/ HTTP/1.1" 200 1961
INFO 2026-06-01 10:18:14,322 basehttp "GET /api/v1/financials/loans/ HTTP/1.1" 200 473
INFO 2026-06-01 10:18:14,322 basehttp "GET /api/v1/financials/loans/ HTTP/1.1" 200 473
INFO 2026-06-01 10:18:14,412 basehttp "GET /api/v1/financials/petty-cash/ HTTP/1.1" 200 263
INFO 2026-06-01 10:18:14,421 basehttp "GET /api/v1/financials/invoices/ HTTP/1.1" 200 3624
INFO 2026-06-01 10:18:14,412 basehttp "GET /api/v1/financials/petty-cash/ HTTP/1.1" 200 263
INFO 2026-06-01 10:18:14,421 basehttp "GET /api/v1/financials/invoices/ HTTP/1.1" 200 3624
INFO 2026-06-01 10:18:14,470 basehttp "GET /api/v1/bi/profit-loss/ HTTP/1.1" 200 710
INFO 2026-06-01 10:18:14,470 basehttp "GET /api/v1/bi/profit-loss/ HTTP/1.1" 200 710
INFO 2026-06-01 10:18:14,475 basehttp "GET /api/v1/sales/sales/?page_size=500 HTTP/1.1" 200 8570
INFO 2026-06-01 10:18:14,475 basehttp "GET /api/v1/sales/sales/?page_size=500 HTTP/1.1" 200 8570
INFO 2026-06-01 10:18:14,644 basehttp "GET /api/v1/financials/loans/ HTTP/1.1" 200 473
INFO 2026-06-01 10:18:14,672 basehttp "GET /api/v1/sales/customers/ HTTP/1.1" 200 2392
INFO 2026-06-01 10:18:14,644 basehttp "GET /api/v1/financials/loans/ HTTP/1.1" 200 473
INFO 2026-06-01 10:18:14,672 basehttp "GET /api/v1/sales/customers/ HTTP/1.1" 200 2392
INFO 2026-06-01 10:18:14,767 basehttp "GET /api/v1/bi/trends/?days=30 HTTP/1.1" 200 2682
INFO 2026-06-01 10:18:14,767 basehttp "GET /api/v1/bi/trends/?days=30 HTTP/1.1" 200 2682
INFO 2026-06-01 10:18:14,811 basehttp "GET /api/v1/financials/transactions/ HTTP/1.1" 200 4527
INFO 2026-06-01 10:18:14,811 basehttp "GET /api/v1/financials/transactions/ HTTP/1.1" 200 4527
INFO 2026-06-01 10:18:14,827 basehttp "GET /api/v1/hr/payroll/ HTTP/1.1" 200 4108
INFO 2026-06-01 10:18:14,834 basehttp "GET /api/v1/bi/profit-loss/ HTTP/1.1" 200 710
INFO 2026-06-01 10:18:14,827 basehttp "GET /api/v1/hr/payroll/ HTTP/1.1" 200 4108
INFO 2026-06-01 10:18:14,863 basehttp "GET /api/v1/financials/petty-cash/ HTTP/1.1" 200 263
INFO 2026-06-01 10:18:14,834 basehttp "GET /api/v1/bi/profit-loss/ HTTP/1.1" 200 710
INFO 2026-06-01 10:18:14,863 basehttp "GET /api/v1/financials/petty-cash/ HTTP/1.1" 200 263
INFO 2026-06-01 10:18:14,946 basehttp "GET /api/v1/sales/sales/?page_size=500 HTTP/1.1" 200 8570
INFO 2026-06-01 10:18:14,946 basehttp "GET /api/v1/sales/sales/?page_size=500 HTTP/1.1" 200 8570
INFO 2026-06-01 10:18:15,022 basehttp "GET /api/v1/financials/invoices/ HTTP/1.1" 200 3624
INFO 2026-06-01 10:18:15,022 basehttp "GET /api/v1/financials/invoices/ HTTP/1.1" 200 3624
INFO 2026-06-01 10:19:30,955 basehttp "OPTIONS /api/v1/financials/budgets/?year=2026&status=active&period=quarterly&quarter=2 HTTP/1.1" 200 0
INFO 2026-06-01 10:19:30,955 basehttp "OPTIONS /api/v1/financials/budgets/?year=2026&status=active&period=quarterly&quarter=2 HTTP/1.1" 200 0
INFO 2026-06-01 10:19:31,024 basehttp "GET /api/v1/financials/budgets/?year=2026&status=active&period=quarterly&quarter=2 HTTP/1.1" 200 2755
INFO 2026-06-01 10:19:31,024 basehttp "GET /api/v1/financials/budgets/?year=2026&status=active&period=quarterly&quarter=2 HTTP/1.1" 200 2755
INFO 2026-06-01 10:19:31,067 basehttp "GET /api/v1/financials/budgets/2/vs-actual/ HTTP/1.1" 200 565
INFO 2026-06-01 10:19:31,067 basehttp "GET /api/v1/financials/budgets/2/vs-actual/ HTTP/1.1" 200 565
INFO 2026-06-01 10:19:31,191 basehttp "GET /api/v1/bi/trends/?days=30 HTTP/1.1" 200 2682
INFO 2026-06-01 10:19:31,191 basehttp "GET /api/v1/bi/trends/?days=30 HTTP/1.1" 200 2682
INFO 2026-06-01 10:19:31,212 basehttp "GET /api/v1/financials/loans/ HTTP/1.1" 200 473
INFO 2026-06-01 10:19:31,229 basehttp "GET /api/v1/sales/customers/ HTTP/1.1" 200 2392
INFO 2026-06-01 10:19:31,212 basehttp "GET /api/v1/financials/loans/ HTTP/1.1" 200 473
INFO 2026-06-01 10:19:31,229 basehttp "GET /api/v1/sales/customers/ HTTP/1.1" 200 2392
INFO 2026-06-01 10:19:31,305 basehttp "GET /api/v1/financials/cash-flow/ HTTP/1.1" 200 1961
INFO 2026-06-01 10:19:31,305 basehttp "GET /api/v1/financials/cash-flow/ HTTP/1.1" 200 1961
INFO 2026-06-01 10:19:31,380 basehttp "GET /api/v1/financials/petty-cash/ HTTP/1.1" 200 263
INFO 2026-06-01 10:19:31,380 basehttp "GET /api/v1/financials/petty-cash/ HTTP/1.1" 200 263
INFO 2026-06-01 10:19:31,398 basehttp "GET /api/v1/financials/transactions/ HTTP/1.1" 200 4527
INFO 2026-06-01 10:19:31,398 basehttp "GET /api/v1/financials/transactions/ HTTP/1.1" 200 4527
INFO 2026-06-01 10:19:31,470 basehttp "GET /api/v1/sales/sales/?page_size=500 HTTP/1.1" 200 8570
INFO 2026-06-01 10:19:31,470 basehttp "GET /api/v1/sales/sales/?page_size=500 HTTP/1.1" 200 8570
INFO 2026-06-01 10:19:31,526 basehttp "GET /api/v1/bi/profit-loss/ HTTP/1.1" 200 710
INFO 2026-06-01 10:19:31,526 basehttp "GET /api/v1/bi/profit-loss/ HTTP/1.1" 200 710
INFO 2026-06-01 10:19:31,535 basehttp "GET /api/v1/hr/payroll/ HTTP/1.1" 200 4108
INFO 2026-06-01 10:19:31,535 basehttp "GET /api/v1/hr/payroll/ HTTP/1.1" 200 4108
INFO 2026-06-01 10:19:31,591 basehttp "GET /api/v1/financials/invoices/ HTTP/1.1" 200 3624
INFO 2026-06-01 10:19:31,591 basehttp "GET /api/v1/financials/invoices/ HTTP/1.1" 200 3624
INFO 2026-06-01 10:19:34,323 basehttp "GET /api/v1/financials/budgets/?year=2026&status=active&period=monthly HTTP/1.1" 200 2755
INFO 2026-06-01 10:19:34,323 basehttp "GET /api/v1/financials/budgets/?year=2026&status=active&period=monthly HTTP/1.1" 200 2755
INFO 2026-06-01 10:19:34,347 basehttp "GET /api/v1/financials/budgets/2/vs-actual/ HTTP/1.1" 200 565
INFO 2026-06-01 10:19:34,347 basehttp "GET /api/v1/financials/budgets/2/vs-actual/ HTTP/1.1" 200 565
INFO 2026-06-01 10:19:34,424 basehttp "GET /api/v1/bi/profit-loss/ HTTP/1.1" 200 710
INFO 2026-06-01 10:19:34,424 basehttp "GET /api/v1/bi/profit-loss/ HTTP/1.1" 200 710
INFO 2026-06-01 10:19:34,464 basehttp "GET /api/v1/bi/trends/?days=30 HTTP/1.1" 200 2682
INFO 2026-06-01 10:19:34,464 basehttp "GET /api/v1/bi/trends/?days=30 HTTP/1.1" 200 2682
INFO 2026-06-01 10:19:34,493 basehttp "GET /api/v1/financials/loans/ HTTP/1.1" 200 473
INFO 2026-06-01 10:19:34,493 basehttp "GET /api/v1/financials/loans/ HTTP/1.1" 200 473
INFO 2026-06-01 10:19:34,518 basehttp "GET /api/v1/financials/cash-flow/ HTTP/1.1" 200 1961
INFO 2026-06-01 10:19:34,518 basehttp "GET /api/v1/financials/cash-flow/ HTTP/1.1" 200 1961
INFO 2026-06-01 10:19:34,534 basehttp "GET /api/v1/sales/customers/ HTTP/1.1" 200 2392
INFO 2026-06-01 10:19:34,537 basehttp "GET /api/v1/financials/transactions/ HTTP/1.1" 200 4527
INFO 2026-06-01 10:19:34,534 basehttp "GET /api/v1/sales/customers/ HTTP/1.1" 200 2392
INFO 2026-06-01 10:19:34,537 basehttp "GET /api/v1/financials/transactions/ HTTP/1.1" 200 4527
INFO 2026-06-01 10:19:34,585 basehttp "GET /api/v1/financials/petty-cash/ HTTP/1.1" 200 263
INFO 2026-06-01 10:19:34,585 basehttp "GET /api/v1/financials/petty-cash/ HTTP/1.1" 200 263
INFO 2026-06-01 10:19:34,656 basehttp "GET /api/v1/hr/payroll/ HTTP/1.1" 200 4108
INFO 2026-06-01 10:19:34,656 basehttp "GET /api/v1/hr/payroll/ HTTP/1.1" 200 4108
INFO 2026-06-01 10:19:34,664 basehttp "GET /api/v1/financials/invoices/ HTTP/1.1" 200 3624
INFO 2026-06-01 10:19:34,664 basehttp "GET /api/v1/financials/invoices/ HTTP/1.1" 200 3624
INFO 2026-06-01 10:19:34,690 basehttp "GET /api/v1/sales/sales/?page_size=500 HTTP/1.1" 200 8570
INFO 2026-06-01 10:19:34,690 basehttp "GET /api/v1/sales/sales/?page_size=500 HTTP/1.1" 200 8570
INFO 2026-06-01 10:20:34,096 basehttp "GET /api/v1/financials/transactions/?page=1&page_size=20 HTTP/1.1" 200 4540
INFO 2026-06-01 10:20:34,096 basehttp "GET /api/v1/financials/transactions/?page=1&page_size=20 HTTP/1.1" 200 4540
INFO 2026-06-01 10:20:34,263 basehttp "GET /api/v1/financials/transactions/?page=1&page_size=20 HTTP/1.1" 200 4540
INFO 2026-06-01 10:20:34,263 basehttp "GET /api/v1/financials/transactions/?page=1&page_size=20 HTTP/1.1" 200 4540
INFO 2026-06-01 10:20:54,868 basehttp "OPTIONS /api/v1/financials/transactions/?page=2&page_size=20 HTTP/1.1" 200 0
INFO 2026-06-01 10:20:54,868 basehttp "OPTIONS /api/v1/financials/transactions/?page=2&page_size=20 HTTP/1.1" 200 0
INFO 2026-06-01 10:20:54,910 basehttp "GET /api/v1/financials/transactions/?page=2&page_size=20 HTTP/1.1" 200 4575
INFO 2026-06-01 10:20:54,910 basehttp "GET /api/v1/financials/transactions/?page=2&page_size=20 HTTP/1.1" 200 4575
INFO 2026-06-01 10:20:58,571 basehttp "OPTIONS /api/v1/financials/transactions/?page=3&page_size=20 HTTP/1.1" 200 0
INFO 2026-06-01 10:20:58,571 basehttp "OPTIONS /api/v1/financials/transactions/?page=3&page_size=20 HTTP/1.1" 200 0
INFO 2026-06-01 10:20:58,606 basehttp "GET /api/v1/financials/transactions/?page=3&page_size=20 HTTP/1.1" 200 4609
INFO 2026-06-01 10:20:58,606 basehttp "GET /api/v1/financials/transactions/?page=3&page_size=20 HTTP/1.1" 200 4609
INFO 2026-06-01 10:21:07,308 basehttp "GET /api/v1/financials/transactions/?page=2&page_size=20 HTTP/1.1" 200 4575
INFO 2026-06-01 10:21:07,308 basehttp "GET /api/v1/financials/transactions/?page=2&page_size=20 HTTP/1.1" 200 4575
INFO 2026-06-01 10:21:11,588 basehttp "GET /api/v1/financials/transactions/?page=1&page_size=20 HTTP/1.1" 200 4540
INFO 2026-06-01 10:21:11,588 basehttp "GET /api/v1/financials/transactions/?page=1&page_size=20 HTTP/1.1" 200 4540
INFO 2026-06-01 10:21:19,523 basehttp "GET /api/v1/financials/transactions/?page=2&page_size=20 HTTP/1.1" 200 4575
INFO 2026-06-01 10:21:19,523 basehttp "GET /api/v1/financials/transactions/?page=2&page_size=20 HTTP/1.1" 200 4575
INFO 2026-06-01 10:21:23,755 basehttp "GET /api/v1/financials/transactions/?page=3&page_size=20 HTTP/1.1" 200 4609
INFO 2026-06-01 10:21:23,755 basehttp "GET /api/v1/financials/transactions/?page=3&page_size=20 HTTP/1.1" 200 4609
INFO 2026-06-01 10:22:14,928 basehttp "OPTIONS /api/v1/bi/dashboard/ HTTP/1.1" 200 0
INFO 2026-06-01 10:22:14,930 basehttp "OPTIONS /api/v1/inventory/products/low-stock/ HTTP/1.1" 200 0
INFO 2026-06-01 10:22:14,928 basehttp "OPTIONS /api/v1/bi/dashboard/ HTTP/1.1" 200 0
INFO 2026-06-01 10:22:14,934 basehttp "OPTIONS /api/v1/inventory/products/low-stock/ HTTP/1.1" 200 0
INFO 2026-06-01 10:22:14,930 basehttp "OPTIONS /api/v1/inventory/products/low-stock/ HTTP/1.1" 200 0
INFO 2026-06-01 10:22:14,941 basehttp "OPTIONS /api/v1/bi/dashboard/ HTTP/1.1" 200 0
INFO 2026-06-01 10:22:14,934 basehttp "OPTIONS /api/v1/inventory/products/low-stock/ HTTP/1.1" 200 0
INFO 2026-06-01 10:22:14,941 basehttp "OPTIONS /api/v1/bi/dashboard/ HTTP/1.1" 200 0
INFO 2026-06-01 10:22:15,069 basehttp "GET /api/v1/bi/trends/?days=30 HTTP/1.1" 200 2682
INFO 2026-06-01 10:22:15,069 basehttp "GET /api/v1/bi/trends/?days=30 HTTP/1.1" 200 2682
INFO 2026-06-01 10:22:15,072 basehttp "GET /api/v1/inventory/products/low-stock/ HTTP/1.1" 200 25
INFO 2026-06-01 10:22:15,072 basehttp "GET /api/v1/inventory/products/low-stock/ HTTP/1.1" 200 25
INFO 2026-06-01 10:22:15,096 basehttp "GET /api/v1/financials/cash-flow/ HTTP/1.1" 200 1961
INFO 2026-06-01 10:22:15,096 basehttp "GET /api/v1/financials/cash-flow/ HTTP/1.1" 200 1961
INFO 2026-06-01 10:22:15,232 basehttp "GET /api/v1/bi/trends/?days=30 HTTP/1.1" 200 2682
INFO 2026-06-01 10:22:15,232 basehttp "GET /api/v1/bi/trends/?days=30 HTTP/1.1" 200 2682
INFO 2026-06-01 10:22:15,258 basehttp "GET /api/v1/inventory/products/low-stock/ HTTP/1.1" 200 25
INFO 2026-06-01 10:22:15,258 basehttp "GET /api/v1/inventory/products/low-stock/ HTTP/1.1" 200 25
INFO 2026-06-01 10:22:15,278 basehttp "GET /api/v1/financials/cash-flow/ HTTP/1.1" 200 1961
INFO 2026-06-01 10:22:15,278 basehttp "GET /api/v1/financials/cash-flow/ HTTP/1.1" 200 1961
INFO 2026-06-01 10:22:15,292 basehttp "GET /api/v1/bi/dashboard/ HTTP/1.1" 200 628
INFO 2026-06-01 10:22:15,292 basehttp "GET /api/v1/bi/dashboard/ HTTP/1.1" 200 628
INFO 2026-06-01 10:22:15,498 basehttp "GET /api/v1/bi/dashboard/ HTTP/1.1" 200 628
INFO 2026-06-01 10:22:15,498 basehttp "GET /api/v1/bi/dashboard/ HTTP/1.1" 200 628
INFO 2026-06-01 10:22:39,822 basehttp "GET /api/v1/sales/sales/?start_date=2026-06-01&end_date=2026-06-01&page_size=100 HTTP/1.1" 200 52
INFO 2026-06-01 10:22:39,822 basehttp "GET /api/v1/sales/sales/?start_date=2026-06-01&end_date=2026-06-01&page_size=100 HTTP/1.1" 200 52
INFO 2026-06-01 10:22:39,850 basehttp "GET /api/v1/financials/transactions/?start_date=2026-06-01&end_date=2026-06-01&page_size=100 HTTP/1.1" 200 4583
INFO 2026-06-01 10:22:39,850 basehttp "GET /api/v1/financials/transactions/?start_date=2026-06-01&end_date=2026-06-01&page_size=100 HTTP/1.1" 200 4583
INFO 2026-06-01 10:22:39,869 basehttp "GET /api/v1/financials/petty-cash/?start_date=2026-06-01&end_date=2026-06-01&page_size=100 HTTP/1.1" 200 263
INFO 2026-06-01 10:22:39,869 basehttp "GET /api/v1/financials/petty-cash/?start_date=2026-06-01&end_date=2026-06-01&page_size=100 HTTP/1.1" 200 263
INFO 2026-06-01 10:22:39,951 basehttp "GET /api/v1/hr/payroll/ HTTP/1.1" 200 4108
INFO 2026-06-01 10:22:39,952 basehttp "GET /api/v1/sales/sales/?start_date=2026-06-01&end_date=2026-06-01&page_size=100 HTTP/1.1" 200 52
INFO 2026-06-01 10:22:39,951 basehttp "GET /api/v1/hr/payroll/ HTTP/1.1" 200 4108
INFO 2026-06-01 10:22:39,952 basehttp "GET /api/v1/sales/sales/?start_date=2026-06-01&end_date=2026-06-01&page_size=100 HTTP/1.1" 200 52
INFO 2026-06-01 10:22:39,988 basehttp "GET /api/v1/financials/transactions/?start_date=2026-06-01&end_date=2026-06-01&page_size=100 HTTP/1.1" 200 4583
INFO 2026-06-01 10:22:39,988 basehttp "GET /api/v1/financials/transactions/?start_date=2026-06-01&end_date=2026-06-01&page_size=100 HTTP/1.1" 200 4583
INFO 2026-06-01 10:22:40,003 basehttp "GET /api/v1/financials/petty-cash/?start_date=2026-06-01&end_date=2026-06-01&page_size=100 HTTP/1.1" 200 263
INFO 2026-06-01 10:22:40,003 basehttp "GET /api/v1/financials/petty-cash/?start_date=2026-06-01&end_date=2026-06-01&page_size=100 HTTP/1.1" 200 263
INFO 2026-06-01 10:22:40,048 basehttp "GET /api/v1/financials/invoices/?status=paid&start_date=2026-06-01&end_date=2026-06-01&page_size=100 HTTP/1.1" 200 3624
INFO 2026-06-01 10:22:40,048 basehttp "GET /api/v1/financials/invoices/?status=paid&start_date=2026-06-01&end_date=2026-06-01&page_size=100 HTTP/1.1" 200 3624
INFO 2026-06-01 10:22:40,107 basehttp "GET /api/v1/hr/payroll/ HTTP/1.1" 200 4108
INFO 2026-06-01 10:22:40,107 basehttp "GET /api/v1/hr/payroll/ HTTP/1.1" 200 4108
INFO 2026-06-01 10:22:40,153 basehttp "GET /api/v1/financials/invoices/?status=paid&start_date=2026-06-01&end_date=2026-06-01&page_size=100 HTTP/1.1" 200 3624
INFO 2026-06-01 10:22:40,153 basehttp "GET /api/v1/financials/invoices/?status=paid&start_date=2026-06-01&end_date=2026-06-01&page_size=100 HTTP/1.1" 200 3624
WARNING 2026-06-01 10:32:36,739 basehttp "POST /api/v1/auth/refresh/ HTTP/1.1" 401 58
WARNING 2026-06-01 10:32:36,740 basehttp "POST /api/v1/auth/refresh/ HTTP/1.1" 401 58
WARNING 2026-06-01 10:32:36,740 basehttp "POST /api/v1/auth/refresh/ HTTP/1.1" 401 58
WARNING 2026-06-01 10:32:36,739 basehttp "POST /api/v1/auth/refresh/ HTTP/1.1" 401 58
WARNING 2026-06-01 10:32:36,785 basehttp "POST /api/v1/auth/refresh/ HTTP/1.1" 401 58
WARNING 2026-06-01 10:32:36,785 basehttp "POST /api/v1/auth/refresh/ HTTP/1.1" 401 58
INFO 2026-06-01 10:32:55,718 basehttp "POST /api/v1/auth/login/ HTTP/1.1" 200 808
INFO 2026-06-01 10:32:55,718 basehttp "POST /api/v1/auth/login/ HTTP/1.1" 200 808
INFO 2026-06-01 10:32:56,828 basehttp "GET /api/v1/financials/transactions/?start_date=2026-06-01&end_date=2026-06-01&page_size=100 HTTP/1.1" 200 4583
INFO 2026-06-01 10:32:56,828 basehttp "GET /api/v1/financials/transactions/?start_date=2026-06-01&end_date=2026-06-01&page_size=100 HTTP/1.1" 200 4583
INFO 2026-06-01 10:32:56,869 basehttp "GET /api/v1/financials/petty-cash/?start_date=2026-06-01&end_date=2026-06-01&page_size=100 HTTP/1.1" 200 263
INFO 2026-06-01 10:32:56,869 basehttp "GET /api/v1/financials/petty-cash/?start_date=2026-06-01&end_date=2026-06-01&page_size=100 HTTP/1.1" 200 263
INFO 2026-06-01 10:32:56,901 basehttp "GET /api/v1/sales/sales/?start_date=2026-06-01&end_date=2026-06-01&page_size=100 HTTP/1.1" 200 52
INFO 2026-06-01 10:32:56,901 basehttp "GET /api/v1/sales/sales/?start_date=2026-06-01&end_date=2026-06-01&page_size=100 HTTP/1.1" 200 52
INFO 2026-06-01 10:32:56,976 basehttp "GET /api/v1/financials/petty-cash/?start_date=2026-06-01&end_date=2026-06-01&page_size=100 HTTP/1.1" 200 263
INFO 2026-06-01 10:32:56,976 basehttp "GET /api/v1/financials/petty-cash/?start_date=2026-06-01&end_date=2026-06-01&page_size=100 HTTP/1.1" 200 263
INFO 2026-06-01 10:32:57,018 basehttp "GET /api/v1/sales/sales/?start_date=2026-06-01&end_date=2026-06-01&page_size=100 HTTP/1.1" 200 52
INFO 2026-06-01 10:32:57,018 basehttp "GET /api/v1/sales/sales/?start_date=2026-06-01&end_date=2026-06-01&page_size=100 HTTP/1.1" 200 52
INFO 2026-06-01 10:32:57,040 basehttp "GET /api/v1/financials/transactions/?start_date=2026-06-01&end_date=2026-06-01&page_size=100 HTTP/1.1" 200 4583
INFO 2026-06-01 10:32:57,040 basehttp "GET /api/v1/financials/transactions/?start_date=2026-06-01&end_date=2026-06-01&page_size=100 HTTP/1.1" 200 4583
INFO 2026-06-01 10:32:57,052 basehttp "GET /api/v1/hr/payroll/ HTTP/1.1" 200 4108
INFO 2026-06-01 10:32:57,052 basehttp "GET /api/v1/hr/payroll/ HTTP/1.1" 200 4108
INFO 2026-06-01 10:32:57,178 basehttp "GET /api/v1/financials/invoices/?status=paid&start_date=2026-06-01&end_date=2026-06-01&page_size=100 HTTP/1.1" 200 3624
INFO 2026-06-01 10:32:57,178 basehttp "GET /api/v1/financials/invoices/?status=paid&start_date=2026-06-01&end_date=2026-06-01&page_size=100 HTTP/1.1" 200 3624
INFO 2026-06-01 10:32:57,272 basehttp "GET /api/v1/hr/payroll/ HTTP/1.1" 200 4108
INFO 2026-06-01 10:32:57,272 basehttp "GET /api/v1/hr/payroll/ HTTP/1.1" 200 4108
INFO 2026-06-01 10:32:57,328 basehttp "GET /api/v1/financials/invoices/?status=paid&start_date=2026-06-01&end_date=2026-06-01&page_size=100 HTTP/1.1" 200 3624
INFO 2026-06-01 10:32:57,328 basehttp "GET /api/v1/financials/invoices/?status=paid&start_date=2026-06-01&end_date=2026-06-01&page_size=100 HTTP/1.1" 200 3624
INFO 2026-06-01 10:33:07,111 basehttp "GET /api/v1/financials/budgets/?year=2026 HTTP/1.1" 200 2755
INFO 2026-06-01 10:33:07,111 basehttp "GET /api/v1/financials/budgets/?year=2026 HTTP/1.1" 200 2755
INFO 2026-06-01 10:33:07,187 basehttp "GET /api/v1/financials/budgets/?year=2026 HTTP/1.1" 200 2755
INFO 2026-06-01 10:33:07,187 basehttp "GET /api/v1/financials/budgets/?year=2026 HTTP/1.1" 200 2755
INFO 2026-06-01 10:33:10,925 basehttp "GET /api/v1/financials/budgets/2/vs-actual/ HTTP/1.1" 200 565
INFO 2026-06-01 10:33:10,925 basehttp "GET /api/v1/financials/budgets/2/vs-actual/ HTTP/1.1" 200 565
INFO 2026-06-01 10:33:14,069 basehttp "PATCH /api/v1/financials/budgets/2/ HTTP/1.1" 200 453
INFO 2026-06-01 10:33:14,069 basehttp "PATCH /api/v1/financials/budgets/2/ HTTP/1.1" 200 453
INFO 2026-06-01 10:33:14,091 basehttp "GET /api/v1/financials/budgets/2/vs-actual/ HTTP/1.1" 200 565
INFO 2026-06-01 10:33:14,091 basehttp "GET /api/v1/financials/budgets/2/vs-actual/ HTTP/1.1" 200 565
INFO 2026-06-01 10:33:14,148 basehttp "GET /api/v1/financials/budgets/?year=2026 HTTP/1.1" 200 2756
INFO 2026-06-01 10:33:14,148 basehttp "GET /api/v1/financials/budgets/?year=2026 HTTP/1.1" 200 2756
INFO 2026-06-01 10:33:34,984 basehttp "GET /api/v1/financials/budgets/4/vs-actual/ HTTP/1.1" 200 6015
INFO 2026-06-01 10:33:34,984 basehttp "GET /api/v1/financials/budgets/4/vs-actual/ HTTP/1.1" 200 6015
INFO 2026-06-01 10:41:32,846 basehttp "GET /api/v1/financials/budgets/?year=2026 HTTP/1.1" 200 2756
INFO 2026-06-01 10:41:32,846 basehttp "GET /api/v1/financials/budgets/?year=2026 HTTP/1.1" 200 2756
INFO 2026-06-01 10:41:32,940 basehttp "GET /api/v1/financials/budgets/?year=2026 HTTP/1.1" 200 2756
INFO 2026-06-01 10:41:32,940 basehttp "GET /api/v1/financials/budgets/?year=2026 HTTP/1.1" 200 2756
INFO 2026-06-01 10:41:55,144 basehttp "OPTIONS /api/v1/financials/loans/?page=1&page_size=20 HTTP/1.1" 200 0
INFO 2026-06-01 10:41:55,144 basehttp "OPTIONS /api/v1/financials/loans/?page=1&page_size=20 HTTP/1.1" 200 0
INFO 2026-06-01 10:41:55,164 basehttp "GET /api/v1/financials/loans/?page=1&page_size=20 HTTP/1.1" 200 473
INFO 2026-06-01 10:41:55,164 basehttp "GET /api/v1/financials/loans/?page=1&page_size=20 HTTP/1.1" 200 473
INFO 2026-06-01 10:41:55,323 basehttp "GET /api/v1/financials/loans/?page=1&page_size=20 HTTP/1.1" 200 473
INFO 2026-06-01 10:41:55,323 basehttp "GET /api/v1/financials/loans/?page=1&page_size=20 HTTP/1.1" 200 473
INFO 2026-06-01 10:42:05,207 basehttp "GET /api/v1/financials/budgets/?year=2026 HTTP/1.1" 200 2756
INFO 2026-06-01 10:42:05,207 basehttp "GET /api/v1/financials/budgets/?year=2026 HTTP/1.1" 200 2756
INFO 2026-06-01 10:42:05,285 basehttp "GET /api/v1/financials/budgets/?year=2026 HTTP/1.1" 200 2756
INFO 2026-06-01 10:42:05,285 basehttp "GET /api/v1/financials/budgets/?year=2026 HTTP/1.1" 200 2756
INFO 2026-06-01 10:42:23,048 basehttp "GET /api/v1/financials/budgets/6/vs-actual/ HTTP/1.1" 200 1147
INFO 2026-06-01 10:42:23,048 basehttp "GET /api/v1/financials/budgets/6/vs-actual/ HTTP/1.1" 200 1147
WARNING 2026-06-01 10:43:52,847 basehttp "DELETE /api/v1/financials/budgets/1/ HTTP/1.1" 401 183
WARNING 2026-06-01 10:43:52,847 basehttp "DELETE /api/v1/financials/budgets/1/ HTTP/1.1" 401 183
INFO 2026-06-01 10:44:07,012 basehttp "POST /api/v1/auth/login/ HTTP/1.1" 200 808
INFO 2026-06-01 10:44:07,012 basehttp "POST /api/v1/auth/login/ HTTP/1.1" 200 808
INFO 2026-06-01 10:44:32,542 basehttp "DELETE /api/v1/financials/budgets/1/ HTTP/1.1" 204 0
INFO 2026-06-01 10:44:32,542 basehttp "DELETE /api/v1/financials/budgets/1/ HTTP/1.1" 204 0
INFO 2026-06-01 10:44:39,269 basehttp "DELETE /api/v1/financials/budgets/2/ HTTP/1.1" 204 0
INFO 2026-06-01 10:44:39,269 basehttp "DELETE /api/v1/financials/budgets/2/ HTTP/1.1" 204 0
WARNING 2026-06-01 10:44:48,655 basehttp "DELETE /api/v1/financials/budgets/3/ HTTP/1.1" 404 47
WARNING 2026-06-01 10:44:48,655 basehttp "DELETE /api/v1/financials/budgets/3/ HTTP/1.1" 404 47
INFO 2026-06-01 10:44:56,678 basehttp "DELETE /api/v1/financials/budgets/4/ HTTP/1.1" 204 0
INFO 2026-06-01 10:44:56,678 basehttp "DELETE /api/v1/financials/budgets/4/ HTTP/1.1" 204 0
INFO 2026-06-01 10:45:02,873 basehttp "DELETE /api/v1/financials/budgets/5/ HTTP/1.1" 204 0
INFO 2026-06-01 10:45:02,873 basehttp "DELETE /api/v1/financials/budgets/5/ HTTP/1.1" 204 0
INFO 2026-06-01 10:45:08,324 basehttp "DELETE /api/v1/financials/budgets/6/ HTTP/1.1" 204 0
INFO 2026-06-01 10:45:08,324 basehttp "DELETE /api/v1/financials/budgets/6/ HTTP/1.1" 204 0
INFO 2026-06-01 10:45:13,915 basehttp "DELETE /api/v1/financials/budgets/7/ HTTP/1.1" 204 0
INFO 2026-06-01 10:45:13,915 basehttp "DELETE /api/v1/financials/budgets/7/ HTTP/1.1" 204 0
WARNING 2026-06-01 10:45:18,831 basehttp "DELETE /api/v1/financials/budgets/8/ HTTP/1.1" 404 47
WARNING 2026-06-01 10:45:18,831 basehttp "DELETE /api/v1/financials/budgets/8/ HTTP/1.1" 404 47
WARNING 2026-06-01 10:45:23,761 basehttp "DELETE /api/v1/financials/budgets/9/ HTTP/1.1" 404 47
WARNING 2026-06-01 10:45:23,761 basehttp "DELETE /api/v1/financials/budgets/9/ HTTP/1.1" 404 47
INFO 2026-06-01 10:45:33,066 basehttp "GET /api/v1/financials/budgets/ HTTP/1.1" 200 52
INFO 2026-06-01 10:45:33,066 basehttp "GET /api/v1/financials/budgets/ HTTP/1.1" 200 52
INFO 2026-06-01 10:45:53,887 basehttp "GET /api/v1/financials/transactions/?page=1&page_size=20 HTTP/1.1" 200 4540
INFO 2026-06-01 10:45:53,887 basehttp "GET /api/v1/financials/transactions/?page=1&page_size=20 HTTP/1.1" 200 4540
INFO 2026-06-01 10:45:54,076 basehttp "GET /api/v1/financials/transactions/?page=1&page_size=20 HTTP/1.1" 200 4540
INFO 2026-06-01 10:45:54,076 basehttp "GET /api/v1/financials/transactions/?page=1&page_size=20 HTTP/1.1" 200 4540
INFO 2026-06-01 10:45:56,037 basehttp "GET /api/v1/financials/budgets/?year=2026 HTTP/1.1" 200 52
INFO 2026-06-01 10:45:56,037 basehttp "GET /api/v1/financials/budgets/?year=2026 HTTP/1.1" 200 52
INFO 2026-06-01 10:45:56,077 basehttp "GET /api/v1/financials/budgets/?year=2026 HTTP/1.1" 200 52
INFO 2026-06-01 10:45:56,077 basehttp "GET /api/v1/financials/budgets/?year=2026 HTTP/1.1" 200 52
INFO 2026-06-01 10:46:12,216 basehttp "GET /api/v1/financials/budgets/?year=2026&status=active&period=monthly HTTP/1.1" 200 52
INFO 2026-06-01 10:46:12,216 basehttp "GET /api/v1/financials/budgets/?year=2026&status=active&period=monthly HTTP/1.1" 200 52
INFO 2026-06-01 10:46:12,339 basehttp "GET /api/v1/bi/trends/?days=30 HTTP/1.1" 200 2682
INFO 2026-06-01 10:46:12,339 basehttp "GET /api/v1/bi/trends/?days=30 HTTP/1.1" 200 2682
INFO 2026-06-01 10:46:12,359 basehttp "GET /api/v1/financials/budgets/?year=2026&status=active&period=monthly HTTP/1.1" 200 52
INFO 2026-06-01 10:46:12,359 basehttp "GET /api/v1/financials/budgets/?year=2026&status=active&period=monthly HTTP/1.1" 200 52
INFO 2026-06-01 10:46:12,410 basehttp "GET /api/v1/bi/profit-loss/ HTTP/1.1" 200 710
INFO 2026-06-01 10:46:12,410 basehttp "GET /api/v1/bi/profit-loss/ HTTP/1.1" 200 710
INFO 2026-06-01 10:46:12,465 basehttp "GET /api/v1/financials/cash-flow/ HTTP/1.1" 200 1961
INFO 2026-06-01 10:46:12,480 basehttp "GET /api/v1/sales/customers/ HTTP/1.1" 200 2392
INFO 2026-06-01 10:46:12,465 basehttp "GET /api/v1/financials/cash-flow/ HTTP/1.1" 200 1961
INFO 2026-06-01 10:46:12,480 basehttp "GET /api/v1/sales/customers/ HTTP/1.1" 200 2392
INFO 2026-06-01 10:46:12,536 basehttp "GET /api/v1/financials/transactions/ HTTP/1.1" 200 4527
INFO 2026-06-01 10:46:12,536 basehttp "GET /api/v1/financials/transactions/ HTTP/1.1" 200 4527
INFO 2026-06-01 10:46:12,592 basehttp "GET /api/v1/financials/loans/ HTTP/1.1" 200 473
INFO 2026-06-01 10:46:12,592 basehttp "GET /api/v1/financials/loans/ HTTP/1.1" 200 473
INFO 2026-06-01 10:46:12,637 basehttp "GET /api/v1/financials/petty-cash/ HTTP/1.1" 200 263
INFO 2026-06-01 10:46:12,637 basehttp "GET /api/v1/financials/petty-cash/ HTTP/1.1" 200 263
INFO 2026-06-01 10:46:12,679 basehttp "GET /api/v1/bi/trends/?days=30 HTTP/1.1" 200 2682
INFO 2026-06-01 10:46:12,679 basehttp "GET /api/v1/bi/trends/?days=30 HTTP/1.1" 200 2682
INFO 2026-06-01 10:46:12,745 basehttp "GET /api/v1/bi/profit-loss/ HTTP/1.1" 200 710
INFO 2026-06-01 10:46:12,745 basehttp "GET /api/v1/bi/profit-loss/ HTTP/1.1" 200 710
INFO 2026-06-01 10:46:12,762 basehttp "GET /api/v1/financials/invoices/ HTTP/1.1" 200 3624
INFO 2026-06-01 10:46:12,762 basehttp "GET /api/v1/financials/invoices/ HTTP/1.1" 200 3624
INFO 2026-06-01 10:46:12,854 basehttp "GET /api/v1/hr/payroll/ HTTP/1.1" 200 4108
INFO 2026-06-01 10:46:12,854 basehttp "GET /api/v1/hr/payroll/ HTTP/1.1" 200 4108
INFO 2026-06-01 10:46:12,884 basehttp "GET /api/v1/financials/cash-flow/ HTTP/1.1" 200 1961
INFO 2026-06-01 10:46:12,884 basehttp "GET /api/v1/financials/cash-flow/ HTTP/1.1" 200 1961
INFO 2026-06-01 10:46:12,958 basehttp "GET /api/v1/sales/sales/?page_size=500 HTTP/1.1" 200 8570
INFO 2026-06-01 10:46:12,958 basehttp "GET /api/v1/sales/sales/?page_size=500 HTTP/1.1" 200 8570
INFO 2026-06-01 10:46:12,989 basehttp "GET /api/v1/financials/petty-cash/ HTTP/1.1" 200 263
INFO 2026-06-01 10:46:12,989 basehttp "GET /api/v1/financials/petty-cash/ HTTP/1.1" 200 263
INFO 2026-06-01 10:46:13,015 basehttp "GET /api/v1/sales/customers/ HTTP/1.1" 200 2392
INFO 2026-06-01 10:46:13,015 basehttp "GET /api/v1/sales/customers/ HTTP/1.1" 200 2392
INFO 2026-06-01 10:46:13,070 basehttp "GET /api/v1/financials/loans/ HTTP/1.1" 200 473
INFO 2026-06-01 10:46:13,070 basehttp "GET /api/v1/financials/loans/ HTTP/1.1" 200 473
INFO 2026-06-01 10:46:13,080 basehttp "GET /api/v1/financials/transactions/ HTTP/1.1" 200 4527
INFO 2026-06-01 10:46:13,080 basehttp "GET /api/v1/financials/transactions/ HTTP/1.1" 200 4527
INFO 2026-06-01 10:46:13,183 basehttp "GET /api/v1/hr/payroll/ HTTP/1.1" 200 4108
INFO 2026-06-01 10:46:13,183 basehttp "GET /api/v1/hr/payroll/ HTTP/1.1" 200 4108
INFO 2026-06-01 10:46:13,196 basehttp "GET /api/v1/financials/invoices/ HTTP/1.1" 200 3624
INFO 2026-06-01 10:46:13,196 basehttp "GET /api/v1/financials/invoices/ HTTP/1.1" 200 3624
INFO 2026-06-01 10:46:13,245 basehttp "GET /api/v1/sales/sales/?page_size=500 HTTP/1.1" 200 8570
INFO 2026-06-01 10:46:13,245 basehttp "GET /api/v1/sales/sales/?page_size=500 HTTP/1.1" 200 8570
INFO 2026-06-01 10:46:34,314 basehttp "GET /api/v1/financials/petty-cash/?start_date=2026-06-01&end_date=2026-06-01&page_size=100 HTTP/1.1" 200 263
INFO 2026-06-01 10:46:34,317 basehttp "GET /api/v1/sales/sales/?start_date=2026-06-01&end_date=2026-06-01&page_size=100 HTTP/1.1" 200 52
INFO 2026-06-01 10:46:34,314 basehttp "GET /api/v1/financials/petty-cash/?start_date=2026-06-01&end_date=2026-06-01&page_size=100 HTTP/1.1" 200 263
INFO 2026-06-01 10:46:34,317 basehttp "GET /api/v1/sales/sales/?start_date=2026-06-01&end_date=2026-06-01&page_size=100 HTTP/1.1" 200 52
INFO 2026-06-01 10:46:34,357 basehttp "GET /api/v1/financials/transactions/?start_date=2026-06-01&end_date=2026-06-01&page_size=100 HTTP/1.1" 200 4583
INFO 2026-06-01 10:46:34,357 basehttp "GET /api/v1/financials/transactions/?start_date=2026-06-01&end_date=2026-06-01&page_size=100 HTTP/1.1" 200 4583
INFO 2026-06-01 10:46:34,464 basehttp "GET /api/v1/hr/payroll/ HTTP/1.1" 200 4108
INFO 2026-06-01 10:46:34,464 basehttp "GET /api/v1/hr/payroll/ HTTP/1.1" 200 4108
INFO 2026-06-01 10:46:34,496 basehttp "GET /api/v1/sales/sales/?start_date=2026-06-01&end_date=2026-06-01&page_size=100 HTTP/1.1" 200 52
INFO 2026-06-01 10:46:34,496 basehttp "GET /api/v1/sales/sales/?start_date=2026-06-01&end_date=2026-06-01&page_size=100 HTTP/1.1" 200 52
INFO 2026-06-01 10:46:34,516 basehttp "GET /api/v1/financials/petty-cash/?start_date=2026-06-01&end_date=2026-06-01&page_size=100 HTTP/1.1" 200 263
INFO 2026-06-01 10:46:34,516 basehttp "GET /api/v1/financials/petty-cash/?start_date=2026-06-01&end_date=2026-06-01&page_size=100 HTTP/1.1" 200 263
INFO 2026-06-01 10:46:34,574 basehttp "GET /api/v1/financials/transactions/?start_date=2026-06-01&end_date=2026-06-01&page_size=100 HTTP/1.1" 200 4583
INFO 2026-06-01 10:46:34,574 basehttp "GET /api/v1/financials/transactions/?start_date=2026-06-01&end_date=2026-06-01&page_size=100 HTTP/1.1" 200 4583
INFO 2026-06-01 10:46:34,648 basehttp "GET /api/v1/hr/payroll/ HTTP/1.1" 200 4108
INFO 2026-06-01 10:46:34,648 basehttp "GET /api/v1/hr/payroll/ HTTP/1.1" 200 4108
INFO 2026-06-01 10:46:34,663 basehttp "GET /api/v1/financials/invoices/?status=paid&start_date=2026-06-01&end_date=2026-06-01&page_size=100 HTTP/1.1" 200 3624
INFO 2026-06-01 10:46:34,663 basehttp "GET /api/v1/financials/invoices/?status=paid&start_date=2026-06-01&end_date=2026-06-01&page_size=100 HTTP/1.1" 200 3624
INFO 2026-06-01 10:46:34,772 basehttp "GET /api/v1/financials/invoices/?status=paid&start_date=2026-06-01&end_date=2026-06-01&page_size=100 HTTP/1.1" 200 3624
INFO 2026-06-01 10:46:34,772 basehttp "GET /api/v1/financials/invoices/?status=paid&start_date=2026-06-01&end_date=2026-06-01&page_size=100 HTTP/1.1" 200 3624
INFO 2026-06-01 11:02:24,964 autoreload /Users/j/Desktop/BizSMART/Backend/bi/services.py changed, reloading.
INFO 2026-06-01 11:02:24,964 autoreload /Users/j/Desktop/BizSMART/Backend/bi/services.py changed, reloading.
INFO 2026-06-01 11:02:27,969 autoreload Watching for file changes with StatReloader
INFO 2026-06-01 11:02:27,969 autoreload Watching for file changes with StatReloader
INFO 2026-06-01 11:06:08,200 autoreload /Users/j/Desktop/BizSMART/Backend/bi/models.py changed, reloading.
INFO 2026-06-01 11:06:08,200 autoreload /Users/j/Desktop/BizSMART/Backend/bi/models.py changed, reloading.
INFO 2026-06-01 11:06:10,788 autoreload Watching for file changes with StatReloader
INFO 2026-06-01 11:06:10,788 autoreload Watching for file changes with StatReloader
INFO 2026-06-01 11:06:21,485 autoreload /Users/j/Desktop/BizSMART/Backend/bi/permissions.py changed, reloading.
INFO 2026-06-01 11:06:21,485 autoreload /Users/j/Desktop/BizSMART/Backend/bi/permissions.py changed, reloading.
INFO 2026-06-01 11:06:23,705 autoreload Watching for file changes with StatReloader
INFO 2026-06-01 11:06:23,705 autoreload Watching for file changes with StatReloader
INFO 2026-06-01 11:06:53,600 autoreload /Users/j/Desktop/BizSMART/Backend/bi/serializers.py changed, reloading.
INFO 2026-06-01 11:06:53,600 autoreload /Users/j/Desktop/BizSMART/Backend/bi/serializers.py changed, reloading.
INFO 2026-06-01 11:06:55,884 autoreload Watching for file changes with StatReloader
INFO 2026-06-01 11:06:55,884 autoreload Watching for file changes with StatReloader
INFO 2026-06-01 11:07:47,857 autoreload /Users/j/Desktop/BizSMART/Backend/bi/urls.py changed, reloading.
INFO 2026-06-01 11:07:47,857 autoreload /Users/j/Desktop/BizSMART/Backend/bi/urls.py changed, reloading.
INFO 2026-06-01 11:07:50,000 autoreload Watching for file changes with StatReloader
INFO 2026-06-01 11:07:50,000 autoreload Watching for file changes with StatReloader
INFO 2026-06-01 11:08:10,652 autoreload /Users/j/Desktop/BizSMART/Backend/bi/views.py changed, reloading.
INFO 2026-06-01 11:08:10,652 autoreload /Users/j/Desktop/BizSMART/Backend/bi/views.py changed, reloading.
INFO 2026-06-01 11:08:12,885 autoreload Watching for file changes with StatReloader
INFO 2026-06-01 11:08:12,885 autoreload Watching for file changes with StatReloader
INFO 2026-06-01 11:14:23,235 basehttp "POST /api/v1/auth/login/ HTTP/1.1" 200 808
INFO 2026-06-01 11:14:23,235 basehttp "POST /api/v1/auth/login/ HTTP/1.1" 200 808
INFO 2026-06-01 11:14:25,546 basehttp "GET /api/v1/sales/sales/?start_date=2026-06-01&end_date=2026-06-01&page_size=100 HTTP/1.1" 200 52
INFO 2026-06-01 11:14:25,546 basehttp "GET /api/v1/sales/sales/?start_date=2026-06-01&end_date=2026-06-01&page_size=100 HTTP/1.1" 200 52
INFO 2026-06-01 11:14:25,695 basehttp "GET /api/v1/financials/transactions/?start_date=2026-06-01&end_date=2026-06-01&page_size=100 HTTP/1.1" 200 4583
INFO 2026-06-01 11:14:25,695 basehttp "GET /api/v1/financials/transactions/?start_date=2026-06-01&end_date=2026-06-01&page_size=100 HTTP/1.1" 200 4583
INFO 2026-06-01 11:14:25,758 basehttp "GET /api/v1/sales/sales/?start_date=2026-06-01&end_date=2026-06-01&page_size=100 HTTP/1.1" 200 52
INFO 2026-06-01 11:14:25,760 basehttp "GET /api/v1/financials/petty-cash/?start_date=2026-06-01&end_date=2026-06-01&page_size=100 HTTP/1.1" 200 263
INFO 2026-06-01 11:14:25,775 basehttp "GET /api/v1/hr/payroll/ HTTP/1.1" 200 4108
INFO 2026-06-01 11:14:25,758 basehttp "GET /api/v1/sales/sales/?start_date=2026-06-01&end_date=2026-06-01&page_size=100 HTTP/1.1" 200 52
INFO 2026-06-01 11:14:25,760 basehttp "GET /api/v1/financials/petty-cash/?start_date=2026-06-01&end_date=2026-06-01&page_size=100 HTTP/1.1" 200 263
INFO 2026-06-01 11:14:25,791 basehttp "GET /api/v1/financials/transactions/?start_date=2026-06-01&end_date=2026-06-01&page_size=100 HTTP/1.1" 200 4583
INFO 2026-06-01 11:14:25,775 basehttp "GET /api/v1/hr/payroll/ HTTP/1.1" 200 4108
INFO 2026-06-01 11:14:25,791 basehttp "GET /api/v1/financials/transactions/?start_date=2026-06-01&end_date=2026-06-01&page_size=100 HTTP/1.1" 200 4583
INFO 2026-06-01 11:14:25,859 basehttp "GET /api/v1/financials/petty-cash/?start_date=2026-06-01&end_date=2026-06-01&page_size=100 HTTP/1.1" 200 263
INFO 2026-06-01 11:14:25,859 basehttp "GET /api/v1/financials/petty-cash/?start_date=2026-06-01&end_date=2026-06-01&page_size=100 HTTP/1.1" 200 263
INFO 2026-06-01 11:14:25,914 basehttp "GET /api/v1/financials/invoices/?status=paid&start_date=2026-06-01&end_date=2026-06-01&page_size=100 HTTP/1.1" 200 3624
INFO 2026-06-01 11:14:25,914 basehttp "GET /api/v1/financials/invoices/?status=paid&start_date=2026-06-01&end_date=2026-06-01&page_size=100 HTTP/1.1" 200 3624
INFO 2026-06-01 11:14:25,962 basehttp "GET /api/v1/hr/payroll/ HTTP/1.1" 200 4108
INFO 2026-06-01 11:14:25,962 basehttp "GET /api/v1/hr/payroll/ HTTP/1.1" 200 4108
INFO 2026-06-01 11:14:26,006 basehttp "GET /api/v1/financials/invoices/?status=paid&start_date=2026-06-01&end_date=2026-06-01&page_size=100 HTTP/1.1" 200 3624
INFO 2026-06-01 11:14:26,006 basehttp "GET /api/v1/financials/invoices/?status=paid&start_date=2026-06-01&end_date=2026-06-01&page_size=100 HTTP/1.1" 200 3624
INFO 2026-06-01 11:14:45,795 basehttp "OPTIONS /api/v1/bi/dashboard/available-months/ HTTP/1.1" 200 0
INFO 2026-06-01 11:14:45,795 basehttp "OPTIONS /api/v1/bi/dashboard/available-months/ HTTP/1.1" 200 0
INFO 2026-06-01 11:14:45,806 basehttp "OPTIONS /api/v1/bi/dashboard/available-months/ HTTP/1.1" 200 0
INFO 2026-06-01 11:14:45,806 basehttp "OPTIONS /api/v1/bi/dashboard/available-months/ HTTP/1.1" 200 0
INFO 2026-06-01 11:14:45,938 basehttp "GET /api/v1/bi/dashboard/available-months/ HTTP/1.1" 200 177
INFO 2026-06-01 11:14:45,938 basehttp "GET /api/v1/bi/dashboard/available-months/ HTTP/1.1" 200 177
INFO 2026-06-01 11:14:45,983 basehttp "GET /api/v1/bi/dashboard/available-months/ HTTP/1.1" 200 177
INFO 2026-06-01 11:14:45,983 basehttp "GET /api/v1/bi/dashboard/available-months/ HTTP/1.1" 200 177
INFO 2026-06-01 11:14:46,196 basehttp "OPTIONS /api/v1/bi/dashboard/trends/?days=30 HTTP/1.1" 200 0
INFO 2026-06-01 11:14:46,196 basehttp "OPTIONS /api/v1/bi/dashboard/alerts/ HTTP/1.1" 200 0
INFO 2026-06-01 11:14:46,197 basehttp "OPTIONS /api/v1/bi/dashboard/milestones/ HTTP/1.1" 200 0
INFO 2026-06-01 11:14:46,196 basehttp "OPTIONS /api/v1/bi/dashboard/trends/?days=30 HTTP/1.1" 200 0
INFO 2026-06-01 11:14:46,196 basehttp "OPTIONS /api/v1/bi/dashboard/alerts/ HTTP/1.1" 200 0
INFO 2026-06-01 11:14:46,197 basehttp "OPTIONS /api/v1/bi/dashboard/milestones/ HTTP/1.1" 200 0
INFO 2026-06-01 11:14:46,225 basehttp "OPTIONS /api/v1/bi/dashboard/?month=2026-06 HTTP/1.1" 200 0
INFO 2026-06-01 11:14:46,225 basehttp "OPTIONS /api/v1/bi/dashboard/?month=2026-06 HTTP/1.1" 200 0
INFO 2026-06-01 11:14:46,479 basehttp "GET /api/v1/bi/dashboard/trends/?days=30 HTTP/1.1" 200 2682
INFO 2026-06-01 11:14:46,479 basehttp "GET /api/v1/bi/dashboard/trends/?days=30 HTTP/1.1" 200 2682
INFO 2026-06-01 11:14:46,667 basehttp "GET /api/v1/bi/dashboard/alerts/ HTTP/1.1" 200 668
INFO 2026-06-01 11:14:46,667 basehttp "GET /api/v1/bi/dashboard/alerts/ HTTP/1.1" 200 668
ERROR 2026-06-01 11:14:46,956 basehttp "GET /api/v1/bi/dashboard/milestones/ HTTP/1.1" 500 102305
ERROR 2026-06-01 11:14:46,976 basehttp "GET /api/v1/bi/dashboard/?month=2026-06 HTTP/1.1" 500 119005
ERROR 2026-06-01 11:14:46,976 basehttp "GET /api/v1/bi/dashboard/?month=2026-06 HTTP/1.1" 500 119005
ERROR 2026-06-01 11:14:46,956 basehttp "GET /api/v1/bi/dashboard/milestones/ HTTP/1.1" 500 102305
INFO 2026-06-01 11:15:27,381 basehttp "OPTIONS /api/v1/bi/dashboard/?month=2026-05 HTTP/1.1" 200 0
INFO 2026-06-01 11:15:27,381 basehttp "OPTIONS /api/v1/bi/dashboard/?month=2026-05 HTTP/1.1" 200 0
INFO 2026-06-01 11:15:27,421 basehttp "GET /api/v1/bi/dashboard/alerts/ HTTP/1.1" 200 668
INFO 2026-06-01 11:15:27,421 basehttp "GET /api/v1/bi/dashboard/alerts/ HTTP/1.1" 200 668
INFO 2026-06-01 11:15:27,451 basehttp "GET /api/v1/bi/dashboard/trends/?days=30 HTTP/1.1" 200 2682
INFO 2026-06-01 11:15:27,451 basehttp "GET /api/v1/bi/dashboard/trends/?days=30 HTTP/1.1" 200 2682
ERROR 2026-06-01 11:15:27,753 basehttp "GET /api/v1/bi/dashboard/milestones/ HTTP/1.1" 500 102305
ERROR 2026-06-01 11:15:27,753 basehttp "GET /api/v1/bi/dashboard/milestones/ HTTP/1.1" 500 102305
ERROR 2026-06-01 11:15:28,042 basehttp "GET /api/v1/bi/dashboard/?month=2026-05 HTTP/1.1" 500 119054
ERROR 2026-06-01 11:15:28,042 basehttp "GET /api/v1/bi/dashboard/?month=2026-05 HTTP/1.1" 500 119054
INFO 2026-06-01 11:18:11,978 basehttp "GET /api/docs/ HTTP/1.1" 200 4645
INFO 2026-06-01 11:18:11,978 basehttp "GET /api/docs/ HTTP/1.1" 200 4645
INFO 2026-06-01 11:18:14,249 basehttp "GET /api/schema/ HTTP/1.1" 200 395163
INFO 2026-06-01 11:18:14,249 basehttp "GET /api/schema/ HTTP/1.1" 200 395163
INFO 2026-06-01 11:18:30,160 basehttp "POST /api/v1/auth/login/ HTTP/1.1" 200 808
INFO 2026-06-01 11:18:30,160 basehttp "POST /api/v1/auth/login/ HTTP/1.1" 200 808
ERROR 2026-06-01 11:18:53,598 basehttp "GET /api/v1/bi/dashboard/milestones/ HTTP/1.1" 500 102893
ERROR 2026-06-01 11:18:53,598 basehttp "GET /api/v1/bi/dashboard/milestones/ HTTP/1.1" 500 102893
INFO 2026-06-01 11:19:09,637 basehttp "GET /api/v1/bi/dashboard/available-months/ HTTP/1.1" 200 177
INFO 2026-06-01 11:19:09,637 basehttp "GET /api/v1/bi/dashboard/available-months/ HTTP/1.1" 200 177
INFO 2026-06-01 11:19:24,593 basehttp "GET /api/v1/bi/dashboard/ HTTP/1.1" 200 822
INFO 2026-06-01 11:19:24,593 basehttp "GET /api/v1/bi/dashboard/ HTTP/1.1" 200 822
INFO 2026-06-01 11:20:01,435 basehttp "GET /api/v1/bi/dashboard/trends/ HTTP/1.1" 200 2682
INFO 2026-06-01 11:20:01,435 basehttp "GET /api/v1/bi/dashboard/trends/ HTTP/1.1" 200 2682
INFO 2026-06-01 11:20:15,775 basehttp "GET /api/v1/bi/executive/ HTTP/1.1" 200 7631
INFO 2026-06-01 11:20:15,775 basehttp "GET /api/v1/bi/executive/ HTTP/1.1" 200 7631
INFO 2026-06-01 11:20:32,274 basehttp "GET /api/v1/bi/financial/summary/ HTTP/1.1" 200 548
INFO 2026-06-01 11:20:32,274 basehttp "GET /api/v1/bi/financial/summary/ HTTP/1.1" 200 548
INFO 2026-06-01 11:24:35,557 autoreload /Users/j/Desktop/BizSMART/Backend/bi/views.py changed, reloading.
INFO 2026-06-01 11:24:35,557 autoreload /Users/j/Desktop/BizSMART/Backend/bi/views.py changed, reloading.
INFO 2026-06-01 11:24:38,181 autoreload Watching for file changes with StatReloader
INFO 2026-06-01 11:24:38,181 autoreload Watching for file changes with StatReloader
INFO 2026-06-01 11:25:02,453 basehttp "GET /api/v1/financials/budgets/?year=2026&status=active&period=monthly HTTP/1.1" 200 52
INFO 2026-06-01 11:25:02,453 basehttp "GET /api/v1/financials/budgets/?year=2026&status=active&period=monthly HTTP/1.1" 200 52
INFO 2026-06-01 11:25:02,513 basehttp "OPTIONS /api/v1/bi/financial/profit-loss/ HTTP/1.1" 200 0
INFO 2026-06-01 11:25:02,513 basehttp "OPTIONS /api/v1/bi/financial/profit-loss/ HTTP/1.1" 200 0
INFO 2026-06-01 11:25:02,557 basehttp "OPTIONS /api/v1/bi/trends/ HTTP/1.1" 200 0
INFO 2026-06-01 11:25:02,557 basehttp "OPTIONS /api/v1/bi/trends/ HTTP/1.1" 200 0
INFO 2026-06-01 11:25:02,671 basehttp "GET /api/v1/financials/budgets/?year=2026&status=active&period=monthly HTTP/1.1" 200 52
INFO 2026-06-01 11:25:02,671 basehttp "GET /api/v1/financials/budgets/?year=2026&status=active&period=monthly HTTP/1.1" 200 52
INFO 2026-06-01 11:25:02,709 basehttp "GET /api/v1/financials/transactions/ HTTP/1.1" 200 4527
INFO 2026-06-01 11:25:02,709 basehttp "GET /api/v1/financials/transactions/ HTTP/1.1" 200 4527
INFO 2026-06-01 11:25:02,734 basehttp "GET /api/v1/financials/petty-cash/ HTTP/1.1" 200 263
INFO 2026-06-01 11:25:02,734 basehttp "GET /api/v1/financials/petty-cash/ HTTP/1.1" 200 263
INFO 2026-06-01 11:25:02,773 basehttp "GET /api/v1/sales/customers/ HTTP/1.1" 200 2392
INFO 2026-06-01 11:25:02,773 basehttp "GET /api/v1/sales/customers/ HTTP/1.1" 200 2392
INFO 2026-06-01 11:25:02,803 basehttp "GET /api/v1/financials/loans/ HTTP/1.1" 200 473
INFO 2026-06-01 11:25:02,803 basehttp "GET /api/v1/financials/loans/ HTTP/1.1" 200 473
INFO 2026-06-01 11:25:02,810 basehttp "GET /api/v1/financials/cash-flow/ HTTP/1.1" 200 1961
INFO 2026-06-01 11:25:02,810 basehttp "GET /api/v1/financials/cash-flow/ HTTP/1.1" 200 1961
INFO 2026-06-01 11:25:02,939 basehttp "GET /api/v1/financials/invoices/ HTTP/1.1" 200 3624
INFO 2026-06-01 11:25:02,939 basehttp "GET /api/v1/financials/invoices/ HTTP/1.1" 200 3624
INFO 2026-06-01 11:25:02,958 basehttp "GET /api/v1/bi/trends/ HTTP/1.1" 200 2682
INFO 2026-06-01 11:25:02,958 basehttp "GET /api/v1/bi/trends/ HTTP/1.1" 200 2682
INFO 2026-06-01 11:25:03,016 basehttp "GET /api/v1/bi/financial/profit-loss/ HTTP/1.1" 200 710
INFO 2026-06-01 11:25:03,016 basehttp "GET /api/v1/bi/financial/profit-loss/ HTTP/1.1" 200 710
INFO 2026-06-01 11:25:03,038 basehttp "GET /api/v1/hr/payroll/ HTTP/1.1" 200 4108
INFO 2026-06-01 11:25:03,038 basehttp "GET /api/v1/hr/payroll/ HTTP/1.1" 200 4108
INFO 2026-06-01 11:25:03,109 basehttp "GET /api/v1/sales/sales/?page_size=500 HTTP/1.1" 200 8570
INFO 2026-06-01 11:25:03,125 basehttp "GET /api/v1/financials/transactions/ HTTP/1.1" 200 4527
INFO 2026-06-01 11:25:03,109 basehttp "GET /api/v1/sales/sales/?page_size=500 HTTP/1.1" 200 8570
INFO 2026-06-01 11:25:03,125 basehttp "GET /api/v1/financials/transactions/ HTTP/1.1" 200 4527
INFO 2026-06-01 11:25:03,278 basehttp "GET /api/v1/sales/customers/ HTTP/1.1" 200 2392
INFO 2026-06-01 11:25:03,278 basehttp "GET /api/v1/sales/customers/ HTTP/1.1" 200 2392
INFO 2026-06-01 11:25:03,305 basehttp "GET /api/v1/financials/loans/ HTTP/1.1" 200 473
INFO 2026-06-01 11:25:03,329 basehttp "GET /api/v1/bi/trends/ HTTP/1.1" 200 2682
INFO 2026-06-01 11:25:03,329 basehttp "GET /api/v1/bi/trends/ HTTP/1.1" 200 2682
INFO 2026-06-01 11:25:03,350 basehttp "GET /api/v1/financials/petty-cash/ HTTP/1.1" 200 263
INFO 2026-06-01 11:25:03,350 basehttp "GET /api/v1/financials/petty-cash/ HTTP/1.1" 200 263
INFO 2026-06-01 11:25:03,305 basehttp "GET /api/v1/financials/loans/ HTTP/1.1" 200 473
INFO 2026-06-01 11:25:03,393 basehttp "GET /api/v1/financials/cash-flow/ HTTP/1.1" 200 1961
INFO 2026-06-01 11:25:03,393 basehttp "GET /api/v1/financials/cash-flow/ HTTP/1.1" 200 1961
INFO 2026-06-01 11:25:03,437 basehttp "GET /api/v1/bi/financial/profit-loss/ HTTP/1.1" 200 710
INFO 2026-06-01 11:25:03,437 basehttp "GET /api/v1/bi/financial/profit-loss/ HTTP/1.1" 200 710
INFO 2026-06-01 11:25:03,543 basehttp "GET /api/v1/financials/invoices/ HTTP/1.1" 200 3624
INFO 2026-06-01 11:25:03,546 basehttp "GET /api/v1/hr/payroll/ HTTP/1.1" 200 4108
INFO 2026-06-01 11:25:03,546 basehttp "GET /api/v1/hr/payroll/ HTTP/1.1" 200 4108
INFO 2026-06-01 11:25:03,543 basehttp "GET /api/v1/financials/invoices/ HTTP/1.1" 200 3624
INFO 2026-06-01 11:25:03,575 basehttp "GET /api/v1/sales/sales/?page_size=500 HTTP/1.1" 200 8570
INFO 2026-06-01 11:25:03,575 basehttp "GET /api/v1/sales/sales/?page_size=500 HTTP/1.1" 200 8570
INFO 2026-06-01 11:25:11,204 basehttp "GET /api/v1/bi/dashboard/available-months/ HTTP/1.1" 200 177
INFO 2026-06-01 11:25:11,204 basehttp "GET /api/v1/bi/dashboard/available-months/ HTTP/1.1" 200 177
INFO 2026-06-01 11:25:11,294 basehttp "GET /api/v1/bi/dashboard/trends/?days=30 HTTP/1.1" 200 2682
INFO 2026-06-01 11:25:11,294 basehttp "GET /api/v1/bi/dashboard/trends/?days=30 HTTP/1.1" 200 2682
INFO 2026-06-01 11:25:11,321 basehttp "GET /api/v1/bi/dashboard/alerts/ HTTP/1.1" 200 668
INFO 2026-06-01 11:25:11,323 basehttp "GET /api/v1/bi/dashboard/available-months/ HTTP/1.1" 200 177
INFO 2026-06-01 11:25:11,321 basehttp "GET /api/v1/bi/dashboard/alerts/ HTTP/1.1" 200 668
INFO 2026-06-01 11:25:11,323 basehttp "GET /api/v1/bi/dashboard/available-months/ HTTP/1.1" 200 177
INFO 2026-06-01 11:25:11,659 basehttp "GET /api/v1/bi/dashboard/?month=2026-06 HTTP/1.1" 200 354
INFO 2026-06-01 11:25:11,659 basehttp "GET /api/v1/bi/dashboard/?month=2026-06 HTTP/1.1" 200 354
INFO 2026-06-01 11:25:11,692 basehttp "GET /api/v1/bi/dashboard/milestones/ HTTP/1.1" 200 159
INFO 2026-06-01 11:25:11,692 basehttp "GET /api/v1/bi/dashboard/milestones/ HTTP/1.1" 200 159
INFO 2026-06-01 11:25:27,585 basehttp "GET /api/v1/bi/dashboard/trends/?days=30 HTTP/1.1" 200 2682
INFO 2026-06-01 11:25:27,585 basehttp "GET /api/v1/bi/dashboard/trends/?days=30 HTTP/1.1" 200 2682
INFO 2026-06-01 11:25:27,599 basehttp "GET /api/v1/bi/dashboard/alerts/ HTTP/1.1" 200 668
INFO 2026-06-01 11:25:27,599 basehttp "GET /api/v1/bi/dashboard/alerts/ HTTP/1.1" 200 668
INFO 2026-06-01 11:25:27,662 basehttp "GET /api/v1/bi/dashboard/milestones/ HTTP/1.1" 200 159
INFO 2026-06-01 11:25:27,662 basehttp "GET /api/v1/bi/dashboard/milestones/ HTTP/1.1" 200 159
INFO 2026-06-01 11:25:27,674 basehttp "GET /api/v1/bi/dashboard/?month=2026-05 HTTP/1.1" 200 354
INFO 2026-06-01 11:25:27,674 basehttp "GET /api/v1/bi/dashboard/?month=2026-05 HTTP/1.1" 200 354
INFO 2026-06-01 11:25:56,026 basehttp "GET /api/v1/bi/dashboard/trends/?days=30 HTTP/1.1" 200 2682
INFO 2026-06-01 11:25:56,026 basehttp "GET /api/v1/bi/dashboard/trends/?days=30 HTTP/1.1" 200 2682
INFO 2026-06-01 11:25:56,049 basehttp "GET /api/v1/bi/dashboard/alerts/ HTTP/1.1" 200 668
INFO 2026-06-01 11:25:56,049 basehttp "GET /api/v1/bi/dashboard/alerts/ HTTP/1.1" 200 668
INFO 2026-06-01 11:25:56,126 basehttp "GET /api/v1/bi/dashboard/?month=2026-05 HTTP/1.1" 200 354
INFO 2026-06-01 11:25:56,126 basehttp "GET /api/v1/bi/dashboard/?month=2026-05 HTTP/1.1" 200 354
INFO 2026-06-01 11:25:56,130 basehttp "GET /api/v1/bi/dashboard/milestones/ HTTP/1.1" 200 159
INFO 2026-06-01 11:25:56,130 basehttp "GET /api/v1/bi/dashboard/milestones/ HTTP/1.1" 200 159
INFO 2026-06-01 11:29:15,842 autoreload /Users/j/Desktop/BizSMART/Backend/bi/services.py changed, reloading.
INFO 2026-06-01 11:29:15,842 autoreload /Users/j/Desktop/BizSMART/Backend/bi/services.py changed, reloading.
INFO 2026-06-01 11:29:17,320 autoreload Watching for file changes with StatReloader
INFO 2026-06-01 11:29:17,320 autoreload Watching for file changes with StatReloader
WARNING 2026-06-01 11:29:32,746 basehttp "GET /api/v1/bi/dashboard/milestones/ HTTP/1.1" 401 183
WARNING 2026-06-01 11:29:32,746 basehttp "GET /api/v1/bi/dashboard/milestones/ HTTP/1.1" 401 183
WARNING 2026-06-01 11:29:32,750 basehttp "GET /api/v1/bi/dashboard/?month=2026-06 HTTP/1.1" 401 183
WARNING 2026-06-01 11:29:32,750 basehttp "GET /api/v1/bi/dashboard/?month=2026-06 HTTP/1.1" 401 183
WARNING 2026-06-01 11:29:32,760 basehttp "GET /api/v1/bi/dashboard/trends/?days=30 HTTP/1.1" 401 183
WARNING 2026-06-01 11:29:32,760 basehttp "GET /api/v1/bi/dashboard/trends/?days=30 HTTP/1.1" 401 183
WARNING 2026-06-01 11:29:32,765 basehttp "GET /api/v1/bi/dashboard/alerts/ HTTP/1.1" 401 183
WARNING 2026-06-01 11:29:32,765 basehttp "GET /api/v1/bi/dashboard/alerts/ HTTP/1.1" 401 183
INFO 2026-06-01 11:29:32,822 basehttp "POST /api/v1/auth/refresh/ HTTP/1.1" 200 483
INFO 2026-06-01 11:29:32,822 basehttp "POST /api/v1/auth/refresh/ HTTP/1.1" 200 483
INFO 2026-06-01 11:29:32,890 basehttp "GET /api/v1/bi/dashboard/alerts/ HTTP/1.1" 200 668
INFO 2026-06-01 11:29:32,890 basehttp "GET /api/v1/bi/dashboard/alerts/ HTTP/1.1" 200 668
INFO 2026-06-01 11:29:32,944 basehttp "GET /api/v1/bi/dashboard/trends/?days=30 HTTP/1.1" 200 2682
INFO 2026-06-01 11:29:32,944 basehttp "GET /api/v1/bi/dashboard/trends/?days=30 HTTP/1.1" 200 2682
INFO 2026-06-01 11:29:32,987 basehttp "GET /api/v1/bi/dashboard/?month=2026-06 HTTP/1.1" 200 930
INFO 2026-06-01 11:29:32,987 basehttp "GET /api/v1/bi/dashboard/?month=2026-06 HTTP/1.1" 200 930
INFO 2026-06-01 11:29:33,001 basehttp "GET /api/v1/bi/dashboard/milestones/ HTTP/1.1" 200 185
INFO 2026-06-01 11:29:33,001 basehttp "GET /api/v1/bi/dashboard/milestones/ HTTP/1.1" 200 185
INFO 2026-06-01 11:29:48,878 basehttp "GET /api/v1/bi/dashboard/alerts/ HTTP/1.1" 200 668
INFO 2026-06-01 11:29:48,878 basehttp "GET /api/v1/bi/dashboard/alerts/ HTTP/1.1" 200 668
INFO 2026-06-01 11:29:48,883 basehttp "GET /api/v1/bi/dashboard/milestones/ HTTP/1.1" 200 185
INFO 2026-06-01 11:29:48,883 basehttp "GET /api/v1/bi/dashboard/milestones/ HTTP/1.1" 200 185
INFO 2026-06-01 11:29:48,912 basehttp "GET /api/v1/bi/dashboard/trends/?days=30 HTTP/1.1" 200 2682
INFO 2026-06-01 11:29:48,912 basehttp "GET /api/v1/bi/dashboard/trends/?days=30 HTTP/1.1" 200 2682
INFO 2026-06-01 11:29:48,967 basehttp "GET /api/v1/bi/dashboard/?month=2026-05 HTTP/1.1" 200 853
INFO 2026-06-01 11:29:48,967 basehttp "GET /api/v1/bi/dashboard/?month=2026-05 HTTP/1.1" 200 853
INFO 2026-06-01 11:30:16,201 basehttp "OPTIONS /api/v1/inventory/products/ HTTP/1.1" 200 0
INFO 2026-06-01 11:30:16,202 basehttp "OPTIONS /api/v1/inventory/products/ HTTP/1.1" 200 0
INFO 2026-06-01 11:30:16,202 basehttp "OPTIONS /api/v1/inventory/products/ HTTP/1.1" 200 0
INFO 2026-06-01 11:30:16,201 basehttp "OPTIONS /api/v1/inventory/products/ HTTP/1.1" 200 0
INFO 2026-06-01 11:30:16,232 basehttp "GET /api/v1/sales/customers/ HTTP/1.1" 200 2392
INFO 2026-06-01 11:30:16,232 basehttp "GET /api/v1/sales/customers/ HTTP/1.1" 200 2392
INFO 2026-06-01 11:30:16,319 basehttp "GET /api/v1/sales/customers/ HTTP/1.1" 200 2392
INFO 2026-06-01 11:30:16,319 basehttp "GET /api/v1/sales/customers/ HTTP/1.1" 200 2392
INFO 2026-06-01 11:30:16,353 basehttp "GET /api/v1/inventory/products/ HTTP/1.1" 200 2245
INFO 2026-06-01 11:30:16,353 basehttp "GET /api/v1/inventory/products/ HTTP/1.1" 200 2245
INFO 2026-06-01 11:30:16,465 basehttp "GET /api/v1/inventory/products/ HTTP/1.1" 200 2245
INFO 2026-06-01 11:30:16,465 basehttp "GET /api/v1/inventory/products/ HTTP/1.1" 200 2245
INFO 2026-06-01 11:30:34,135 basehttp "OPTIONS /api/v1/sales/sales/process/ HTTP/1.1" 200 0
INFO 2026-06-01 11:30:34,135 basehttp "OPTIONS /api/v1/sales/sales/process/ HTTP/1.1" 200 0
INFO 2026-06-01 11:30:34,205 basehttp "POST /api/v1/sales/sales/process/ HTTP/1.1" 201 1021
INFO 2026-06-01 11:30:34,205 basehttp "POST /api/v1/sales/sales/process/ HTTP/1.1" 201 1021
INFO 2026-06-01 11:30:34,278 basehttp "GET /api/v1/sales/customers/ HTTP/1.1" 200 2392
INFO 2026-06-01 11:30:34,278 basehttp "GET /api/v1/sales/customers/ HTTP/1.1" 200 2392
INFO 2026-06-01 11:30:34,301 basehttp "GET /api/v1/inventory/products/ HTTP/1.1" 200 2245
INFO 2026-06-01 11:30:34,301 basehttp "GET /api/v1/inventory/products/ HTTP/1.1" 200 2245
INFO 2026-06-01 11:30:47,065 basehttp "GET /api/v1/bi/dashboard/available-months/ HTTP/1.1" 200 177
INFO 2026-06-01 11:30:47,065 basehttp "GET /api/v1/bi/dashboard/available-months/ HTTP/1.1" 200 177
INFO 2026-06-01 11:30:47,136 basehttp "GET /api/v1/bi/dashboard/alerts/ HTTP/1.1" 200 668
INFO 2026-06-01 11:30:47,136 basehttp "GET /api/v1/bi/dashboard/alerts/ HTTP/1.1" 200 668
INFO 2026-06-01 11:30:47,155 basehttp "GET /api/v1/bi/dashboard/?month=2026-06 HTTP/1.1" 200 930
INFO 2026-06-01 11:30:47,155 basehttp "GET /api/v1/bi/dashboard/?month=2026-06 HTTP/1.1" 200 930
INFO 2026-06-01 11:30:47,156 basehttp "GET /api/v1/bi/dashboard/available-months/ HTTP/1.1" 200 177
INFO 2026-06-01 11:30:47,156 basehttp "GET /api/v1/bi/dashboard/available-months/ HTTP/1.1" 200 177
INFO 2026-06-01 11:30:47,174 basehttp "GET /api/v1/bi/dashboard/milestones/ HTTP/1.1" 200 185
INFO 2026-06-01 11:30:47,174 basehttp "GET /api/v1/bi/dashboard/milestones/ HTTP/1.1" 200 185
INFO 2026-06-01 11:30:47,177 basehttp "GET /api/v1/bi/dashboard/trends/?days=30 HTTP/1.1" 200 2682
INFO 2026-06-01 11:30:47,177 basehttp "GET /api/v1/bi/dashboard/trends/?days=30 HTTP/1.1" 200 2682
INFO 2026-06-01 11:30:55,279 basehttp "GET /api/v1/bi/dashboard/?month=2026-05 HTTP/1.1" 200 853
INFO 2026-06-01 11:30:55,279 basehttp "GET /api/v1/bi/dashboard/?month=2026-05 HTTP/1.1" 200 853
INFO 2026-06-01 11:30:55,287 basehttp "GET /api/v1/bi/dashboard/alerts/ HTTP/1.1" 200 668
INFO 2026-06-01 11:30:55,287 basehttp "GET /api/v1/bi/dashboard/alerts/ HTTP/1.1" 200 668
INFO 2026-06-01 11:30:55,297 basehttp "GET /api/v1/bi/dashboard/trends/?days=30 HTTP/1.1" 200 2682
INFO 2026-06-01 11:30:55,297 basehttp "GET /api/v1/bi/dashboard/trends/?days=30 HTTP/1.1" 200 2682
INFO 2026-06-01 11:30:55,301 basehttp "GET /api/v1/bi/dashboard/milestones/ HTTP/1.1" 200 185
INFO 2026-06-01 11:30:55,301 basehttp "GET /api/v1/bi/dashboard/milestones/ HTTP/1.1" 200 185
INFO 2026-06-01 11:31:01,601 basehttp "GET /api/v1/financials/budgets/?year=2026&status=active&period=monthly HTTP/1.1" 200 52
INFO 2026-06-01 11:31:01,601 basehttp "GET /api/v1/financials/budgets/?year=2026&status=active&period=monthly HTTP/1.1" 200 52
INFO 2026-06-01 11:31:01,708 basehttp "GET /api/v1/bi/financial/profit-loss/ HTTP/1.1" 200 710
INFO 2026-06-01 11:31:01,708 basehttp "GET /api/v1/bi/financial/profit-loss/ HTTP/1.1" 200 710
INFO 2026-06-01 11:31:01,737 basehttp "GET /api/v1/financials/budgets/?year=2026&status=active&period=monthly HTTP/1.1" 200 52
INFO 2026-06-01 11:31:01,737 basehttp "GET /api/v1/financials/budgets/?year=2026&status=active&period=monthly HTTP/1.1" 200 52
INFO 2026-06-01 11:31:01,812 basehttp "GET /api/v1/financials/transactions/ HTTP/1.1" 200 4527
INFO 2026-06-01 11:31:01,812 basehttp "GET /api/v1/financials/transactions/ HTTP/1.1" 200 4527
INFO 2026-06-01 11:31:01,823 basehttp "GET /api/v1/bi/trends/ HTTP/1.1" 200 2682
INFO 2026-06-01 11:31:01,823 basehttp "GET /api/v1/bi/trends/ HTTP/1.1" 200 2682
INFO 2026-06-01 11:31:01,829 basehttp "GET /api/v1/financials/cash-flow/ HTTP/1.1" 200 1942
INFO 2026-06-01 11:31:01,886 basehttp "GET /api/v1/sales/customers/ HTTP/1.1" 200 2392
INFO 2026-06-01 11:31:01,829 basehttp "GET /api/v1/financials/cash-flow/ HTTP/1.1" 200 1942
INFO 2026-06-01 11:31:01,886 basehttp "GET /api/v1/sales/customers/ HTTP/1.1" 200 2392
INFO 2026-06-01 11:31:01,936 basehttp "GET /api/v1/financials/loans/ HTTP/1.1" 200 473
INFO 2026-06-01 11:31:01,936 basehttp "GET /api/v1/financials/loans/ HTTP/1.1" 200 473
INFO 2026-06-01 11:31:02,009 basehttp "GET /api/v1/financials/petty-cash/ HTTP/1.1" 200 263
INFO 2026-06-01 11:31:02,017 basehttp "GET /api/v1/bi/financial/profit-loss/ HTTP/1.1" 200 710
INFO 2026-06-01 11:31:02,009 basehttp "GET /api/v1/financials/petty-cash/ HTTP/1.1" 200 263
INFO 2026-06-01 11:31:02,017 basehttp "GET /api/v1/bi/financial/profit-loss/ HTTP/1.1" 200 710
INFO 2026-06-01 11:31:02,102 basehttp "GET /api/v1/financials/transactions/ HTTP/1.1" 200 4527
INFO 2026-06-01 11:31:02,102 basehttp "GET /api/v1/financials/transactions/ HTTP/1.1" 200 4527
INFO 2026-06-01 11:31:02,141 basehttp "GET /api/v1/financials/invoices/ HTTP/1.1" 200 3624
INFO 2026-06-01 11:31:02,141 basehttp "GET /api/v1/financials/invoices/ HTTP/1.1" 200 3624
INFO 2026-06-01 11:31:02,180 basehttp "GET /api/v1/bi/trends/ HTTP/1.1" 200 2682
INFO 2026-06-01 11:31:02,180 basehttp "GET /api/v1/bi/trends/ HTTP/1.1" 200 2682
INFO 2026-06-01 11:31:02,254 basehttp "GET /api/v1/financials/cash-flow/ HTTP/1.1" 200 1942
INFO 2026-06-01 11:31:02,254 basehttp "GET /api/v1/financials/cash-flow/ HTTP/1.1" 200 1942
INFO 2026-06-01 11:31:02,348 basehttp "GET /api/v1/hr/payroll/ HTTP/1.1" 200 4108
INFO 2026-06-01 11:31:02,356 basehttp "GET /api/v1/sales/sales/?page_size=500 HTTP/1.1" 200 8552
INFO 2026-06-01 11:31:02,390 basehttp "GET /api/v1/financials/petty-cash/ HTTP/1.1" 200 263
INFO 2026-06-01 11:31:02,348 basehttp "GET /api/v1/hr/payroll/ HTTP/1.1" 200 4108
INFO 2026-06-01 11:31:02,356 basehttp "GET /api/v1/sales/sales/?page_size=500 HTTP/1.1" 200 8552
INFO 2026-06-01 11:31:02,390 basehttp "GET /api/v1/financials/petty-cash/ HTTP/1.1" 200 263
INFO 2026-06-01 11:31:02,473 basehttp "GET /api/v1/sales/customers/ HTTP/1.1" 200 2392
INFO 2026-06-01 11:31:02,473 basehttp "GET /api/v1/sales/customers/ HTTP/1.1" 200 2392
INFO 2026-06-01 11:31:02,492 basehttp "GET /api/v1/financials/loans/ HTTP/1.1" 200 473
INFO 2026-06-01 11:31:02,492 basehttp "GET /api/v1/financials/loans/ HTTP/1.1" 200 473
INFO 2026-06-01 11:31:02,688 basehttp "GET /api/v1/financials/invoices/ HTTP/1.1" 200 3624
INFO 2026-06-01 11:31:02,688 basehttp "GET /api/v1/sales/sales/?page_size=500 HTTP/1.1" 200 8552
INFO 2026-06-01 11:31:02,688 basehttp "GET /api/v1/financials/invoices/ HTTP/1.1" 200 3624
INFO 2026-06-01 11:31:02,688 basehttp "GET /api/v1/sales/sales/?page_size=500 HTTP/1.1" 200 8552
INFO 2026-06-01 11:31:02,733 basehttp "GET /api/v1/hr/payroll/ HTTP/1.1" 200 4108
INFO 2026-06-01 11:31:02,733 basehttp "GET /api/v1/hr/payroll/ HTTP/1.1" 200 4108
INFO 2026-06-01 11:31:20,870 basehttp "OPTIONS /api/v1/sales/sales/?page=1&page_size=20 HTTP/1.1" 200 0
INFO 2026-06-01 11:31:20,870 basehttp "OPTIONS /api/v1/sales/sales/?page=1&page_size=20 HTTP/1.1" 200 0
INFO 2026-06-01 11:31:20,889 basehttp "OPTIONS /api/v1/sales/sales/?page=1&page_size=20 HTTP/1.1" 200 0
INFO 2026-06-01 11:31:20,889 basehttp "OPTIONS /api/v1/sales/sales/?page=1&page_size=20 HTTP/1.1" 200 0
INFO 2026-06-01 11:31:20,901 basehttp "OPTIONS /api/v1/sales/returns/ HTTP/1.1" 200 0
INFO 2026-06-01 11:31:20,901 basehttp "OPTIONS /api/v1/sales/returns/ HTTP/1.1" 200 0
INFO 2026-06-01 11:31:20,907 basehttp "OPTIONS /api/v1/sales/returns/ HTTP/1.1" 200 0
INFO 2026-06-01 11:31:20,907 basehttp "OPTIONS /api/v1/sales/returns/ HTTP/1.1" 200 0
INFO 2026-06-01 11:31:20,995 basehttp "GET /api/v1/sales/sales/?page=1&page_size=20 HTTP/1.1" 200 8551
INFO 2026-06-01 11:31:20,995 basehttp "GET /api/v1/sales/sales/?page=1&page_size=20 HTTP/1.1" 200 8551
INFO 2026-06-01 11:31:21,263 basehttp "GET /api/v1/sales/returns/ HTTP/1.1" 200 1572
INFO 2026-06-01 11:31:21,263 basehttp "GET /api/v1/sales/returns/ HTTP/1.1" 200 1572
INFO 2026-06-01 11:31:21,266 basehttp "GET /api/v1/sales/sales/?page=1&page_size=20 HTTP/1.1" 200 8551
INFO 2026-06-01 11:31:21,266 basehttp "GET /api/v1/sales/sales/?page=1&page_size=20 HTTP/1.1" 200 8551
INFO 2026-06-01 11:31:21,319 basehttp "GET /api/v1/sales/returns/ HTTP/1.1" 200 1572
INFO 2026-06-01 11:31:21,319 basehttp "GET /api/v1/sales/returns/ HTTP/1.1" 200 1572
INFO 2026-06-01 11:31:32,082 basehttp "GET /api/v1/bi/dashboard/available-months/ HTTP/1.1" 200 177
INFO 2026-06-01 11:31:32,082 basehttp "GET /api/v1/bi/dashboard/available-months/ HTTP/1.1" 200 177
INFO 2026-06-01 11:31:32,162 basehttp "GET /api/v1/bi/dashboard/trends/?days=30 HTTP/1.1" 200 2682
INFO 2026-06-01 11:31:32,162 basehttp "GET /api/v1/bi/dashboard/trends/?days=30 HTTP/1.1" 200 2682
INFO 2026-06-01 11:31:32,170 basehttp "GET /api/v1/bi/dashboard/alerts/ HTTP/1.1" 200 668
INFO 2026-06-01 11:31:32,170 basehttp "GET /api/v1/bi/dashboard/?month=2026-06 HTTP/1.1" 200 930
INFO 2026-06-01 11:31:32,170 basehttp "GET /api/v1/bi/dashboard/?month=2026-06 HTTP/1.1" 200 930
INFO 2026-06-01 11:31:32,170 basehttp "GET /api/v1/bi/dashboard/alerts/ HTTP/1.1" 200 668
INFO 2026-06-01 11:31:32,183 basehttp "GET /api/v1/bi/dashboard/milestones/ HTTP/1.1" 200 185
INFO 2026-06-01 11:31:32,183 basehttp "GET /api/v1/bi/dashboard/milestones/ HTTP/1.1" 200 185
INFO 2026-06-01 11:31:32,276 basehttp "GET /api/v1/bi/dashboard/available-months/ HTTP/1.1" 200 177
INFO 2026-06-01 11:31:32,276 basehttp "GET /api/v1/bi/dashboard/available-months/ HTTP/1.1" 200 177
INFO 2026-06-01 11:31:54,848 basehttp "GET /api/v1/bi/dashboard/trends/?days=30 HTTP/1.1" 200 2682
INFO 2026-06-01 11:31:54,851 basehttp "GET /api/v1/bi/dashboard/alerts/ HTTP/1.1" 200 668
INFO 2026-06-01 11:31:54,854 basehttp "GET /api/v1/bi/dashboard/?month=2026-05 HTTP/1.1" 200 853
INFO 2026-06-01 11:31:54,848 basehttp "GET /api/v1/bi/dashboard/trends/?days=30 HTTP/1.1" 200 2682
INFO 2026-06-01 11:31:54,851 basehttp "GET /api/v1/bi/dashboard/alerts/ HTTP/1.1" 200 668
INFO 2026-06-01 11:31:54,852 basehttp "GET /api/v1/bi/dashboard/milestones/ HTTP/1.1" 200 185
INFO 2026-06-01 11:31:54,854 basehttp "GET /api/v1/bi/dashboard/?month=2026-05 HTTP/1.1" 200 853
INFO 2026-06-01 11:31:54,852 basehttp "GET /api/v1/bi/dashboard/milestones/ HTTP/1.1" 200 185
INFO 2026-06-01 11:32:04,694 basehttp "GET /api/v1/sales/customers/ HTTP/1.1" 200 2392
INFO 2026-06-01 11:32:04,694 basehttp "GET /api/v1/sales/customers/ HTTP/1.1" 200 2392
INFO 2026-06-01 11:32:04,738 basehttp "GET /api/v1/inventory/products/ HTTP/1.1" 200 2245
INFO 2026-06-01 11:32:04,738 basehttp "GET /api/v1/inventory/products/ HTTP/1.1" 200 2245
INFO 2026-06-01 11:32:04,804 basehttp "GET /api/v1/sales/customers/ HTTP/1.1" 200 2392
INFO 2026-06-01 11:32:04,804 basehttp "GET /api/v1/sales/customers/ HTTP/1.1" 200 2392
INFO 2026-06-01 11:32:04,834 basehttp "GET /api/v1/inventory/products/ HTTP/1.1" 200 2245
INFO 2026-06-01 11:32:04,834 basehttp "GET /api/v1/inventory/products/ HTTP/1.1" 200 2245
INFO 2026-06-01 11:32:07,326 basehttp "GET /api/v1/financials/transactions/?start_date=2026-06-01&end_date=2026-06-01&page_size=100 HTTP/1.1" 200 4583
INFO 2026-06-01 11:32:07,326 basehttp "GET /api/v1/financials/transactions/?start_date=2026-06-01&end_date=2026-06-01&page_size=100 HTTP/1.1" 200 4583
INFO 2026-06-01 11:32:07,416 basehttp "GET /api/v1/financials/petty-cash/?start_date=2026-06-01&end_date=2026-06-01&page_size=100 HTTP/1.1" 200 263
INFO 2026-06-01 11:32:07,416 basehttp "GET /api/v1/financials/petty-cash/?start_date=2026-06-01&end_date=2026-06-01&page_size=100 HTTP/1.1" 200 263
INFO 2026-06-01 11:32:07,472 basehttp "GET /api/v1/financials/transactions/?start_date=2026-06-01&end_date=2026-06-01&page_size=100 HTTP/1.1" 200 4583
INFO 2026-06-01 11:32:07,499 basehttp "GET /api/v1/sales/sales/?start_date=2026-06-01&end_date=2026-06-01&page_size=100 HTTP/1.1" 200 806
INFO 2026-06-01 11:32:07,472 basehttp "GET /api/v1/financials/transactions/?start_date=2026-06-01&end_date=2026-06-01&page_size=100 HTTP/1.1" 200 4583
INFO 2026-06-01 11:32:07,499 basehttp "GET /api/v1/sales/sales/?start_date=2026-06-01&end_date=2026-06-01&page_size=100 HTTP/1.1" 200 806
INFO 2026-06-01 11:32:07,548 basehttp "GET /api/v1/financials/petty-cash/?start_date=2026-06-01&end_date=2026-06-01&page_size=100 HTTP/1.1" 200 263
INFO 2026-06-01 11:32:07,548 basehttp "GET /api/v1/financials/petty-cash/?start_date=2026-06-01&end_date=2026-06-01&page_size=100 HTTP/1.1" 200 263
INFO 2026-06-01 11:32:07,592 basehttp "GET /api/v1/hr/payroll/ HTTP/1.1" 200 4108
INFO 2026-06-01 11:32:07,592 basehttp "GET /api/v1/hr/payroll/ HTTP/1.1" 200 4108
INFO 2026-06-01 11:32:07,690 basehttp "GET /api/v1/financials/invoices/?status=paid&start_date=2026-06-01&end_date=2026-06-01&page_size=100 HTTP/1.1" 200 3624
INFO 2026-06-01 11:32:07,747 basehttp "GET /api/v1/sales/sales/?start_date=2026-06-01&end_date=2026-06-01&page_size=100 HTTP/1.1" 200 806
INFO 2026-06-01 11:32:07,690 basehttp "GET /api/v1/financials/invoices/?status=paid&start_date=2026-06-01&end_date=2026-06-01&page_size=100 HTTP/1.1" 200 3624
INFO 2026-06-01 11:32:07,747 basehttp "GET /api/v1/sales/sales/?start_date=2026-06-01&end_date=2026-06-01&page_size=100 HTTP/1.1" 200 806
INFO 2026-06-01 11:32:07,805 basehttp "GET /api/v1/hr/payroll/ HTTP/1.1" 200 4108
INFO 2026-06-01 11:32:07,805 basehttp "GET /api/v1/hr/payroll/ HTTP/1.1" 200 4108
INFO 2026-06-01 11:32:07,867 basehttp "GET /api/v1/financials/invoices/?status=paid&start_date=2026-06-01&end_date=2026-06-01&page_size=100 HTTP/1.1" 200 3624
INFO 2026-06-01 11:32:07,867 basehttp "GET /api/v1/financials/invoices/?status=paid&start_date=2026-06-01&end_date=2026-06-01&page_size=100 HTTP/1.1" 200 3624
INFO 2026-06-01 11:32:28,400 basehttp "GET /api/v1/financials/transactions/?page=1&page_size=20 HTTP/1.1" 200 4540
INFO 2026-06-01 11:32:28,400 basehttp "GET /api/v1/financials/transactions/?page=1&page_size=20 HTTP/1.1" 200 4540
INFO 2026-06-01 11:32:28,532 basehttp "GET /api/v1/financials/transactions/?page=1&page_size=20 HTTP/1.1" 200 4540
INFO 2026-06-01 11:32:28,532 basehttp "GET /api/v1/financials/transactions/?page=1&page_size=20 HTTP/1.1" 200 4540
INFO 2026-06-01 11:32:36,331 basehttp "GET /api/v1/bi/dashboard/available-months/ HTTP/1.1" 200 177
INFO 2026-06-01 11:32:36,331 basehttp "GET /api/v1/bi/dashboard/available-months/ HTTP/1.1" 200 177
INFO 2026-06-01 11:32:36,403 basehttp "GET /api/v1/bi/dashboard/available-months/ HTTP/1.1" 200 177
INFO 2026-06-01 11:32:36,403 basehttp "GET /api/v1/bi/dashboard/available-months/ HTTP/1.1" 200 177
INFO 2026-06-01 11:32:36,419 basehttp "GET /api/v1/bi/dashboard/alerts/ HTTP/1.1" 200 668
INFO 2026-06-01 11:32:36,424 basehttp "GET /api/v1/bi/dashboard/trends/?days=30 HTTP/1.1" 200 2682
INFO 2026-06-01 11:32:36,424 basehttp "GET /api/v1/bi/dashboard/trends/?days=30 HTTP/1.1" 200 2682
INFO 2026-06-01 11:32:36,425 basehttp "GET /api/v1/bi/dashboard/?month=2026-06 HTTP/1.1" 200 930
INFO 2026-06-01 11:32:36,425 basehttp "GET /api/v1/bi/dashboard/?month=2026-06 HTTP/1.1" 200 930
INFO 2026-06-01 11:32:36,419 basehttp "GET /api/v1/bi/dashboard/alerts/ HTTP/1.1" 200 668
INFO 2026-06-01 11:32:36,440 basehttp "GET /api/v1/bi/dashboard/milestones/ HTTP/1.1" 200 185
INFO 2026-06-01 11:32:36,440 basehttp "GET /api/v1/bi/dashboard/milestones/ HTTP/1.1" 200 185
INFO 2026-06-01 11:41:44,368 autoreload /Users/j/Desktop/BizSMART/Backend/bi/services.py changed, reloading.
INFO 2026-06-01 11:41:44,368 autoreload /Users/j/Desktop/BizSMART/Backend/bi/services.py changed, reloading.
INFO 2026-06-01 11:41:47,277 autoreload Watching for file changes with StatReloader
INFO 2026-06-01 11:41:47,277 autoreload Watching for file changes with StatReloader
INFO 2026-06-01 11:43:59,636 autoreload Watching for file changes with StatReloader
INFO 2026-06-01 11:43:59,636 autoreload Watching for file changes with StatReloader
INFO 2026-06-01 11:44:41,958 basehttp "POST /api/v1/auth/login/ HTTP/1.1" 200 808
INFO 2026-06-01 11:44:41,958 basehttp "POST /api/v1/auth/login/ HTTP/1.1" 200 808
INFO 2026-06-01 11:45:07,127 basehttp "GET /api/v1/bi/dashboard/ HTTP/1.1" 200 853
INFO 2026-06-01 11:45:07,127 basehttp "GET /api/v1/bi/dashboard/ HTTP/1.1" 200 853
INFO 2026-06-01 12:01:05,440 autoreload /Users/j/Desktop/BizSMART/Backend/bi/services.py changed, reloading.
INFO 2026-06-01 12:01:05,440 autoreload /Users/j/Desktop/BizSMART/Backend/bi/services.py changed, reloading.
INFO 2026-06-01 12:01:07,228 autoreload Watching for file changes with StatReloader
INFO 2026-06-01 12:01:07,228 autoreload Watching for file changes with StatReloader
WARNING 2026-06-01 12:01:28,320 basehttp "GET /api/v1/financials/budgets/?year=2026&status=active&period=monthly HTTP/1.1" 401 183
WARNING 2026-06-01 12:01:28,320 basehttp "GET /api/v1/financials/budgets/?year=2026&status=active&period=monthly HTTP/1.1" 401 183
WARNING 2026-06-01 12:01:28,330 basehttp "GET /api/v1/financials/budgets/?year=2026&status=active&period=monthly HTTP/1.1" 401 183
WARNING 2026-06-01 12:01:28,330 basehttp "GET /api/v1/financials/budgets/?year=2026&status=active&period=monthly HTTP/1.1" 401 183
WARNING 2026-06-01 12:01:28,362 basehttp "POST /api/v1/auth/refresh/ HTTP/1.1" 401 58
WARNING 2026-06-01 12:01:28,362 basehttp "POST /api/v1/auth/refresh/ HTTP/1.1" 401 58
WARNING 2026-06-01 12:01:28,419 basehttp "GET /api/v1/financials/cash-flow/ HTTP/1.1" 401 58
WARNING 2026-06-01 12:01:28,419 basehttp "GET /api/v1/financials/cash-flow/ HTTP/1.1" 401 58
WARNING 2026-06-01 12:01:28,431 basehttp "GET /api/v1/bi/trends/ HTTP/1.1" 401 58
WARNING 2026-06-01 12:01:28,431 basehttp "GET /api/v1/bi/trends/ HTTP/1.1" 401 58
WARNING 2026-06-01 12:01:28,438 basehttp "GET /api/v1/bi/financial/profit-loss/ HTTP/1.1" 401 58
WARNING 2026-06-01 12:01:28,438 basehttp "GET /api/v1/bi/financial/profit-loss/ HTTP/1.1" 401 58
WARNING 2026-06-01 12:01:28,448 basehttp "GET /api/v1/financials/transactions/ HTTP/1.1" 401 58
WARNING 2026-06-01 12:01:28,448 basehttp "GET /api/v1/financials/transactions/ HTTP/1.1" 401 58
WARNING 2026-06-01 12:01:28,461 basehttp "GET /api/v1/sales/customers/ HTTP/1.1" 401 58
WARNING 2026-06-01 12:01:28,461 basehttp "GET /api/v1/sales/customers/ HTTP/1.1" 401 58
WARNING 2026-06-01 12:01:28,475 basehttp "GET /api/v1/financials/loans/ HTTP/1.1" 401 58
WARNING 2026-06-01 12:01:28,475 basehttp "GET /api/v1/financials/loans/ HTTP/1.1" 401 58
WARNING 2026-06-01 12:01:28,558 basehttp "GET /api/v1/bi/financial/profit-loss/ HTTP/1.1" 401 58
WARNING 2026-06-01 12:01:28,559 basehttp "GET /api/v1/financials/petty-cash/ HTTP/1.1" 401 58
WARNING 2026-06-01 12:01:28,561 basehttp "GET /api/v1/hr/payroll/ HTTP/1.1" 401 58
WARNING 2026-06-01 12:01:28,558 basehttp "GET /api/v1/bi/financial/profit-loss/ HTTP/1.1" 401 58
WARNING 2026-06-01 12:01:28,559 basehttp "GET /api/v1/financials/petty-cash/ HTTP/1.1" 401 58
WARNING 2026-06-01 12:01:28,561 basehttp "GET /api/v1/hr/payroll/ HTTP/1.1" 401 58
WARNING 2026-06-01 12:01:28,599 basehttp "GET /api/v1/bi/trends/ HTTP/1.1" 401 58
WARNING 2026-06-01 12:01:28,605 basehttp "GET /api/v1/sales/customers/ HTTP/1.1" 401 58
WARNING 2026-06-01 12:01:28,599 basehttp "GET /api/v1/bi/trends/ HTTP/1.1" 401 58
WARNING 2026-06-01 12:01:28,606 basehttp "GET /api/v1/financials/transactions/ HTTP/1.1" 401 58
WARNING 2026-06-01 12:01:28,605 basehttp "GET /api/v1/sales/customers/ HTTP/1.1" 401 58
WARNING 2026-06-01 12:01:28,606 basehttp "GET /api/v1/financials/transactions/ HTTP/1.1" 401 58
WARNING 2026-06-01 12:01:28,616 basehttp "GET /api/v1/financials/loans/ HTTP/1.1" 401 58
WARNING 2026-06-01 12:01:28,621 basehttp "GET /api/v1/hr/payroll/ HTTP/1.1" 401 58
WARNING 2026-06-01 12:01:28,621 basehttp "GET /api/v1/hr/payroll/ HTTP/1.1" 401 58
WARNING 2026-06-01 12:01:28,616 basehttp "GET /api/v1/financials/loans/ HTTP/1.1" 401 58
WARNING 2026-06-01 12:01:28,638 basehttp "GET /api/v1/sales/sales/?page_size=500 HTTP/1.1" 401 58
WARNING 2026-06-01 12:01:28,638 basehttp "GET /api/v1/financials/petty-cash/ HTTP/1.1" 401 58
WARNING 2026-06-01 12:01:28,638 basehttp "GET /api/v1/sales/sales/?page_size=500 HTTP/1.1" 401 58
WARNING 2026-06-01 12:01:28,638 basehttp "GET /api/v1/financials/petty-cash/ HTTP/1.1" 401 58
WARNING 2026-06-01 12:01:28,641 basehttp "GET /api/v1/sales/sales/?page_size=500 HTTP/1.1" 401 58
WARNING 2026-06-01 12:01:28,649 basehttp "GET /api/v1/financials/invoices/ HTTP/1.1" 401 58
WARNING 2026-06-01 12:01:28,651 basehttp "GET /api/v1/financials/invoices/ HTTP/1.1" 401 58
WARNING 2026-06-01 12:01:28,641 basehttp "GET /api/v1/sales/sales/?page_size=500 HTTP/1.1" 401 58
WARNING 2026-06-01 12:01:28,653 basehttp "GET /api/v1/financials/cash-flow/ HTTP/1.1" 401 58
WARNING 2026-06-01 12:01:28,649 basehttp "GET /api/v1/financials/invoices/ HTTP/1.1" 401 58
WARNING 2026-06-01 12:01:28,651 basehttp "GET /api/v1/financials/invoices/ HTTP/1.1" 401 58
WARNING 2026-06-01 12:01:28,653 basehttp "GET /api/v1/financials/cash-flow/ HTTP/1.1" 401 58
INFO 2026-06-01 12:01:52,562 basehttp "OPTIONS /api/v1/auth/login/ HTTP/1.1" 200 0
INFO 2026-06-01 12:01:52,562 basehttp "OPTIONS /api/v1/auth/login/ HTTP/1.1" 200 0
INFO 2026-06-01 12:01:53,583 basehttp "POST /api/v1/auth/login/ HTTP/1.1" 200 808
INFO 2026-06-01 12:01:53,583 basehttp "POST /api/v1/auth/login/ HTTP/1.1" 200 808
INFO 2026-06-01 12:01:54,601 basehttp "OPTIONS /api/v1/sales/sales/?start_date=2026-06-01&end_date=2026-06-01&page_size=100 HTTP/1.1" 200 0
INFO 2026-06-01 12:01:54,601 basehttp "OPTIONS /api/v1/sales/sales/?start_date=2026-06-01&end_date=2026-06-01&page_size=100 HTTP/1.1" 200 0
INFO 2026-06-01 12:01:54,606 basehttp "OPTIONS /api/v1/financials/petty-cash/?start_date=2026-06-01&end_date=2026-06-01&page_size=100 HTTP/1.1" 200 0
INFO 2026-06-01 12:01:54,606 basehttp "OPTIONS /api/v1/financials/petty-cash/?start_date=2026-06-01&end_date=2026-06-01&page_size=100 HTTP/1.1" 200 0
INFO 2026-06-01 12:01:54,609 basehttp "OPTIONS /api/v1/financials/transactions/?start_date=2026-06-01&end_date=2026-06-01&page_size=100 HTTP/1.1" 200 0
INFO 2026-06-01 12:01:54,609 basehttp "OPTIONS /api/v1/financials/transactions/?start_date=2026-06-01&end_date=2026-06-01&page_size=100 HTTP/1.1" 200 0
INFO 2026-06-01 12:01:54,621 basehttp "OPTIONS /api/v1/financials/transactions/?start_date=2026-06-01&end_date=2026-06-01&page_size=100 HTTP/1.1" 200 0
INFO 2026-06-01 12:01:54,621 basehttp "OPTIONS /api/v1/financials/transactions/?start_date=2026-06-01&end_date=2026-06-01&page_size=100 HTTP/1.1" 200 0
INFO 2026-06-01 12:01:54,626 basehttp "OPTIONS /api/v1/financials/petty-cash/?start_date=2026-06-01&end_date=2026-06-01&page_size=100 HTTP/1.1" 200 0
INFO 2026-06-01 12:01:54,626 basehttp "OPTIONS /api/v1/financials/petty-cash/?start_date=2026-06-01&end_date=2026-06-01&page_size=100 HTTP/1.1" 200 0
INFO 2026-06-01 12:01:54,613 basehttp "OPTIONS /api/v1/sales/sales/?start_date=2026-06-01&end_date=2026-06-01&page_size=100 HTTP/1.1" 200 0
INFO 2026-06-01 12:01:54,652 basehttp "OPTIONS /api/v1/hr/payroll/ HTTP/1.1" 200 0
INFO 2026-06-01 12:01:54,652 basehttp "OPTIONS /api/v1/hr/payroll/ HTTP/1.1" 200 0
INFO 2026-06-01 12:01:54,613 basehttp "OPTIONS /api/v1/sales/sales/?start_date=2026-06-01&end_date=2026-06-01&page_size=100 HTTP/1.1" 200 0
INFO 2026-06-01 12:01:54,878 basehttp "GET /api/v1/financials/petty-cash/?start_date=2026-06-01&end_date=2026-06-01&page_size=100 HTTP/1.1" 200 263
INFO 2026-06-01 12:01:54,878 basehttp "GET /api/v1/financials/petty-cash/?start_date=2026-06-01&end_date=2026-06-01&page_size=100 HTTP/1.1" 200 263
INFO 2026-06-01 12:01:54,893 basehttp "GET /api/v1/sales/sales/?start_date=2026-06-01&end_date=2026-06-01&page_size=100 HTTP/1.1" 200 806
INFO 2026-06-01 12:01:54,893 basehttp "GET /api/v1/sales/sales/?start_date=2026-06-01&end_date=2026-06-01&page_size=100 HTTP/1.1" 200 806
INFO 2026-06-01 12:01:54,881 basehttp "GET /api/v1/financials/transactions/?start_date=2026-06-01&end_date=2026-06-01&page_size=100 HTTP/1.1" 200 4568
INFO 2026-06-01 12:01:54,881 basehttp "GET /api/v1/financials/transactions/?start_date=2026-06-01&end_date=2026-06-01&page_size=100 HTTP/1.1" 200 4568
INFO 2026-06-01 12:01:54,987 basehttp "GET /api/v1/hr/payroll/ HTTP/1.1" 200 4108
INFO 2026-06-01 12:01:54,987 basehttp "GET /api/v1/hr/payroll/ HTTP/1.1" 200 4108
INFO 2026-06-01 12:01:55,104 basehttp "GET /api/v1/financials/petty-cash/?start_date=2026-06-01&end_date=2026-06-01&page_size=100 HTTP/1.1" 200 263
INFO 2026-06-01 12:01:55,104 basehttp "GET /api/v1/financials/petty-cash/?start_date=2026-06-01&end_date=2026-06-01&page_size=100 HTTP/1.1" 200 263
INFO 2026-06-01 12:01:55,212 basehttp "GET /api/v1/financials/transactions/?start_date=2026-06-01&end_date=2026-06-01&page_size=100 HTTP/1.1" 200 4568
INFO 2026-06-01 12:01:55,212 basehttp "GET /api/v1/financials/transactions/?start_date=2026-06-01&end_date=2026-06-01&page_size=100 HTTP/1.1" 200 4568
INFO 2026-06-01 12:01:55,220 basehttp "GET /api/v1/sales/sales/?start_date=2026-06-01&end_date=2026-06-01&page_size=100 HTTP/1.1" 200 806
INFO 2026-06-01 12:01:55,220 basehttp "GET /api/v1/sales/sales/?start_date=2026-06-01&end_date=2026-06-01&page_size=100 HTTP/1.1" 200 806
INFO 2026-06-01 12:01:55,245 basehttp "OPTIONS /api/v1/financials/invoices/?status=paid&start_date=2026-06-01&end_date=2026-06-01&page_size=100 HTTP/1.1" 200 0
INFO 2026-06-01 12:01:55,246 basehttp "GET /api/v1/hr/payroll/ HTTP/1.1" 200 4108
INFO 2026-06-01 12:01:55,246 basehttp "GET /api/v1/hr/payroll/ HTTP/1.1" 200 4108
INFO 2026-06-01 12:01:55,245 basehttp "OPTIONS /api/v1/financials/invoices/?status=paid&start_date=2026-06-01&end_date=2026-06-01&page_size=100 HTTP/1.1" 200 0
INFO 2026-06-01 12:01:55,335 basehttp "GET /api/v1/financials/invoices/?status=paid&start_date=2026-06-01&end_date=2026-06-01&page_size=100 HTTP/1.1" 200 3624
INFO 2026-06-01 12:01:55,335 basehttp "GET /api/v1/financials/invoices/?status=paid&start_date=2026-06-01&end_date=2026-06-01&page_size=100 HTTP/1.1" 200 3624
INFO 2026-06-01 12:01:55,490 basehttp "GET /api/v1/financials/invoices/?status=paid&start_date=2026-06-01&end_date=2026-06-01&page_size=100 HTTP/1.1" 200 3624
INFO 2026-06-01 12:01:55,490 basehttp "GET /api/v1/financials/invoices/?status=paid&start_date=2026-06-01&end_date=2026-06-01&page_size=100 HTTP/1.1" 200 3624
INFO 2026-06-01 12:02:08,474 basehttp "GET /api/v1/bi/dashboard/available-months/ HTTP/1.1" 200 177
INFO 2026-06-01 12:02:08,474 basehttp "GET /api/v1/bi/dashboard/available-months/ HTTP/1.1" 200 177
INFO 2026-06-01 12:02:08,501 basehttp "GET /api/v1/bi/dashboard/available-months/ HTTP/1.1" 200 177
INFO 2026-06-01 12:02:08,501 basehttp "GET /api/v1/bi/dashboard/available-months/ HTTP/1.1" 200 177
INFO 2026-06-01 12:02:08,643 basehttp "GET /api/v1/bi/dashboard/?month=2026-06 HTTP/1.1" 200 877
INFO 2026-06-01 12:02:08,644 basehttp "GET /api/v1/bi/dashboard/alerts/ HTTP/1.1" 200 23
INFO 2026-06-01 12:02:08,644 basehttp "GET /api/v1/bi/dashboard/alerts/ HTTP/1.1" 200 23
INFO 2026-06-01 12:02:08,648 basehttp "GET /api/v1/bi/dashboard/trends/?days=30 HTTP/1.1" 200 1124
INFO 2026-06-01 12:02:08,648 basehttp "GET /api/v1/bi/dashboard/trends/?days=30 HTTP/1.1" 200 1124
INFO 2026-06-01 12:02:08,643 basehttp "GET /api/v1/bi/dashboard/?month=2026-06 HTTP/1.1" 200 877
INFO 2026-06-01 12:02:08,766 basehttp "GET /api/v1/bi/dashboard/milestones/ HTTP/1.1" 200 185
INFO 2026-06-01 12:02:08,766 basehttp "GET /api/v1/bi/dashboard/milestones/ HTTP/1.1" 200 185
INFO 2026-06-01 12:02:39,291 basehttp "GET /api/v1/bi/dashboard/alerts/ HTTP/1.1" 200 23
INFO 2026-06-01 12:02:39,291 basehttp "GET /api/v1/bi/dashboard/alerts/ HTTP/1.1" 200 23
INFO 2026-06-01 12:02:39,302 basehttp "GET /api/v1/bi/dashboard/?month=2026-05 HTTP/1.1" 200 878
INFO 2026-06-01 12:02:39,302 basehttp "GET /api/v1/bi/dashboard/?month=2026-05 HTTP/1.1" 200 878
INFO 2026-06-01 12:02:39,327 basehttp "GET /api/v1/bi/dashboard/trends/?days=30 HTTP/1.1" 200 1124
INFO 2026-06-01 12:02:39,327 basehttp "GET /api/v1/bi/dashboard/trends/?days=30 HTTP/1.1" 200 1124
INFO 2026-06-01 12:02:39,377 basehttp "GET /api/v1/bi/dashboard/milestones/ HTTP/1.1" 200 185
INFO 2026-06-01 12:02:39,377 basehttp "GET /api/v1/bi/dashboard/milestones/ HTTP/1.1" 200 185
INFO 2026-06-01 12:03:34,710 basehttp "GET /api/v1/bi/dashboard/alerts/ HTTP/1.1" 200 23
INFO 2026-06-01 12:03:34,710 basehttp "GET /api/v1/bi/dashboard/alerts/ HTTP/1.1" 200 23
INFO 2026-06-01 12:03:34,730 basehttp "GET /api/v1/bi/dashboard/?month=2026-06 HTTP/1.1" 200 877
INFO 2026-06-01 12:03:34,730 basehttp "GET /api/v1/bi/dashboard/?month=2026-06 HTTP/1.1" 200 877
INFO 2026-06-01 12:03:34,741 basehttp "GET /api/v1/bi/dashboard/trends/?days=30 HTTP/1.1" 200 1124
INFO 2026-06-01 12:03:34,741 basehttp "GET /api/v1/bi/dashboard/trends/?days=30 HTTP/1.1" 200 1124
INFO 2026-06-01 12:03:34,797 basehttp "GET /api/v1/bi/dashboard/milestones/ HTTP/1.1" 200 185
INFO 2026-06-01 12:03:34,797 basehttp "GET /api/v1/bi/dashboard/milestones/ HTTP/1.1" 200 185
INFO 2026-06-01 12:09:49,335 autoreload /Users/j/Desktop/BizSMART/Backend/bi/services.py changed, reloading.
INFO 2026-06-01 12:09:49,335 autoreload /Users/j/Desktop/BizSMART/Backend/bi/services.py changed, reloading.
INFO 2026-06-01 12:09:52,332 autoreload Watching for file changes with StatReloader
INFO 2026-06-01 12:09:52,332 autoreload Watching for file changes with StatReloader
INFO 2026-06-01 12:10:16,325 basehttp "GET /api/v1/financials/budgets/?year=2026&status=active&period=monthly HTTP/1.1" 200 52
INFO 2026-06-01 12:10:16,325 basehttp "GET /api/v1/financials/budgets/?year=2026&status=active&period=monthly HTTP/1.1" 200 52
INFO 2026-06-01 12:10:16,445 basehttp "GET /api/v1/financials/budgets/?year=2026&status=active&period=monthly HTTP/1.1" 200 52
INFO 2026-06-01 12:10:16,445 basehttp "GET /api/v1/financials/budgets/?year=2026&status=active&period=monthly HTTP/1.1" 200 52
INFO 2026-06-01 12:10:16,534 basehttp "GET /api/v1/financials/transactions/ HTTP/1.1" 200 4512
INFO 2026-06-01 12:10:16,538 basehttp "GET /api/v1/bi/financial/profit-loss/ HTTP/1.1" 200 94
INFO 2026-06-01 12:10:16,534 basehttp "GET /api/v1/financials/transactions/ HTTP/1.1" 200 4512
INFO 2026-06-01 12:10:16,538 basehttp "GET /api/v1/bi/financial/profit-loss/ HTTP/1.1" 200 94
INFO 2026-06-01 12:10:16,619 basehttp "GET /api/v1/financials/cash-flow/ HTTP/1.1" 200 1962
INFO 2026-06-01 12:10:16,619 basehttp "GET /api/v1/financials/cash-flow/ HTTP/1.1" 200 1962
INFO 2026-06-01 12:10:16,783 basehttp "GET /api/v1/sales/customers/ HTTP/1.1" 200 2392
INFO 2026-06-01 12:10:16,783 basehttp "GET /api/v1/sales/customers/ HTTP/1.1" 200 2392
INFO 2026-06-01 12:10:16,836 basehttp "GET /api/v1/financials/petty-cash/ HTTP/1.1" 200 263
INFO 2026-06-01 12:10:16,836 basehttp "GET /api/v1/financials/petty-cash/ HTTP/1.1" 200 263
INFO 2026-06-01 12:10:16,837 basehttp "GET /api/v1/financials/loans/ HTTP/1.1" 200 473
INFO 2026-06-01 12:10:16,837 basehttp "GET /api/v1/financials/loans/ HTTP/1.1" 200 473
INFO 2026-06-01 12:10:17,001 basehttp "GET /api/v1/financials/transactions/ HTTP/1.1" 200 4512
INFO 2026-06-01 12:10:17,001 basehttp "GET /api/v1/financials/transactions/ HTTP/1.1" 200 4512
INFO 2026-06-01 12:10:17,048 basehttp "GET /api/v1/hr/payroll/ HTTP/1.1" 200 4108
INFO 2026-06-01 12:10:17,048 basehttp "GET /api/v1/hr/payroll/ HTTP/1.1" 200 4108
INFO 2026-06-01 12:10:17,099 basehttp "GET /api/v1/financials/invoices/ HTTP/1.1" 200 3624
INFO 2026-06-01 12:10:17,099 basehttp "GET /api/v1/financials/invoices/ HTTP/1.1" 200 3624
INFO 2026-06-01 12:10:17,174 basehttp "GET /api/v1/bi/trends/ HTTP/1.1" 200 1168
INFO 2026-06-01 12:10:17,174 basehttp "GET /api/v1/bi/trends/ HTTP/1.1" 200 1168
INFO 2026-06-01 12:10:17,186 basehttp "GET /api/v1/bi/financial/profit-loss/ HTTP/1.1" 200 94
INFO 2026-06-01 12:10:17,186 basehttp "GET /api/v1/bi/financial/profit-loss/ HTTP/1.1" 200 94
INFO 2026-06-01 12:10:17,268 basehttp "GET /api/v1/sales/sales/?page_size=500 HTTP/1.1" 200 8552
INFO 2026-06-01 12:10:17,327 basehttp "GET /api/v1/financials/loans/ HTTP/1.1" 200 473
INFO 2026-06-01 12:10:17,268 basehttp "GET /api/v1/sales/sales/?page_size=500 HTTP/1.1" 200 8552
INFO 2026-06-01 12:10:17,420 basehttp "GET /api/v1/sales/customers/ HTTP/1.1" 200 2392
INFO 2026-06-01 12:10:17,420 basehttp "GET /api/v1/sales/customers/ HTTP/1.1" 200 2392
INFO 2026-06-01 12:10:17,327 basehttp "GET /api/v1/financials/loans/ HTTP/1.1" 200 473
INFO 2026-06-01 12:10:17,477 basehttp "GET /api/v1/financials/petty-cash/ HTTP/1.1" 200 263
INFO 2026-06-01 12:10:17,459 basehttp "GET /api/v1/financials/cash-flow/ HTTP/1.1" 200 1962
INFO 2026-06-01 12:10:17,459 basehttp "GET /api/v1/financials/cash-flow/ HTTP/1.1" 200 1962
INFO 2026-06-01 12:10:17,477 basehttp "GET /api/v1/financials/petty-cash/ HTTP/1.1" 200 263
INFO 2026-06-01 12:10:17,658 basehttp "GET /api/v1/hr/payroll/ HTTP/1.1" 200 4108
INFO 2026-06-01 12:10:17,696 basehttp "GET /api/v1/sales/sales/?page_size=500 HTTP/1.1" 200 8552
INFO 2026-06-01 12:10:17,696 basehttp "GET /api/v1/sales/sales/?page_size=500 HTTP/1.1" 200 8552
INFO 2026-06-01 12:10:17,658 basehttp "GET /api/v1/hr/payroll/ HTTP/1.1" 200 4108
INFO 2026-06-01 12:10:17,766 basehttp "GET /api/v1/financials/invoices/ HTTP/1.1" 200 3624
INFO 2026-06-01 12:10:17,766 basehttp "GET /api/v1/financials/invoices/ HTTP/1.1" 200 3624
INFO 2026-06-01 12:10:17,918 basehttp "GET /api/v1/bi/trends/ HTTP/1.1" 200 1168
INFO 2026-06-01 12:10:17,918 basehttp "GET /api/v1/bi/trends/ HTTP/1.1" 200 1168
INFO 2026-06-01 12:10:39,526 basehttp "GET /api/v1/bi/dashboard/available-months/ HTTP/1.1" 200 177
INFO 2026-06-01 12:10:39,526 basehttp "GET /api/v1/bi/dashboard/available-months/ HTTP/1.1" 200 177
INFO 2026-06-01 12:10:39,664 basehttp "GET /api/v1/bi/dashboard/alerts/ HTTP/1.1" 200 23
INFO 2026-06-01 12:10:39,664 basehttp "GET /api/v1/bi/dashboard/alerts/ HTTP/1.1" 200 23
INFO 2026-06-01 12:10:39,748 basehttp "GET /api/v1/bi/dashboard/available-months/ HTTP/1.1" 200 177
INFO 2026-06-01 12:10:39,748 basehttp "GET /api/v1/bi/dashboard/available-months/ HTTP/1.1" 200 177
INFO 2026-06-01 12:10:39,893 basehttp "GET /api/v1/bi/dashboard/milestones/ HTTP/1.1" 200 191
INFO 2026-06-01 12:10:39,893 basehttp "GET /api/v1/bi/dashboard/milestones/ HTTP/1.1" 200 191
INFO 2026-06-01 12:10:39,919 basehttp "GET /api/v1/bi/dashboard/?month=2026-06 HTTP/1.1" 200 947
INFO 2026-06-01 12:10:39,919 basehttp "GET /api/v1/bi/dashboard/?month=2026-06 HTTP/1.1" 200 947
INFO 2026-06-01 12:10:39,972 basehttp "GET /api/v1/bi/dashboard/trends/?days=30 HTTP/1.1" 200 1168
INFO 2026-06-01 12:10:39,972 basehttp "GET /api/v1/bi/dashboard/trends/?days=30 HTTP/1.1" 200 1168
INFO 2026-06-01 12:19:18,523 autoreload /Users/j/Desktop/BizSMART/Backend/bi/services.py changed, reloading.
INFO 2026-06-01 12:19:18,523 autoreload /Users/j/Desktop/BizSMART/Backend/bi/services.py changed, reloading.
INFO 2026-06-01 12:19:21,514 autoreload Watching for file changes with StatReloader
INFO 2026-06-01 12:19:21,514 autoreload Watching for file changes with StatReloader
WARNING 2026-06-01 12:22:06,804 basehttp "GET /api/v1/bi/dashboard/available-months/ HTTP/1.1" 401 183
WARNING 2026-06-01 12:22:06,804 basehttp "GET /api/v1/bi/dashboard/available-months/ HTTP/1.1" 401 183
INFO 2026-06-01 12:22:06,817 basehttp "OPTIONS /api/v1/auth/refresh/ HTTP/1.1" 200 0
WARNING 2026-06-01 12:22:06,817 basehttp "GET /api/v1/bi/dashboard/available-months/ HTTP/1.1" 401 183
INFO 2026-06-01 12:22:06,817 basehttp "OPTIONS /api/v1/auth/refresh/ HTTP/1.1" 200 0
WARNING 2026-06-01 12:22:06,817 basehttp "GET /api/v1/bi/dashboard/available-months/ HTTP/1.1" 401 183
INFO 2026-06-01 12:22:06,919 basehttp "POST /api/v1/auth/refresh/ HTTP/1.1" 200 483
INFO 2026-06-01 12:22:06,919 basehttp "POST /api/v1/auth/refresh/ HTTP/1.1" 200 483
INFO 2026-06-01 12:22:06,986 basehttp "GET /api/v1/bi/dashboard/available-months/ HTTP/1.1" 200 177
INFO 2026-06-01 12:22:06,986 basehttp "GET /api/v1/bi/dashboard/available-months/ HTTP/1.1" 200 177
INFO 2026-06-01 12:22:07,096 basehttp "GET /api/v1/bi/dashboard/alerts/ HTTP/1.1" 200 23
INFO 2026-06-01 12:22:07,096 basehttp "GET /api/v1/bi/dashboard/alerts/ HTTP/1.1" 200 23
INFO 2026-06-01 12:22:07,241 basehttp "GET /api/v1/bi/dashboard/available-months/ HTTP/1.1" 200 177
INFO 2026-06-01 12:22:07,241 basehttp "GET /api/v1/bi/dashboard/available-months/ HTTP/1.1" 200 177
INFO 2026-06-01 12:22:07,273 basehttp "GET /api/v1/bi/dashboard/?month=2026-06 HTTP/1.1" 200 901
INFO 2026-06-01 12:22:07,273 basehttp "GET /api/v1/bi/dashboard/?month=2026-06 HTTP/1.1" 200 901
INFO 2026-06-01 12:22:07,374 basehttp "GET /api/v1/bi/dashboard/trends/?days=30 HTTP/1.1" 200 1168
INFO 2026-06-01 12:22:07,374 basehttp "GET /api/v1/bi/dashboard/trends/?days=30 HTTP/1.1" 200 1168
INFO 2026-06-01 12:22:33,511 basehttp "GET /api/v1/bi/dashboard/alerts/ HTTP/1.1" 200 23
INFO 2026-06-01 12:22:33,511 basehttp "GET /api/v1/bi/dashboard/alerts/ HTTP/1.1" 200 23
INFO 2026-06-01 12:22:33,587 basehttp "GET /api/v1/bi/dashboard/?month=2026-05 HTTP/1.1" 200 895
INFO 2026-06-01 12:22:33,587 basehttp "GET /api/v1/bi/dashboard/?month=2026-05 HTTP/1.1" 200 895
INFO 2026-06-01 12:22:33,697 basehttp "GET /api/v1/bi/dashboard/trends/?days=30 HTTP/1.1" 200 1168
INFO 2026-06-01 12:22:33,697 basehttp "GET /api/v1/bi/dashboard/trends/?days=30 HTTP/1.1" 200 1168
INFO 2026-06-01 12:22:51,153 basehttp "GET /api/v1/bi/dashboard/alerts/ HTTP/1.1" 200 23
INFO 2026-06-01 12:22:51,153 basehttp "GET /api/v1/bi/dashboard/alerts/ HTTP/1.1" 200 23
INFO 2026-06-01 12:22:51,270 basehttp "GET /api/v1/bi/dashboard/?month=2026-06 HTTP/1.1" 200 901
INFO 2026-06-01 12:22:51,270 basehttp "GET /api/v1/bi/dashboard/?month=2026-06 HTTP/1.1" 200 901
INFO 2026-06-01 12:22:51,327 basehttp "GET /api/v1/bi/dashboard/trends/?days=30 HTTP/1.1" 200 1168
INFO 2026-06-01 12:22:51,327 basehttp "GET /api/v1/bi/dashboard/trends/?days=30 HTTP/1.1" 200 1168
INFO 2026-06-01 12:22:55,597 basehttp "GET /api/v1/bi/dashboard/alerts/ HTTP/1.1" 200 23
INFO 2026-06-01 12:22:55,597 basehttp "GET /api/v1/bi/dashboard/alerts/ HTTP/1.1" 200 23
INFO 2026-06-01 12:22:55,694 basehttp "GET /api/v1/bi/dashboard/?month=2026-05 HTTP/1.1" 200 895
INFO 2026-06-01 12:22:55,694 basehttp "GET /api/v1/bi/dashboard/?month=2026-05 HTTP/1.1" 200 895
INFO 2026-06-01 12:22:55,744 basehttp "GET /api/v1/bi/dashboard/trends/?days=30 HTTP/1.1" 200 1168
INFO 2026-06-01 12:22:55,744 basehttp "GET /api/v1/bi/dashboard/trends/?days=30 HTTP/1.1" 200 1168
INFO 2026-06-01 12:22:58,219 basehttp "GET /api/v1/bi/dashboard/alerts/ HTTP/1.1" 200 23
INFO 2026-06-01 12:22:58,219 basehttp "GET /api/v1/bi/dashboard/alerts/ HTTP/1.1" 200 23
INFO 2026-06-01 12:22:58,290 basehttp "GET /api/v1/bi/dashboard/?month=2026-06 HTTP/1.1" 200 901
INFO 2026-06-01 12:22:58,290 basehttp "GET /api/v1/bi/dashboard/?month=2026-06 HTTP/1.1" 200 901
INFO 2026-06-01 12:22:58,366 basehttp "GET /api/v1/bi/dashboard/trends/?days=30 HTTP/1.1" 200 1168
INFO 2026-06-01 12:22:58,366 basehttp "GET /api/v1/bi/dashboard/trends/?days=30 HTTP/1.1" 200 1168
INFO 2026-06-01 12:26:28,597 basehttp "GET /api/v1/bi/dashboard/alerts/ HTTP/1.1" 200 23
INFO 2026-06-01 12:26:28,597 basehttp "GET /api/v1/bi/dashboard/alerts/ HTTP/1.1" 200 23
INFO 2026-06-01 12:26:28,712 basehttp "GET /api/v1/bi/dashboard/?month=2026-05 HTTP/1.1" 200 895
INFO 2026-06-01 12:26:28,712 basehttp "GET /api/v1/bi/dashboard/?month=2026-05 HTTP/1.1" 200 895
INFO 2026-06-01 12:26:28,763 basehttp "GET /api/v1/bi/dashboard/trends/?days=30 HTTP/1.1" 200 1168
INFO 2026-06-01 12:26:28,763 basehttp "GET /api/v1/bi/dashboard/trends/?days=30 HTTP/1.1" 200 1168
INFO 2026-06-01 12:26:36,478 basehttp "OPTIONS /api/v1/financials/budgets/?year=2026&status=active&period=monthly HTTP/1.1" 200 0
INFO 2026-06-01 12:26:36,479 basehttp "OPTIONS /api/v1/financials/budgets/?year=2026&status=active&period=monthly HTTP/1.1" 200 0
INFO 2026-06-01 12:26:36,479 basehttp "OPTIONS /api/v1/financials/budgets/?year=2026&status=active&period=monthly HTTP/1.1" 200 0
INFO 2026-06-01 12:26:36,478 basehttp "OPTIONS /api/v1/financials/budgets/?year=2026&status=active&period=monthly HTTP/1.1" 200 0
INFO 2026-06-01 12:26:36,508 basehttp "GET /api/v1/financials/budgets/?year=2026&status=active&period=monthly HTTP/1.1" 200 52
INFO 2026-06-01 12:26:36,508 basehttp "GET /api/v1/financials/budgets/?year=2026&status=active&period=monthly HTTP/1.1" 200 52
INFO 2026-06-01 12:26:36,531 basehttp "OPTIONS /api/v1/financials/cash-flow/ HTTP/1.1" 200 0
INFO 2026-06-01 12:26:36,531 basehttp "OPTIONS /api/v1/financials/cash-flow/ HTTP/1.1" 200 0
INFO 2026-06-01 12:26:36,557 basehttp "OPTIONS /api/v1/financials/loans/ HTTP/1.1" 200 0
INFO 2026-06-01 12:26:36,557 basehttp "OPTIONS /api/v1/financials/loans/ HTTP/1.1" 200 0
INFO 2026-06-01 12:26:36,563 basehttp "OPTIONS /api/v1/financials/petty-cash/ HTTP/1.1" 200 0
INFO 2026-06-01 12:26:36,563 basehttp "OPTIONS /api/v1/financials/petty-cash/ HTTP/1.1" 200 0
INFO 2026-06-01 12:26:36,596 basehttp "OPTIONS /api/v1/financials/transactions/ HTTP/1.1" 200 0
INFO 2026-06-01 12:26:36,596 basehttp "OPTIONS /api/v1/financials/transactions/ HTTP/1.1" 200 0
INFO 2026-06-01 12:26:36,602 basehttp "OPTIONS /api/v1/financials/invoices/ HTTP/1.1" 200 0
INFO 2026-06-01 12:26:36,602 basehttp "OPTIONS /api/v1/financials/invoices/ HTTP/1.1" 200 0
INFO 2026-06-01 12:26:36,613 basehttp "OPTIONS /api/v1/sales/customers/ HTTP/1.1" 200 0
INFO 2026-06-01 12:26:36,613 basehttp "OPTIONS /api/v1/sales/customers/ HTTP/1.1" 200 0
INFO 2026-06-01 12:26:36,616 basehttp "OPTIONS /api/v1/sales/sales/?page_size=500 HTTP/1.1" 200 0
INFO 2026-06-01 12:26:36,616 basehttp "OPTIONS /api/v1/sales/sales/?page_size=500 HTTP/1.1" 200 0
INFO 2026-06-01 12:26:36,712 basehttp "GET /api/v1/financials/budgets/?year=2026&status=active&period=monthly HTTP/1.1" 200 52
INFO 2026-06-01 12:26:36,713 basehttp "GET /api/v1/bi/financial/profit-loss/ HTTP/1.1" 200 94
INFO 2026-06-01 12:26:36,712 basehttp "GET /api/v1/financials/budgets/?year=2026&status=active&period=monthly HTTP/1.1" 200 52
INFO 2026-06-01 12:26:36,713 basehttp "GET /api/v1/bi/financial/profit-loss/ HTTP/1.1" 200 94
INFO 2026-06-01 12:26:36,874 basehttp "GET /api/v1/financials/cash-flow/ HTTP/1.1" 200 1962
INFO 2026-06-01 12:26:36,874 basehttp "GET /api/v1/financials/cash-flow/ HTTP/1.1" 200 1962
INFO 2026-06-01 12:26:36,954 basehttp "GET /api/v1/financials/loans/ HTTP/1.1" 200 473
INFO 2026-06-01 12:26:36,954 basehttp "GET /api/v1/financials/loans/ HTTP/1.1" 200 473
INFO 2026-06-01 12:26:37,004 basehttp "GET /api/v1/financials/transactions/ HTTP/1.1" 200 4512
INFO 2026-06-01 12:26:37,004 basehttp "GET /api/v1/financials/transactions/ HTTP/1.1" 200 4512
INFO 2026-06-01 12:26:37,016 basehttp "GET /api/v1/hr/payroll/ HTTP/1.1" 200 4108
INFO 2026-06-01 12:26:37,024 basehttp "GET /api/v1/financials/petty-cash/ HTTP/1.1" 200 263
INFO 2026-06-01 12:26:37,016 basehttp "GET /api/v1/hr/payroll/ HTTP/1.1" 200 4108
INFO 2026-06-01 12:26:37,024 basehttp "GET /api/v1/financials/petty-cash/ HTTP/1.1" 200 263
INFO 2026-06-01 12:26:37,200 basehttp "GET /api/v1/financials/invoices/ HTTP/1.1" 200 3624
INFO 2026-06-01 12:26:37,200 basehttp "GET /api/v1/financials/invoices/ HTTP/1.1" 200 3624
INFO 2026-06-01 12:26:37,279 basehttp "GET /api/v1/financials/cash-flow/ HTTP/1.1" 200 1962
INFO 2026-06-01 12:26:37,279 basehttp "GET /api/v1/financials/cash-flow/ HTTP/1.1" 200 1962
INFO 2026-06-01 12:26:37,304 basehttp "GET /api/v1/sales/customers/ HTTP/1.1" 200 2392
INFO 2026-06-01 12:26:37,304 basehttp "GET /api/v1/sales/customers/ HTTP/1.1" 200 2392
INFO 2026-06-01 12:26:37,381 basehttp "GET /api/v1/bi/financial/profit-loss/ HTTP/1.1" 200 94
INFO 2026-06-01 12:26:37,381 basehttp "GET /api/v1/bi/financial/profit-loss/ HTTP/1.1" 200 94
INFO 2026-06-01 12:26:37,448 basehttp "GET /api/v1/sales/sales/?page_size=500 HTTP/1.1" 200 8552
INFO 2026-06-01 12:26:37,448 basehttp "GET /api/v1/sales/sales/?page_size=500 HTTP/1.1" 200 8552
INFO 2026-06-01 12:26:37,540 basehttp "GET /api/v1/financials/petty-cash/ HTTP/1.1" 200 263
INFO 2026-06-01 12:26:37,540 basehttp "GET /api/v1/financials/petty-cash/ HTTP/1.1" 200 263
INFO 2026-06-01 12:26:37,595 basehttp "GET /api/v1/financials/loans/ HTTP/1.1" 200 473
INFO 2026-06-01 12:26:37,595 basehttp "GET /api/v1/financials/loans/ HTTP/1.1" 200 473
INFO 2026-06-01 12:26:37,628 basehttp "GET /api/v1/financials/transactions/ HTTP/1.1" 200 4512
INFO 2026-06-01 12:26:37,628 basehttp "GET /api/v1/financials/transactions/ HTTP/1.1" 200 4512
INFO 2026-06-01 12:26:37,705 basehttp "GET /api/v1/bi/trends/ HTTP/1.1" 200 1168
INFO 2026-06-01 12:26:37,795 basehttp "GET /api/v1/hr/payroll/ HTTP/1.1" 200 4108
INFO 2026-06-01 12:26:37,795 basehttp "GET /api/v1/hr/payroll/ HTTP/1.1" 200 4108
INFO 2026-06-01 12:26:37,705 basehttp "GET /api/v1/bi/trends/ HTTP/1.1" 200 1168
INFO 2026-06-01 12:26:37,898 basehttp "GET /api/v1/sales/customers/ HTTP/1.1" 200 2392
INFO 2026-06-01 12:26:37,898 basehttp "GET /api/v1/sales/customers/ HTTP/1.1" 200 2392
INFO 2026-06-01 12:26:37,965 basehttp "GET /api/v1/sales/sales/?page_size=500 HTTP/1.1" 200 8552
INFO 2026-06-01 12:26:37,968 basehttp "GET /api/v1/financials/invoices/ HTTP/1.1" 200 3624
INFO 2026-06-01 12:26:37,965 basehttp "GET /api/v1/sales/sales/?page_size=500 HTTP/1.1" 200 8552
INFO 2026-06-01 12:26:37,968 basehttp "GET /api/v1/financials/invoices/ HTTP/1.1" 200 3624
INFO 2026-06-01 12:26:38,191 basehttp "GET /api/v1/bi/trends/ HTTP/1.1" 200 1168
INFO 2026-06-01 12:26:38,191 basehttp "GET /api/v1/bi/trends/ HTTP/1.1" 200 1168
INFO 2026-06-01 12:26:42,257 basehttp "GET /api/v1/bi/dashboard/available-months/ HTTP/1.1" 200 177
INFO 2026-06-01 12:26:42,257 basehttp "GET /api/v1/bi/dashboard/available-months/ HTTP/1.1" 200 177
INFO 2026-06-01 12:26:42,330 basehttp "GET /api/v1/bi/dashboard/alerts/ HTTP/1.1" 200 23
INFO 2026-06-01 12:26:42,330 basehttp "GET /api/v1/bi/dashboard/alerts/ HTTP/1.1" 200 23
INFO 2026-06-01 12:26:42,375 basehttp "GET /api/v1/bi/dashboard/available-months/ HTTP/1.1" 200 177
INFO 2026-06-01 12:26:42,375 basehttp "GET /api/v1/bi/dashboard/available-months/ HTTP/1.1" 200 177
INFO 2026-06-01 12:26:42,474 basehttp "GET /api/v1/bi/dashboard/?month=2026-06 HTTP/1.1" 200 901
INFO 2026-06-01 12:26:42,474 basehttp "GET /api/v1/bi/dashboard/?month=2026-06 HTTP/1.1" 200 901
INFO 2026-06-01 12:26:42,542 basehttp "GET /api/v1/bi/dashboard/trends/?days=30 HTTP/1.1" 200 1168
INFO 2026-06-01 12:26:42,542 basehttp "GET /api/v1/bi/dashboard/trends/?days=30 HTTP/1.1" 200 1168
INFO 2026-06-01 12:26:51,645 basehttp "GET /api/v1/financials/budgets/?year=2026&status=active&period=monthly HTTP/1.1" 200 52
INFO 2026-06-01 12:26:51,645 basehttp "GET /api/v1/financials/budgets/?year=2026&status=active&period=monthly HTTP/1.1" 200 52
INFO 2026-06-01 12:26:51,765 basehttp "GET /api/v1/financials/budgets/?year=2026&status=active&period=monthly HTTP/1.1" 200 52
INFO 2026-06-01 12:26:51,765 basehttp "GET /api/v1/financials/budgets/?year=2026&status=active&period=monthly HTTP/1.1" 200 52
INFO 2026-06-01 12:26:51,844 basehttp "GET /api/v1/financials/transactions/ HTTP/1.1" 200 4512
INFO 2026-06-01 12:26:51,844 basehttp "GET /api/v1/financials/transactions/ HTTP/1.1" 200 4512
INFO 2026-06-01 12:26:51,847 basehttp "GET /api/v1/financials/cash-flow/ HTTP/1.1" 200 1962
INFO 2026-06-01 12:26:51,865 basehttp "GET /api/v1/sales/customers/ HTTP/1.1" 200 2392
INFO 2026-06-01 12:26:51,885 basehttp "GET /api/v1/bi/financial/profit-loss/ HTTP/1.1" 200 94
INFO 2026-06-01 12:26:51,847 basehttp "GET /api/v1/financials/cash-flow/ HTTP/1.1" 200 1962
INFO 2026-06-01 12:26:51,865 basehttp "GET /api/v1/sales/customers/ HTTP/1.1" 200 2392
INFO 2026-06-01 12:26:51,885 basehttp "GET /api/v1/bi/financial/profit-loss/ HTTP/1.1" 200 94
INFO 2026-06-01 12:26:52,007 basehttp "GET /api/v1/financials/loans/ HTTP/1.1" 200 473
INFO 2026-06-01 12:26:52,007 basehttp "GET /api/v1/financials/loans/ HTTP/1.1" 200 473
INFO 2026-06-01 12:26:52,093 basehttp "GET /api/v1/financials/petty-cash/ HTTP/1.1" 200 263
INFO 2026-06-01 12:26:52,093 basehttp "GET /api/v1/financials/petty-cash/ HTTP/1.1" 200 263
INFO 2026-06-01 12:26:52,156 basehttp "GET /api/v1/financials/invoices/ HTTP/1.1" 200 3624
INFO 2026-06-01 12:26:52,156 basehttp "GET /api/v1/financials/invoices/ HTTP/1.1" 200 3624
INFO 2026-06-01 12:26:52,207 basehttp "GET /api/v1/sales/sales/?page_size=500 HTTP/1.1" 200 8552
INFO 2026-06-01 12:26:52,207 basehttp "GET /api/v1/sales/sales/?page_size=500 HTTP/1.1" 200 8552
INFO 2026-06-01 12:26:52,333 basehttp "GET /api/v1/hr/payroll/ HTTP/1.1" 200 4108
INFO 2026-06-01 12:26:52,333 basehttp "GET /api/v1/hr/payroll/ HTTP/1.1" 200 4108
INFO 2026-06-01 12:26:52,397 basehttp "GET /api/v1/financials/transactions/ HTTP/1.1" 200 4512
INFO 2026-06-01 12:26:52,397 basehttp "GET /api/v1/financials/transactions/ HTTP/1.1" 200 4512
INFO 2026-06-01 12:26:52,421 basehttp "GET /api/v1/financials/cash-flow/ HTTP/1.1" 200 1962
INFO 2026-06-01 12:26:52,421 basehttp "GET /api/v1/financials/cash-flow/ HTTP/1.1" 200 1962
INFO 2026-06-01 12:26:52,500 basehttp "GET /api/v1/sales/customers/ HTTP/1.1" 200 2392
INFO 2026-06-01 12:26:52,500 basehttp "GET /api/v1/sales/customers/ HTTP/1.1" 200 2392
INFO 2026-06-01 12:26:52,549 basehttp "GET /api/v1/bi/financial/profit-loss/ HTTP/1.1" 200 94
INFO 2026-06-01 12:26:52,549 basehttp "GET /api/v1/bi/financial/profit-loss/ HTTP/1.1" 200 94
INFO 2026-06-01 12:26:52,669 basehttp "GET /api/v1/bi/trends/ HTTP/1.1" 200 1168
INFO 2026-06-01 12:26:52,669 basehttp "GET /api/v1/bi/trends/ HTTP/1.1" 200 1168
INFO 2026-06-01 12:26:52,737 basehttp "GET /api/v1/financials/loans/ HTTP/1.1" 200 473
INFO 2026-06-01 12:26:52,737 basehttp "GET /api/v1/financials/loans/ HTTP/1.1" 200 473
INFO 2026-06-01 12:26:52,759 basehttp "GET /api/v1/financials/invoices/ HTTP/1.1" 200 3624
INFO 2026-06-01 12:26:52,759 basehttp "GET /api/v1/financials/invoices/ HTTP/1.1" 200 3624
INFO 2026-06-01 12:26:52,819 basehttp "GET /api/v1/financials/petty-cash/ HTTP/1.1" 200 263
INFO 2026-06-01 12:26:52,819 basehttp "GET /api/v1/financials/petty-cash/ HTTP/1.1" 200 263
INFO 2026-06-01 12:26:52,941 basehttp "GET /api/v1/sales/sales/?page_size=500 HTTP/1.1" 200 8552
INFO 2026-06-01 12:26:52,941 basehttp "GET /api/v1/sales/sales/?page_size=500 HTTP/1.1" 200 8552
INFO 2026-06-01 12:26:52,974 basehttp "GET /api/v1/hr/payroll/ HTTP/1.1" 200 4108
INFO 2026-06-01 12:26:52,974 basehttp "GET /api/v1/hr/payroll/ HTTP/1.1" 200 4108
INFO 2026-06-01 12:26:53,059 basehttp "GET /api/v1/bi/trends/ HTTP/1.1" 200 1168
INFO 2026-06-01 12:26:53,059 basehttp "GET /api/v1/bi/trends/ HTTP/1.1" 200 1168
INFO 2026-06-01 12:31:08,570 basehttp "GET /api/v1/financials/budgets/?year=2026&status=active&period=monthly HTTP/1.1" 200 52
INFO 2026-06-01 12:31:08,570 basehttp "GET /api/v1/financials/budgets/?year=2026&status=active&period=monthly HTTP/1.1" 200 52
INFO 2026-06-01 12:31:08,691 basehttp "GET /api/v1/financials/cash-flow/ HTTP/1.1" 200 1962
INFO 2026-06-01 12:31:08,691 basehttp "GET /api/v1/financials/cash-flow/ HTTP/1.1" 200 1962
INFO 2026-06-01 12:31:08,769 basehttp "GET /api/v1/bi/financial/profit-loss/ HTTP/1.1" 200 94
INFO 2026-06-01 12:31:08,769 basehttp "GET /api/v1/bi/financial/profit-loss/ HTTP/1.1" 200 94
INFO 2026-06-01 12:31:08,864 basehttp "GET /api/v1/sales/customers/ HTTP/1.1" 200 2392
INFO 2026-06-01 12:31:08,864 basehttp "GET /api/v1/sales/customers/ HTTP/1.1" 200 2392
INFO 2026-06-01 12:31:08,991 basehttp "GET /api/v1/financials/transactions/ HTTP/1.1" 200 4512
INFO 2026-06-01 12:31:08,991 basehttp "GET /api/v1/financials/transactions/ HTTP/1.1" 200 4512
INFO 2026-06-01 12:31:09,046 basehttp "GET /api/v1/financials/budgets/?year=2026&status=active&period=monthly HTTP/1.1" 200 52
INFO 2026-06-01 12:31:09,046 basehttp "GET /api/v1/financials/budgets/?year=2026&status=active&period=monthly HTTP/1.1" 200 52
INFO 2026-06-01 12:31:09,092 basehttp "GET /api/v1/financials/loans/ HTTP/1.1" 200 473
INFO 2026-06-01 12:31:09,092 basehttp "GET /api/v1/financials/loans/ HTTP/1.1" 200 473
INFO 2026-06-01 12:31:09,154 basehttp "GET /api/v1/financials/petty-cash/ HTTP/1.1" 200 263
INFO 2026-06-01 12:31:09,154 basehttp "GET /api/v1/financials/petty-cash/ HTTP/1.1" 200 263
INFO 2026-06-01 12:31:09,413 basehttp "GET /api/v1/bi/financial/profit-loss/ HTTP/1.1" 200 94
INFO 2026-06-01 12:31:09,413 basehttp "GET /api/v1/bi/financial/profit-loss/ HTTP/1.1" 200 94
INFO 2026-06-01 12:31:09,465 basehttp "GET /api/v1/financials/cash-flow/ HTTP/1.1" 200 1962
INFO 2026-06-01 12:31:09,465 basehttp "GET /api/v1/financials/cash-flow/ HTTP/1.1" 200 1962
INFO 2026-06-01 12:31:09,568 basehttp "GET /api/v1/sales/sales/?page_size=500 HTTP/1.1" 200 8552
INFO 2026-06-01 12:31:09,568 basehttp "GET /api/v1/sales/sales/?page_size=500 HTTP/1.1" 200 8552
INFO 2026-06-01 12:31:09,615 basehttp "GET /api/v1/hr/payroll/ HTTP/1.1" 200 4108
INFO 2026-06-01 12:31:09,615 basehttp "GET /api/v1/hr/payroll/ HTTP/1.1" 200 4108
INFO 2026-06-01 12:31:09,629 basehttp "GET /api/v1/financials/invoices/ HTTP/1.1" 200 3624
INFO 2026-06-01 12:31:09,629 basehttp "GET /api/v1/financials/invoices/ HTTP/1.1" 200 3624
INFO 2026-06-01 12:31:09,858 basehttp "GET /api/v1/financials/transactions/ HTTP/1.1" 200 4512
INFO 2026-06-01 12:31:09,858 basehttp "GET /api/v1/financials/transactions/ HTTP/1.1" 200 4512
INFO 2026-06-01 12:31:09,893 basehttp "GET /api/v1/sales/customers/ HTTP/1.1" 200 2392
INFO 2026-06-01 12:31:09,893 basehttp "GET /api/v1/sales/customers/ HTTP/1.1" 200 2392
INFO 2026-06-01 12:31:09,934 basehttp "GET /api/v1/financials/petty-cash/ HTTP/1.1" 200 263
INFO 2026-06-01 12:31:09,934 basehttp "GET /api/v1/financials/petty-cash/ HTTP/1.1" 200 263
INFO 2026-06-01 12:31:09,988 basehttp "GET /api/v1/financials/loans/ HTTP/1.1" 200 473
INFO 2026-06-01 12:31:09,988 basehttp "GET /api/v1/financials/loans/ HTTP/1.1" 200 473
INFO 2026-06-01 12:31:10,058 basehttp "GET /api/v1/bi/trends/ HTTP/1.1" 200 1168
INFO 2026-06-01 12:31:10,058 basehttp "GET /api/v1/bi/trends/ HTTP/1.1" 200 1168
INFO 2026-06-01 12:31:10,091 basehttp "GET /api/v1/sales/sales/?page_size=500 HTTP/1.1" 200 8552
INFO 2026-06-01 12:31:10,091 basehttp "GET /api/v1/sales/sales/?page_size=500 HTTP/1.1" 200 8552
INFO 2026-06-01 12:31:10,416 basehttp "GET /api/v1/hr/payroll/ HTTP/1.1" 200 4108
INFO 2026-06-01 12:31:10,416 basehttp "GET /api/v1/hr/payroll/ HTTP/1.1" 200 4108
INFO 2026-06-01 12:31:10,431 basehttp "GET /api/v1/financials/invoices/ HTTP/1.1" 200 3624
INFO 2026-06-01 12:31:10,431 basehttp "GET /api/v1/financials/invoices/ HTTP/1.1" 200 3624
INFO 2026-06-01 12:31:10,450 basehttp "GET /api/v1/bi/trends/ HTTP/1.1" 200 1168
INFO 2026-06-01 12:31:10,450 basehttp "GET /api/v1/bi/trends/ HTTP/1.1" 200 1168
INFO 2026-06-01 12:31:54,584 basehttp "OPTIONS /api/v1/financials/budgets/?year=2026&status=active&period=quarterly&quarter=2 HTTP/1.1" 200 0
INFO 2026-06-01 12:31:54,584 basehttp "OPTIONS /api/v1/financials/budgets/?year=2026&status=active&period=quarterly&quarter=2 HTTP/1.1" 200 0
INFO 2026-06-01 12:31:54,610 basehttp "GET /api/v1/financials/budgets/?year=2026&status=active&period=quarterly&quarter=2 HTTP/1.1" 200 52
INFO 2026-06-01 12:31:54,610 basehttp "GET /api/v1/financials/budgets/?year=2026&status=active&period=quarterly&quarter=2 HTTP/1.1" 200 52
INFO 2026-06-01 12:31:54,758 basehttp "GET /api/v1/financials/loans/ HTTP/1.1" 200 473
INFO 2026-06-01 12:31:54,758 basehttp "GET /api/v1/financials/loans/ HTTP/1.1" 200 473
INFO 2026-06-01 12:31:54,770 basehttp "GET /api/v1/sales/customers/ HTTP/1.1" 200 2392
INFO 2026-06-01 12:31:54,802 basehttp "GET /api/v1/bi/financial/profit-loss/ HTTP/1.1" 200 94
INFO 2026-06-01 12:31:54,810 basehttp "GET /api/v1/financials/cash-flow/ HTTP/1.1" 200 1962
INFO 2026-06-01 12:31:54,770 basehttp "GET /api/v1/sales/customers/ HTTP/1.1" 200 2392
INFO 2026-06-01 12:31:54,802 basehttp "GET /api/v1/bi/financial/profit-loss/ HTTP/1.1" 200 94
INFO 2026-06-01 12:31:54,810 basehttp "GET /api/v1/financials/cash-flow/ HTTP/1.1" 200 1962
INFO 2026-06-01 12:31:54,871 basehttp "GET /api/v1/financials/transactions/ HTTP/1.1" 200 4512
INFO 2026-06-01 12:31:54,871 basehttp "GET /api/v1/financials/transactions/ HTTP/1.1" 200 4512
INFO 2026-06-01 12:31:55,070 basehttp "GET /api/v1/financials/petty-cash/ HTTP/1.1" 200 263
INFO 2026-06-01 12:31:55,070 basehttp "GET /api/v1/financials/invoices/ HTTP/1.1" 200 3624
INFO 2026-06-01 12:31:55,070 basehttp "GET /api/v1/financials/petty-cash/ HTTP/1.1" 200 263
INFO 2026-06-01 12:31:55,070 basehttp "GET /api/v1/financials/invoices/ HTTP/1.1" 200 3624
INFO 2026-06-01 12:31:55,215 basehttp "GET /api/v1/sales/sales/?page_size=500 HTTP/1.1" 200 8552
INFO 2026-06-01 12:31:55,216 basehttp "GET /api/v1/hr/payroll/ HTTP/1.1" 200 4108
INFO 2026-06-01 12:31:55,215 basehttp "GET /api/v1/sales/sales/?page_size=500 HTTP/1.1" 200 8552
INFO 2026-06-01 12:31:55,216 basehttp "GET /api/v1/hr/payroll/ HTTP/1.1" 200 4108
INFO 2026-06-01 12:31:55,228 basehttp "GET /api/v1/bi/trends/ HTTP/1.1" 200 1168
INFO 2026-06-01 12:31:55,228 basehttp "GET /api/v1/bi/trends/ HTTP/1.1" 200 1168
INFO 2026-06-01 12:31:57,454 basehttp "GET /api/v1/financials/budgets/?year=2026&status=active&period=monthly HTTP/1.1" 200 52
INFO 2026-06-01 12:31:57,454 basehttp "GET /api/v1/financials/budgets/?year=2026&status=active&period=monthly HTTP/1.1" 200 52
INFO 2026-06-01 12:31:57,613 basehttp "GET /api/v1/financials/loans/ HTTP/1.1" 200 473
INFO 2026-06-01 12:31:57,613 basehttp "GET /api/v1/financials/loans/ HTTP/1.1" 200 473
INFO 2026-06-01 12:31:57,617 basehttp "GET /api/v1/bi/financial/profit-loss/ HTTP/1.1" 200 94
INFO 2026-06-01 12:31:57,617 basehttp "GET /api/v1/bi/financial/profit-loss/ HTTP/1.1" 200 94
INFO 2026-06-01 12:31:57,667 basehttp "GET /api/v1/sales/customers/ HTTP/1.1" 200 2392
INFO 2026-06-01 12:31:57,667 basehttp "GET /api/v1/sales/customers/ HTTP/1.1" 200 2392
INFO 2026-06-01 12:31:57,679 basehttp "GET /api/v1/financials/transactions/ HTTP/1.1" 200 4512
INFO 2026-06-01 12:31:57,679 basehttp "GET /api/v1/financials/transactions/ HTTP/1.1" 200 4512
INFO 2026-06-01 12:31:57,689 basehttp "GET /api/v1/financials/cash-flow/ HTTP/1.1" 200 1962
INFO 2026-06-01 12:31:57,689 basehttp "GET /api/v1/financials/cash-flow/ HTTP/1.1" 200 1962
INFO 2026-06-01 12:31:57,870 basehttp "GET /api/v1/financials/petty-cash/ HTTP/1.1" 200 263
INFO 2026-06-01 12:31:57,870 basehttp "GET /api/v1/financials/petty-cash/ HTTP/1.1" 200 263
INFO 2026-06-01 12:31:57,953 basehttp "GET /api/v1/hr/payroll/ HTTP/1.1" 200 4108
INFO 2026-06-01 12:31:57,953 basehttp "GET /api/v1/hr/payroll/ HTTP/1.1" 200 4108
INFO 2026-06-01 12:31:57,983 basehttp "GET /api/v1/financials/invoices/ HTTP/1.1" 200 3624
INFO 2026-06-01 12:31:57,983 basehttp "GET /api/v1/financials/invoices/ HTTP/1.1" 200 3624
INFO 2026-06-01 12:31:58,087 basehttp "GET /api/v1/sales/sales/?page_size=500 HTTP/1.1" 200 8552
INFO 2026-06-01 12:31:58,097 basehttp "GET /api/v1/bi/trends/ HTTP/1.1" 200 1168
INFO 2026-06-01 12:31:58,087 basehttp "GET /api/v1/sales/sales/?page_size=500 HTTP/1.1" 200 8552
INFO 2026-06-01 12:31:58,097 basehttp "GET /api/v1/bi/trends/ HTTP/1.1" 200 1168
INFO 2026-06-01 12:31:59,658 basehttp "OPTIONS /api/v1/financials/budgets/?year=2026&status=active&period=yearly HTTP/1.1" 200 0
INFO 2026-06-01 12:31:59,658 basehttp "OPTIONS /api/v1/financials/budgets/?year=2026&status=active&period=yearly HTTP/1.1" 200 0
INFO 2026-06-01 12:31:59,710 basehttp "GET /api/v1/financials/budgets/?year=2026&status=active&period=yearly HTTP/1.1" 200 52
INFO 2026-06-01 12:31:59,710 basehttp "GET /api/v1/financials/budgets/?year=2026&status=active&period=yearly HTTP/1.1" 200 52
INFO 2026-06-01 12:31:59,840 basehttp "GET /api/v1/bi/financial/profit-loss/ HTTP/1.1" 200 94
INFO 2026-06-01 12:31:59,840 basehttp "GET /api/v1/bi/financial/profit-loss/ HTTP/1.1" 200 94
INFO 2026-06-01 12:31:59,917 basehttp "GET /api/v1/financials/loans/ HTTP/1.1" 200 473
INFO 2026-06-01 12:31:59,918 basehttp "GET /api/v1/sales/customers/ HTTP/1.1" 200 2392
INFO 2026-06-01 12:31:59,917 basehttp "GET /api/v1/financials/loans/ HTTP/1.1" 200 473
INFO 2026-06-01 12:31:59,918 basehttp "GET /api/v1/sales/customers/ HTTP/1.1" 200 2392
INFO 2026-06-01 12:32:00,134 basehttp "GET /api/v1/financials/transactions/ HTTP/1.1" 200 4512
INFO 2026-06-01 12:32:00,134 basehttp "GET /api/v1/financials/transactions/ HTTP/1.1" 200 4512
INFO 2026-06-01 12:32:00,135 basehttp "GET /api/v1/financials/cash-flow/ HTTP/1.1" 200 1962
INFO 2026-06-01 12:32:00,135 basehttp "GET /api/v1/financials/cash-flow/ HTTP/1.1" 200 1962
INFO 2026-06-01 12:32:00,274 basehttp "GET /api/v1/financials/petty-cash/ HTTP/1.1" 200 263
INFO 2026-06-01 12:32:00,274 basehttp "GET /api/v1/financials/petty-cash/ HTTP/1.1" 200 263
INFO 2026-06-01 12:32:00,335 basehttp "GET /api/v1/financials/invoices/ HTTP/1.1" 200 3624
INFO 2026-06-01 12:32:00,335 basehttp "GET /api/v1/financials/invoices/ HTTP/1.1" 200 3624
INFO 2026-06-01 12:32:00,431 basehttp "GET /api/v1/sales/sales/?page_size=500 HTTP/1.1" 200 8552
INFO 2026-06-01 12:32:00,431 basehttp "GET /api/v1/sales/sales/?page_size=500 HTTP/1.1" 200 8552
INFO 2026-06-01 12:32:00,459 basehttp "GET /api/v1/hr/payroll/ HTTP/1.1" 200 4108
INFO 2026-06-01 12:32:00,459 basehttp "GET /api/v1/hr/payroll/ HTTP/1.1" 200 4108
INFO 2026-06-01 12:32:00,524 basehttp "GET /api/v1/bi/trends/ HTTP/1.1" 200 1168
INFO 2026-06-01 12:32:00,524 basehttp "GET /api/v1/bi/trends/ HTTP/1.1" 200 1168
INFO 2026-06-01 12:32:18,549 basehttp "GET /api/v1/bi/dashboard/available-months/ HTTP/1.1" 200 177
INFO 2026-06-01 12:32:18,549 basehttp "GET /api/v1/bi/dashboard/available-months/ HTTP/1.1" 200 177
INFO 2026-06-01 12:32:18,614 basehttp "GET /api/v1/bi/dashboard/alerts/ HTTP/1.1" 200 23
INFO 2026-06-01 12:32:18,614 basehttp "GET /api/v1/bi/dashboard/alerts/ HTTP/1.1" 200 23
INFO 2026-06-01 12:32:18,673 basehttp "GET /api/v1/bi/dashboard/available-months/ HTTP/1.1" 200 177
INFO 2026-06-01 12:32:18,673 basehttp "GET /api/v1/bi/dashboard/available-months/ HTTP/1.1" 200 177
INFO 2026-06-01 12:32:18,837 basehttp "GET /api/v1/bi/dashboard/?month=2026-06 HTTP/1.1" 200 901
INFO 2026-06-01 12:32:18,837 basehttp "GET /api/v1/bi/dashboard/?month=2026-06 HTTP/1.1" 200 901
INFO 2026-06-01 12:32:18,942 basehttp "GET /api/v1/bi/dashboard/trends/?days=30 HTTP/1.1" 200 1168
INFO 2026-06-01 12:32:18,942 basehttp "GET /api/v1/bi/dashboard/trends/?days=30 HTTP/1.1" 200 1168
INFO 2026-06-01 12:32:27,420 basehttp "GET /api/v1/bi/dashboard/alerts/ HTTP/1.1" 200 23
INFO 2026-06-01 12:32:27,420 basehttp "GET /api/v1/bi/dashboard/alerts/ HTTP/1.1" 200 23
INFO 2026-06-01 12:32:27,517 basehttp "GET /api/v1/bi/dashboard/?month=2026-05 HTTP/1.1" 200 895
INFO 2026-06-01 12:32:27,517 basehttp "GET /api/v1/bi/dashboard/?month=2026-05 HTTP/1.1" 200 895
INFO 2026-06-01 12:32:27,564 basehttp "GET /api/v1/bi/dashboard/trends/?days=30 HTTP/1.1" 200 1168
INFO 2026-06-01 12:32:27,564 basehttp "GET /api/v1/bi/dashboard/trends/?days=30 HTTP/1.1" 200 1168
INFO 2026-06-01 12:32:42,661 basehttp "GET /api/v1/financials/budgets/?year=2026&status=active&period=monthly HTTP/1.1" 200 52
INFO 2026-06-01 12:32:42,661 basehttp "GET /api/v1/financials/budgets/?year=2026&status=active&period=monthly HTTP/1.1" 200 52
INFO 2026-06-01 12:32:42,809 basehttp "GET /api/v1/financials/budgets/?year=2026&status=active&period=monthly HTTP/1.1" 200 52
INFO 2026-06-01 12:32:42,809 basehttp "GET /api/v1/financials/budgets/?year=2026&status=active&period=monthly HTTP/1.1" 200 52
INFO 2026-06-01 12:32:42,837 basehttp "GET /api/v1/sales/customers/ HTTP/1.1" 200 2392
INFO 2026-06-01 12:32:42,841 basehttp "GET /api/v1/bi/financial/profit-loss/ HTTP/1.1" 200 94
INFO 2026-06-01 12:32:42,849 basehttp "GET /api/v1/financials/cash-flow/ HTTP/1.1" 200 1962
INFO 2026-06-01 12:32:42,837 basehttp "GET /api/v1/sales/customers/ HTTP/1.1" 200 2392
INFO 2026-06-01 12:32:42,841 basehttp "GET /api/v1/bi/financial/profit-loss/ HTTP/1.1" 200 94
INFO 2026-06-01 12:32:42,849 basehttp "GET /api/v1/financials/cash-flow/ HTTP/1.1" 200 1962
INFO 2026-06-01 12:32:42,936 basehttp "GET /api/v1/financials/transactions/ HTTP/1.1" 200 4512
INFO 2026-06-01 12:32:42,936 basehttp "GET /api/v1/financials/transactions/ HTTP/1.1" 200 4512
INFO 2026-06-01 12:32:43,095 basehttp "GET /api/v1/financials/petty-cash/ HTTP/1.1" 200 263
INFO 2026-06-01 12:32:43,095 basehttp "GET /api/v1/financials/petty-cash/ HTTP/1.1" 200 263
INFO 2026-06-01 12:32:43,127 basehttp "GET /api/v1/financials/loans/ HTTP/1.1" 200 473
INFO 2026-06-01 12:32:43,127 basehttp "GET /api/v1/financials/loans/ HTTP/1.1" 200 473
INFO 2026-06-01 12:32:43,199 basehttp "GET /api/v1/financials/invoices/ HTTP/1.1" 200 3624
INFO 2026-06-01 12:32:43,199 basehttp "GET /api/v1/financials/invoices/ HTTP/1.1" 200 3624
INFO 2026-06-01 12:32:43,447 basehttp "GET /api/v1/financials/cash-flow/ HTTP/1.1" 200 1962
INFO 2026-06-01 12:32:43,447 basehttp "GET /api/v1/financials/cash-flow/ HTTP/1.1" 200 1962
INFO 2026-06-01 12:32:43,512 basehttp "GET /api/v1/bi/financial/profit-loss/ HTTP/1.1" 200 94
INFO 2026-06-01 12:32:43,512 basehttp "GET /api/v1/bi/financial/profit-loss/ HTTP/1.1" 200 94
INFO 2026-06-01 12:32:43,515 basehttp "GET /api/v1/hr/payroll/ HTTP/1.1" 200 4108
INFO 2026-06-01 12:32:43,517 basehttp "GET /api/v1/sales/customers/ HTTP/1.1" 200 2392
INFO 2026-06-01 12:32:43,515 basehttp "GET /api/v1/hr/payroll/ HTTP/1.1" 200 4108
INFO 2026-06-01 12:32:43,532 basehttp "GET /api/v1/sales/sales/?page_size=500 HTTP/1.1" 200 8552
INFO 2026-06-01 12:32:43,540 basehttp "GET /api/v1/bi/trends/ HTTP/1.1" 200 1168
INFO 2026-06-01 12:32:43,517 basehttp "GET /api/v1/sales/customers/ HTTP/1.1" 200 2392
INFO 2026-06-01 12:32:43,532 basehttp "GET /api/v1/sales/sales/?page_size=500 HTTP/1.1" 200 8552
INFO 2026-06-01 12:32:43,540 basehttp "GET /api/v1/bi/trends/ HTTP/1.1" 200 1168
INFO 2026-06-01 12:32:43,766 basehttp "GET /api/v1/financials/loans/ HTTP/1.1" 200 473
INFO 2026-06-01 12:32:43,766 basehttp "GET /api/v1/financials/loans/ HTTP/1.1" 200 473
INFO 2026-06-01 12:32:43,795 basehttp "GET /api/v1/financials/invoices/ HTTP/1.1" 200 3624
INFO 2026-06-01 12:32:43,795 basehttp "GET /api/v1/financials/invoices/ HTTP/1.1" 200 3624
INFO 2026-06-01 12:32:43,799 basehttp "GET /api/v1/financials/transactions/ HTTP/1.1" 200 4512
INFO 2026-06-01 12:32:43,799 basehttp "GET /api/v1/financials/transactions/ HTTP/1.1" 200 4512
INFO 2026-06-01 12:32:43,899 basehttp "GET /api/v1/financials/petty-cash/ HTTP/1.1" 200 263
INFO 2026-06-01 12:32:43,899 basehttp "GET /api/v1/financials/petty-cash/ HTTP/1.1" 200 263
INFO 2026-06-01 12:32:44,039 basehttp "GET /api/v1/sales/sales/?page_size=500 HTTP/1.1" 200 8552
INFO 2026-06-01 12:32:44,039 basehttp "GET /api/v1/sales/sales/?page_size=500 HTTP/1.1" 200 8552
INFO 2026-06-01 12:32:44,109 basehttp "GET /api/v1/hr/payroll/ HTTP/1.1" 200 4108
INFO 2026-06-01 12:32:44,109 basehttp "GET /api/v1/hr/payroll/ HTTP/1.1" 200 4108
INFO 2026-06-01 12:32:44,310 basehttp "GET /api/v1/bi/trends/ HTTP/1.1" 200 1168
INFO 2026-06-01 12:32:44,310 basehttp "GET /api/v1/bi/trends/ HTTP/1.1" 200 1168
INFO 2026-06-01 12:36:45,073 basehttp "GET /api/v1/financials/budgets/?year=2026&status=active&period=monthly HTTP/1.1" 200 52
INFO 2026-06-01 12:36:45,073 basehttp "GET /api/v1/financials/budgets/?year=2026&status=active&period=monthly HTTP/1.1" 200 52
INFO 2026-06-01 12:36:45,227 basehttp "GET /api/v1/financials/budgets/?year=2026&status=active&period=monthly HTTP/1.1" 200 52
INFO 2026-06-01 12:36:45,283 basehttp "GET /api/v1/financials/cash-flow/ HTTP/1.1" 200 1962
INFO 2026-06-01 12:36:45,283 basehttp "GET /api/v1/financials/cash-flow/ HTTP/1.1" 200 1962
INFO 2026-06-01 12:36:45,227 basehttp "GET /api/v1/financials/budgets/?year=2026&status=active&period=monthly HTTP/1.1" 200 52
INFO 2026-06-01 12:36:45,323 basehttp "GET /api/v1/sales/customers/ HTTP/1.1" 200 2392
INFO 2026-06-01 12:36:45,323 basehttp "GET /api/v1/sales/customers/ HTTP/1.1" 200 2392
INFO 2026-06-01 12:36:45,328 basehttp "GET /api/v1/bi/financial/profit-loss/ HTTP/1.1" 200 94
INFO 2026-06-01 12:36:45,328 basehttp "GET /api/v1/bi/financial/profit-loss/ HTTP/1.1" 200 94
INFO 2026-06-01 12:36:45,416 basehttp "GET /api/v1/financials/transactions/ HTTP/1.1" 200 4512
INFO 2026-06-01 12:36:45,416 basehttp "GET /api/v1/financials/transactions/ HTTP/1.1" 200 4512
INFO 2026-06-01 12:36:45,632 basehttp "GET /api/v1/financials/petty-cash/ HTTP/1.1" 200 263
INFO 2026-06-01 12:36:45,632 basehttp "GET /api/v1/financials/petty-cash/ HTTP/1.1" 200 263
INFO 2026-06-01 12:36:45,799 basehttp "GET /api/v1/hr/payroll/ HTTP/1.1" 200 4108
INFO 2026-06-01 12:36:45,803 basehttp "GET /api/v1/financials/loans/ HTTP/1.1" 200 473
INFO 2026-06-01 12:36:45,803 basehttp "GET /api/v1/financials/loans/ HTTP/1.1" 200 473
INFO 2026-06-01 12:36:45,799 basehttp "GET /api/v1/hr/payroll/ HTTP/1.1" 200 4108
INFO 2026-06-01 12:36:45,866 basehttp "GET /api/v1/financials/invoices/ HTTP/1.1" 200 3624
INFO 2026-06-01 12:36:45,900 basehttp "GET /api/v1/sales/sales/?page_size=500 HTTP/1.1" 200 8552
INFO 2026-06-01 12:36:45,900 basehttp "GET /api/v1/sales/sales/?page_size=500 HTTP/1.1" 200 8552
INFO 2026-06-01 12:36:45,866 basehttp "GET /api/v1/financials/invoices/ HTTP/1.1" 200 3624
INFO 2026-06-01 12:36:46,051 basehttp "GET /api/v1/financials/transactions/ HTTP/1.1" 200 4512
INFO 2026-06-01 12:36:46,051 basehttp "GET /api/v1/financials/transactions/ HTTP/1.1" 200 4512
INFO 2026-06-01 12:36:46,078 basehttp "GET /api/v1/financials/cash-flow/ HTTP/1.1" 200 1962
INFO 2026-06-01 12:36:46,078 basehttp "GET /api/v1/financials/cash-flow/ HTTP/1.1" 200 1962
INFO 2026-06-01 12:36:46,117 basehttp "GET /api/v1/bi/financial/profit-loss/ HTTP/1.1" 200 94
INFO 2026-06-01 12:36:46,117 basehttp "GET /api/v1/bi/financial/profit-loss/ HTTP/1.1" 200 94
INFO 2026-06-01 12:36:46,180 basehttp "GET /api/v1/financials/petty-cash/ HTTP/1.1" 200 263
INFO 2026-06-01 12:36:46,180 basehttp "GET /api/v1/financials/petty-cash/ HTTP/1.1" 200 263
INFO 2026-06-01 12:36:46,276 basehttp "GET /api/v1/sales/customers/ HTTP/1.1" 200 2392
INFO 2026-06-01 12:36:46,276 basehttp "GET /api/v1/sales/customers/ HTTP/1.1" 200 2392
INFO 2026-06-01 12:36:46,279 basehttp "GET /api/v1/bi/trends/ HTTP/1.1" 200 1168
INFO 2026-06-01 12:36:46,279 basehttp "GET /api/v1/bi/trends/ HTTP/1.1" 200 1168
INFO 2026-06-01 12:36:46,387 basehttp "GET /api/v1/financials/loans/ HTTP/1.1" 200 473
INFO 2026-06-01 12:36:46,387 basehttp "GET /api/v1/financials/loans/ HTTP/1.1" 200 473
INFO 2026-06-01 12:36:46,554 basehttp "GET /api/v1/financials/invoices/ HTTP/1.1" 200 3624
INFO 2026-06-01 12:36:46,554 basehttp "GET /api/v1/financials/invoices/ HTTP/1.1" 200 3624
INFO 2026-06-01 12:36:46,648 basehttp "GET /api/v1/hr/payroll/ HTTP/1.1" 200 4108
INFO 2026-06-01 12:36:46,648 basehttp "GET /api/v1/hr/payroll/ HTTP/1.1" 200 4108
INFO 2026-06-01 12:36:46,716 basehttp "GET /api/v1/sales/sales/?page_size=500 HTTP/1.1" 200 8552
INFO 2026-06-01 12:36:46,716 basehttp "GET /api/v1/sales/sales/?page_size=500 HTTP/1.1" 200 8552
INFO 2026-06-01 12:36:47,015 basehttp "GET /api/v1/bi/trends/ HTTP/1.1" 200 1168
INFO 2026-06-01 12:36:47,015 basehttp "GET /api/v1/bi/trends/ HTTP/1.1" 200 1168
WARNING 2026-06-01 12:42:43,485 basehttp "GET /api/v1/financials/budgets/?year=2026&status=active&period=monthly HTTP/1.1" 401 183
WARNING 2026-06-01 12:42:43,485 basehttp "GET /api/v1/financials/budgets/?year=2026&status=active&period=monthly HTTP/1.1" 401 183
WARNING 2026-06-01 12:42:43,499 basehttp "GET /api/v1/financials/budgets/?year=2026&status=active&period=monthly HTTP/1.1" 401 183
WARNING 2026-06-01 12:42:43,499 basehttp "GET /api/v1/financials/budgets/?year=2026&status=active&period=monthly HTTP/1.1" 401 183
WARNING 2026-06-01 12:42:43,546 basehttp "POST /api/v1/auth/refresh/ HTTP/1.1" 401 58
WARNING 2026-06-01 12:42:43,546 basehttp "POST /api/v1/auth/refresh/ HTTP/1.1" 401 58
WARNING 2026-06-01 12:42:43,635 basehttp "GET /api/v1/sales/customers/ HTTP/1.1" 401 58
WARNING 2026-06-01 12:42:43,635 basehttp "GET /api/v1/sales/customers/ HTTP/1.1" 401 58
WARNING 2026-06-01 12:42:43,668 basehttp "GET /api/v1/financials/transactions/ HTTP/1.1" 401 58
WARNING 2026-06-01 12:42:43,668 basehttp "GET /api/v1/financials/transactions/ HTTP/1.1" 401 58
WARNING 2026-06-01 12:42:43,675 basehttp "GET /api/v1/financials/cash-flow/ HTTP/1.1" 401 58
WARNING 2026-06-01 12:42:43,675 basehttp "GET /api/v1/financials/cash-flow/ HTTP/1.1" 401 58
WARNING 2026-06-01 12:42:43,679 basehttp "GET /api/v1/hr/payroll/ HTTP/1.1" 401 58
WARNING 2026-06-01 12:42:43,679 basehttp "GET /api/v1/hr/payroll/ HTTP/1.1" 401 58
WARNING 2026-06-01 12:42:43,680 basehttp "GET /api/v1/financials/loans/ HTTP/1.1" 401 58
WARNING 2026-06-01 12:42:43,697 basehttp "GET /api/v1/financials/petty-cash/ HTTP/1.1" 401 58
WARNING 2026-06-01 12:42:43,680 basehttp "GET /api/v1/financials/loans/ HTTP/1.1" 401 58
WARNING 2026-06-01 12:42:43,697 basehttp "GET /api/v1/financials/petty-cash/ HTTP/1.1" 401 58
WARNING 2026-06-01 12:42:43,681 basehttp "GET /api/v1/sales/sales/?page_size=500 HTTP/1.1" 401 58
WARNING 2026-06-01 12:42:43,728 basehttp "GET /api/v1/financials/cash-flow/ HTTP/1.1" 401 58
WARNING 2026-06-01 12:42:43,728 basehttp "GET /api/v1/financials/cash-flow/ HTTP/1.1" 401 58
WARNING 2026-06-01 12:42:43,737 basehttp "GET /api/v1/hr/payroll/ HTTP/1.1" 401 58
WARNING 2026-06-01 12:42:43,733 basehttp "GET /api/v1/sales/customers/ HTTP/1.1" 401 58
WARNING 2026-06-01 12:42:43,733 basehttp "GET /api/v1/sales/customers/ HTTP/1.1" 401 58
WARNING 2026-06-01 12:42:43,739 basehttp "GET /api/v1/bi/financial/profit-loss/ HTTP/1.1" 401 58
WARNING 2026-06-01 12:42:43,737 basehttp "GET /api/v1/hr/payroll/ HTTP/1.1" 401 58
WARNING 2026-06-01 12:42:43,749 basehttp "GET /api/v1/financials/loans/ HTTP/1.1" 401 58
WARNING 2026-06-01 12:42:43,681 basehttp "GET /api/v1/sales/sales/?page_size=500 HTTP/1.1" 401 58
WARNING 2026-06-01 12:42:43,742 basehttp "GET /api/v1/financials/invoices/ HTTP/1.1" 401 58
WARNING 2026-06-01 12:42:43,739 basehttp "GET /api/v1/bi/financial/profit-loss/ HTTP/1.1" 401 58
WARNING 2026-06-01 12:42:43,749 basehttp "GET /api/v1/financials/loans/ HTTP/1.1" 401 58
WARNING 2026-06-01 12:42:43,772 basehttp "GET /api/v1/sales/sales/?page_size=500 HTTP/1.1" 401 58
WARNING 2026-06-01 12:42:43,772 basehttp "GET /api/v1/sales/sales/?page_size=500 HTTP/1.1" 401 58
WARNING 2026-06-01 12:42:43,790 basehttp "GET /api/v1/financials/petty-cash/ HTTP/1.1" 401 58
WARNING 2026-06-01 12:42:43,742 basehttp "GET /api/v1/financials/invoices/ HTTP/1.1" 401 58
WARNING 2026-06-01 12:42:43,802 basehttp "GET /api/v1/financials/transactions/ HTTP/1.1" 401 58
WARNING 2026-06-01 12:42:43,790 basehttp "GET /api/v1/financials/petty-cash/ HTTP/1.1" 401 58
WARNING 2026-06-01 12:42:43,802 basehttp "GET /api/v1/financials/transactions/ HTTP/1.1" 401 58
WARNING 2026-06-01 12:42:43,812 basehttp "GET /api/v1/bi/financial/profit-loss/ HTTP/1.1" 401 58
WARNING 2026-06-01 12:42:43,815 basehttp "GET /api/v1/financials/invoices/ HTTP/1.1" 401 58
WARNING 2026-06-01 12:42:43,812 basehttp "GET /api/v1/bi/financial/profit-loss/ HTTP/1.1" 401 58
WARNING 2026-06-01 12:42:43,815 basehttp "GET /api/v1/financials/invoices/ HTTP/1.1" 401 58
INFO 2026-06-01 12:43:20,441 basehttp "POST /api/v1/auth/login/ HTTP/1.1" 200 808
INFO 2026-06-01 12:43:20,441 basehttp "POST /api/v1/auth/login/ HTTP/1.1" 200 808
INFO 2026-06-01 12:43:21,635 basehttp "GET /api/v1/financials/petty-cash/?start_date=2026-06-01&end_date=2026-06-01&page_size=100 HTTP/1.1" 200 263
INFO 2026-06-01 12:43:21,673 basehttp "GET /api/v1/financials/transactions/?start_date=2026-06-01&end_date=2026-06-01&page_size=100 HTTP/1.1" 200 4568
INFO 2026-06-01 12:43:21,635 basehttp "GET /api/v1/financials/petty-cash/?start_date=2026-06-01&end_date=2026-06-01&page_size=100 HTTP/1.1" 200 263
INFO 2026-06-01 12:43:21,673 basehttp "GET /api/v1/financials/transactions/?start_date=2026-06-01&end_date=2026-06-01&page_size=100 HTTP/1.1" 200 4568
INFO 2026-06-01 12:43:21,756 basehttp "GET /api/v1/sales/sales/?start_date=2026-06-01&end_date=2026-06-01&page_size=100 HTTP/1.1" 200 806
INFO 2026-06-01 12:43:21,756 basehttp "GET /api/v1/sales/sales/?start_date=2026-06-01&end_date=2026-06-01&page_size=100 HTTP/1.1" 200 806
INFO 2026-06-01 12:43:21,789 basehttp "GET /api/v1/financials/petty-cash/?start_date=2026-06-01&end_date=2026-06-01&page_size=100 HTTP/1.1" 200 263
INFO 2026-06-01 12:43:21,789 basehttp "GET /api/v1/financials/petty-cash/?start_date=2026-06-01&end_date=2026-06-01&page_size=100 HTTP/1.1" 200 263
INFO 2026-06-01 12:43:21,818 basehttp "GET /api/v1/hr/payroll/ HTTP/1.1" 200 4108
INFO 2026-06-01 12:43:21,818 basehttp "GET /api/v1/hr/payroll/ HTTP/1.1" 200 4108
INFO 2026-06-01 12:43:21,964 basehttp "GET /api/v1/financials/invoices/?status=paid&start_date=2026-06-01&end_date=2026-06-01&page_size=100 HTTP/1.1" 200 3624
INFO 2026-06-01 12:43:21,964 basehttp "GET /api/v1/financials/invoices/?status=paid&start_date=2026-06-01&end_date=2026-06-01&page_size=100 HTTP/1.1" 200 3624
INFO 2026-06-01 12:43:22,057 basehttp "GET /api/v1/financials/transactions/?start_date=2026-06-01&end_date=2026-06-01&page_size=100 HTTP/1.1" 200 4568
INFO 2026-06-01 12:43:22,057 basehttp "GET /api/v1/financials/transactions/?start_date=2026-06-01&end_date=2026-06-01&page_size=100 HTTP/1.1" 200 4568
INFO 2026-06-01 12:43:22,146 basehttp "GET /api/v1/sales/sales/?start_date=2026-06-01&end_date=2026-06-01&page_size=100 HTTP/1.1" 200 806
INFO 2026-06-01 12:43:22,146 basehttp "GET /api/v1/sales/sales/?start_date=2026-06-01&end_date=2026-06-01&page_size=100 HTTP/1.1" 200 806
INFO 2026-06-01 12:43:22,182 basehttp "GET /api/v1/hr/payroll/ HTTP/1.1" 200 4108
INFO 2026-06-01 12:43:22,182 basehttp "GET /api/v1/hr/payroll/ HTTP/1.1" 200 4108
INFO 2026-06-01 12:43:22,266 basehttp "GET /api/v1/financials/invoices/?status=paid&start_date=2026-06-01&end_date=2026-06-01&page_size=100 HTTP/1.1" 200 3624
INFO 2026-06-01 12:43:22,266 basehttp "GET /api/v1/financials/invoices/?status=paid&start_date=2026-06-01&end_date=2026-06-01&page_size=100 HTTP/1.1" 200 3624
INFO 2026-06-01 12:43:36,273 basehttp "GET /api/v1/financials/budgets/?year=2026&status=active&period=monthly HTTP/1.1" 200 52
INFO 2026-06-01 12:43:36,273 basehttp "GET /api/v1/financials/budgets/?year=2026&status=active&period=monthly HTTP/1.1" 200 52
INFO 2026-06-01 12:43:36,366 basehttp "GET /api/v1/financials/budgets/?year=2026&status=active&period=monthly HTTP/1.1" 200 52
INFO 2026-06-01 12:43:36,366 basehttp "GET /api/v1/financials/budgets/?year=2026&status=active&period=monthly HTTP/1.1" 200 52
INFO 2026-06-01 12:43:36,385 basehttp "GET /api/v1/bi/financial/profit-loss/ HTTP/1.1" 200 94
INFO 2026-06-01 12:43:36,385 basehttp "GET /api/v1/bi/financial/profit-loss/ HTTP/1.1" 200 94
INFO 2026-06-01 12:43:36,513 basehttp "GET /api/v1/financials/loans/ HTTP/1.1" 200 473
INFO 2026-06-01 12:43:36,513 basehttp "GET /api/v1/financials/loans/ HTTP/1.1" 200 473
INFO 2026-06-01 12:43:36,531 basehttp "GET /api/v1/financials/petty-cash/ HTTP/1.1" 200 263
INFO 2026-06-01 12:43:36,531 basehttp "GET /api/v1/financials/petty-cash/ HTTP/1.1" 200 263
INFO 2026-06-01 12:43:36,577 basehttp "GET /api/v1/financials/cash-flow/ HTTP/1.1" 200 1962
INFO 2026-06-01 12:43:36,585 basehttp "GET /api/v1/sales/customers/ HTTP/1.1" 200 2392
INFO 2026-06-01 12:43:36,601 basehttp "GET /api/v1/financials/transactions/ HTTP/1.1" 200 4512
INFO 2026-06-01 12:43:36,577 basehttp "GET /api/v1/financials/cash-flow/ HTTP/1.1" 200 1962
INFO 2026-06-01 12:43:36,585 basehttp "GET /api/v1/sales/customers/ HTTP/1.1" 200 2392
INFO 2026-06-01 12:43:36,601 basehttp "GET /api/v1/financials/transactions/ HTTP/1.1" 200 4512
INFO 2026-06-01 12:43:36,744 basehttp "GET /api/v1/hr/payroll/ HTTP/1.1" 200 4108
INFO 2026-06-01 12:43:36,744 basehttp "GET /api/v1/hr/payroll/ HTTP/1.1" 200 4108
INFO 2026-06-01 12:43:36,772 basehttp "GET /api/v1/financials/loans/ HTTP/1.1" 200 473
INFO 2026-06-01 12:43:36,772 basehttp "GET /api/v1/financials/loans/ HTTP/1.1" 200 473
INFO 2026-06-01 12:43:36,826 basehttp "GET /api/v1/bi/financial/profit-loss/ HTTP/1.1" 200 94
INFO 2026-06-01 12:43:36,831 basehttp "GET /api/v1/financials/invoices/ HTTP/1.1" 200 3624
INFO 2026-06-01 12:43:36,831 basehttp "GET /api/v1/financials/invoices/ HTTP/1.1" 200 3624
INFO 2026-06-01 12:43:36,826 basehttp "GET /api/v1/bi/financial/profit-loss/ HTTP/1.1" 200 94
INFO 2026-06-01 12:43:36,875 basehttp "GET /api/v1/financials/petty-cash/ HTTP/1.1" 200 263
INFO 2026-06-01 12:43:36,875 basehttp "GET /api/v1/financials/petty-cash/ HTTP/1.1" 200 263
INFO 2026-06-01 12:43:36,934 basehttp "GET /api/v1/sales/sales/?page_size=500 HTTP/1.1" 200 8552
INFO 2026-06-01 12:43:37,014 basehttp "GET /api/v1/sales/customers/ HTTP/1.1" 200 2392
INFO 2026-06-01 12:43:37,051 basehttp "GET /api/v1/financials/cash-flow/ HTTP/1.1" 200 1962
INFO 2026-06-01 12:43:36,934 basehttp "GET /api/v1/sales/sales/?page_size=500 HTTP/1.1" 200 8552
INFO 2026-06-01 12:43:37,014 basehttp "GET /api/v1/sales/customers/ HTTP/1.1" 200 2392
INFO 2026-06-01 12:43:37,051 basehttp "GET /api/v1/financials/cash-flow/ HTTP/1.1" 200 1962
INFO 2026-06-01 12:43:37,158 basehttp "GET /api/v1/financials/invoices/ HTTP/1.1" 200 3624
INFO 2026-06-01 12:43:37,160 basehttp "GET /api/v1/financials/transactions/ HTTP/1.1" 200 4512
INFO 2026-06-01 12:43:37,158 basehttp "GET /api/v1/financials/invoices/ HTTP/1.1" 200 3624
INFO 2026-06-01 12:43:37,160 basehttp "GET /api/v1/financials/transactions/ HTTP/1.1" 200 4512
INFO 2026-06-01 12:43:37,201 basehttp "GET /api/v1/hr/payroll/ HTTP/1.1" 200 4108
INFO 2026-06-01 12:43:37,201 basehttp "GET /api/v1/hr/payroll/ HTTP/1.1" 200 4108
INFO 2026-06-01 12:43:37,268 basehttp "GET /api/v1/sales/sales/?page_size=500 HTTP/1.1" 200 8552
INFO 2026-06-01 12:43:37,268 basehttp "GET /api/v1/sales/sales/?page_size=500 HTTP/1.1" 200 8552
INFO 2026-06-01 12:44:35,598 basehttp "POST /api/v1/auth/login/ HTTP/1.1" 200 808
INFO 2026-06-01 12:44:35,598 basehttp "POST /api/v1/auth/login/ HTTP/1.1" 200 808
INFO 2026-06-01 12:44:36,763 basehttp "GET /api/v1/financials/petty-cash/?start_date=2026-06-01&end_date=2026-06-01&page_size=100 HTTP/1.1" 200 263
INFO 2026-06-01 12:44:36,763 basehttp "GET /api/v1/financials/petty-cash/?start_date=2026-06-01&end_date=2026-06-01&page_size=100 HTTP/1.1" 200 263
INFO 2026-06-01 12:44:36,798 basehttp "GET /api/v1/financials/transactions/?start_date=2026-06-01&end_date=2026-06-01&page_size=100 HTTP/1.1" 200 4568
INFO 2026-06-01 12:44:36,798 basehttp "GET /api/v1/sales/sales/?start_date=2026-06-01&end_date=2026-06-01&page_size=100 HTTP/1.1" 200 806
INFO 2026-06-01 12:44:36,798 basehttp "GET /api/v1/sales/sales/?start_date=2026-06-01&end_date=2026-06-01&page_size=100 HTTP/1.1" 200 806
INFO 2026-06-01 12:44:36,798 basehttp "GET /api/v1/financials/transactions/?start_date=2026-06-01&end_date=2026-06-01&page_size=100 HTTP/1.1" 200 4568
INFO 2026-06-01 12:44:36,871 basehttp "GET /api/v1/hr/payroll/ HTTP/1.1" 200 4108
INFO 2026-06-01 12:44:36,871 basehttp "GET /api/v1/hr/payroll/ HTTP/1.1" 200 4108
INFO 2026-06-01 12:44:37,017 basehttp "GET /api/v1/financials/transactions/?start_date=2026-06-01&end_date=2026-06-01&page_size=100 HTTP/1.1" 200 4568
INFO 2026-06-01 12:44:37,017 basehttp "GET /api/v1/financials/transactions/?start_date=2026-06-01&end_date=2026-06-01&page_size=100 HTTP/1.1" 200 4568
INFO 2026-06-01 12:44:37,049 basehttp "GET /api/v1/financials/petty-cash/?start_date=2026-06-01&end_date=2026-06-01&page_size=100 HTTP/1.1" 200 263
INFO 2026-06-01 12:44:37,049 basehttp "GET /api/v1/financials/petty-cash/?start_date=2026-06-01&end_date=2026-06-01&page_size=100 HTTP/1.1" 200 263
INFO 2026-06-01 12:44:37,090 basehttp "GET /api/v1/sales/sales/?start_date=2026-06-01&end_date=2026-06-01&page_size=100 HTTP/1.1" 200 806
INFO 2026-06-01 12:44:37,090 basehttp "GET /api/v1/sales/sales/?start_date=2026-06-01&end_date=2026-06-01&page_size=100 HTTP/1.1" 200 806
INFO 2026-06-01 12:44:37,150 basehttp "GET /api/v1/financials/invoices/?status=paid&start_date=2026-06-01&end_date=2026-06-01&page_size=100 HTTP/1.1" 200 3624
INFO 2026-06-01 12:44:37,150 basehttp "GET /api/v1/financials/invoices/?status=paid&start_date=2026-06-01&end_date=2026-06-01&page_size=100 HTTP/1.1" 200 3624
INFO 2026-06-01 12:44:37,175 basehttp "GET /api/v1/hr/payroll/ HTTP/1.1" 200 4108
INFO 2026-06-01 12:44:37,175 basehttp "GET /api/v1/hr/payroll/ HTTP/1.1" 200 4108
INFO 2026-06-01 12:44:37,324 basehttp "GET /api/v1/financials/invoices/?status=paid&start_date=2026-06-01&end_date=2026-06-01&page_size=100 HTTP/1.1" 200 3624
INFO 2026-06-01 12:44:37,324 basehttp "GET /api/v1/financials/invoices/?status=paid&start_date=2026-06-01&end_date=2026-06-01&page_size=100 HTTP/1.1" 200 3624
INFO 2026-06-01 12:44:44,997 basehttp "GET /api/v1/bi/dashboard/available-months/ HTTP/1.1" 200 177
INFO 2026-06-01 12:44:44,997 basehttp "GET /api/v1/bi/dashboard/available-months/ HTTP/1.1" 200 177
INFO 2026-06-01 12:44:45,093 basehttp "GET /api/v1/bi/dashboard/alerts/ HTTP/1.1" 200 23
INFO 2026-06-01 12:44:45,093 basehttp "GET /api/v1/bi/dashboard/alerts/ HTTP/1.1" 200 23
INFO 2026-06-01 12:44:45,153 basehttp "GET /api/v1/bi/dashboard/available-months/ HTTP/1.1" 200 177
INFO 2026-06-01 12:44:45,153 basehttp "GET /api/v1/bi/dashboard/available-months/ HTTP/1.1" 200 177
INFO 2026-06-01 12:44:45,262 basehttp "GET /api/v1/bi/dashboard/?month=2026-06 HTTP/1.1" 200 901
INFO 2026-06-01 12:44:45,262 basehttp "GET /api/v1/bi/dashboard/?month=2026-06 HTTP/1.1" 200 901
INFO 2026-06-01 12:44:45,270 basehttp "GET /api/v1/bi/dashboard/trends/?days=30 HTTP/1.1" 200 1168
INFO 2026-06-01 12:44:45,270 basehttp "GET /api/v1/bi/dashboard/trends/?days=30 HTTP/1.1" 200 1168
INFO 2026-06-01 12:48:34,157 basehttp "GET /api/v1/bi/dashboard/available-months/ HTTP/1.1" 200 177
INFO 2026-06-01 12:48:34,157 basehttp "GET /api/v1/bi/dashboard/available-months/ HTTP/1.1" 200 177
INFO 2026-06-01 12:48:34,176 basehttp "OPTIONS /api/v1/sales/sales/?start_date=2026-05-31&end_date=2026-06-29&page_size=500 HTTP/1.1" 200 0
INFO 2026-06-01 12:48:34,176 basehttp "OPTIONS /api/v1/sales/sales/?start_date=2026-05-31&end_date=2026-06-29&page_size=500 HTTP/1.1" 200 0
INFO 2026-06-01 12:48:34,260 basehttp "GET /api/v1/bi/dashboard/available-months/ HTTP/1.1" 200 177
INFO 2026-06-01 12:48:34,260 basehttp "GET /api/v1/bi/dashboard/available-months/ HTTP/1.1" 200 177
INFO 2026-06-01 12:48:34,296 basehttp "GET /api/v1/sales/sales/?start_date=2026-05-31&end_date=2026-06-29&page_size=500 HTTP/1.1" 200 806
INFO 2026-06-01 12:48:34,296 basehttp "GET /api/v1/sales/sales/?start_date=2026-05-31&end_date=2026-06-29&page_size=500 HTTP/1.1" 200 806
INFO 2026-06-01 12:48:34,314 basehttp "OPTIONS /api/v1/bi/sales/top-products/?limit=10 HTTP/1.1" 200 0
INFO 2026-06-01 12:48:34,314 basehttp "OPTIONS /api/v1/bi/sales/top-products/?limit=10 HTTP/1.1" 200 0
INFO 2026-06-01 12:48:34,394 basehttp "GET /api/v1/bi/sales/top-products/?limit=10 HTTP/1.1" 200 342
INFO 2026-06-01 12:48:34,394 basehttp "GET /api/v1/bi/sales/top-products/?limit=10 HTTP/1.1" 200 342
INFO 2026-06-01 12:48:34,413 basehttp "OPTIONS /api/v1/bi/customer/insights/ HTTP/1.1" 200 0
INFO 2026-06-01 12:48:34,413 basehttp "OPTIONS /api/v1/bi/customer/insights/ HTTP/1.1" 200 0
INFO 2026-06-01 12:48:34,516 basehttp "GET /api/v1/bi/customer/insights/ HTTP/1.1" 200 144
INFO 2026-06-01 12:48:34,516 basehttp "GET /api/v1/bi/customer/insights/ HTTP/1.1" 200 144
INFO 2026-06-01 12:48:34,530 basehttp "OPTIONS /api/v1/bi/trends/?days=180 HTTP/1.1" 200 0
INFO 2026-06-01 12:48:34,530 basehttp "OPTIONS /api/v1/bi/trends/?days=180 HTTP/1.1" 200 0
INFO 2026-06-01 12:48:35,247 basehttp "GET /api/v1/bi/trends/?days=180 HTTP/1.1" 200 6568
INFO 2026-06-01 12:48:35,247 basehttp "GET /api/v1/bi/trends/?days=180 HTTP/1.1" 200 6568
INFO 2026-06-01 12:49:55,638 basehttp "GET /api/v1/sales/customers/ HTTP/1.1" 200 2392
INFO 2026-06-01 12:49:55,638 basehttp "GET /api/v1/sales/customers/ HTTP/1.1" 200 2392
INFO 2026-06-01 12:49:55,687 basehttp "GET /api/v1/inventory/products/ HTTP/1.1" 200 2245
INFO 2026-06-01 12:49:55,687 basehttp "GET /api/v1/inventory/products/ HTTP/1.1" 200 2245
INFO 2026-06-01 12:49:55,780 basehttp "GET /api/v1/sales/customers/ HTTP/1.1" 200 2392
INFO 2026-06-01 12:49:55,780 basehttp "GET /api/v1/sales/customers/ HTTP/1.1" 200 2392
INFO 2026-06-01 12:49:55,812 basehttp "GET /api/v1/inventory/products/ HTTP/1.1" 200 2245
INFO 2026-06-01 12:49:55,812 basehttp "GET /api/v1/inventory/products/ HTTP/1.1" 200 2245
INFO 2026-06-01 12:50:13,136 basehttp "POST /api/v1/sales/sales/process/ HTTP/1.1" 201 1012
INFO 2026-06-01 12:50:13,136 basehttp "POST /api/v1/sales/sales/process/ HTTP/1.1" 201 1012
INFO 2026-06-01 12:50:13,229 basehttp "GET /api/v1/sales/customers/ HTTP/1.1" 200 2392
INFO 2026-06-01 12:50:13,229 basehttp "GET /api/v1/sales/customers/ HTTP/1.1" 200 2392
INFO 2026-06-01 12:50:13,259 basehttp "GET /api/v1/inventory/products/ HTTP/1.1" 200 2245
INFO 2026-06-01 12:50:13,259 basehttp "GET /api/v1/inventory/products/ HTTP/1.1" 200 2245
INFO 2026-06-01 12:50:20,343 basehttp "GET /api/v1/bi/dashboard/available-months/ HTTP/1.1" 200 177
INFO 2026-06-01 12:50:20,343 basehttp "GET /api/v1/bi/dashboard/available-months/ HTTP/1.1" 200 177
INFO 2026-06-01 12:50:20,400 basehttp "GET /api/v1/bi/dashboard/available-months/ HTTP/1.1" 200 177
INFO 2026-06-01 12:50:20,400 basehttp "GET /api/v1/bi/dashboard/available-months/ HTTP/1.1" 200 177
INFO 2026-06-01 12:50:20,436 basehttp "GET /api/v1/sales/sales/?start_date=2026-05-31&end_date=2026-06-29&page_size=500 HTTP/1.1" 200 1548
INFO 2026-06-01 12:50:20,436 basehttp "GET /api/v1/sales/sales/?start_date=2026-05-31&end_date=2026-06-29&page_size=500 HTTP/1.1" 200 1548
INFO 2026-06-01 12:50:20,498 basehttp "GET /api/v1/bi/sales/top-products/?limit=10 HTTP/1.1" 200 342
INFO 2026-06-01 12:50:20,498 basehttp "GET /api/v1/bi/sales/top-products/?limit=10 HTTP/1.1" 200 342
INFO 2026-06-01 12:50:20,553 basehttp "GET /api/v1/bi/customer/insights/ HTTP/1.1" 200 144
INFO 2026-06-01 12:50:20,553 basehttp "GET /api/v1/bi/customer/insights/ HTTP/1.1" 200 144
INFO 2026-06-01 12:50:21,192 basehttp "GET /api/v1/bi/trends/?days=180 HTTP/1.1" 200 6568
INFO 2026-06-01 12:50:21,192 basehttp "GET /api/v1/bi/trends/?days=180 HTTP/1.1" 200 6568
INFO 2026-06-01 12:50:53,507 basehttp "GET /api/v1/sales/sales/?page=1&page_size=20 HTTP/1.1" 200 8520
INFO 2026-06-01 12:50:53,507 basehttp "GET /api/v1/sales/sales/?page=1&page_size=20 HTTP/1.1" 200 8520
INFO 2026-06-01 12:50:53,616 basehttp "GET /api/v1/sales/returns/ HTTP/1.1" 200 1572
INFO 2026-06-01 12:50:53,616 basehttp "GET /api/v1/sales/returns/ HTTP/1.1" 200 1572
INFO 2026-06-01 12:50:53,736 basehttp "GET /api/v1/sales/sales/?page=1&page_size=20 HTTP/1.1" 200 8520
INFO 2026-06-01 12:50:53,736 basehttp "GET /api/v1/sales/sales/?page=1&page_size=20 HTTP/1.1" 200 8520
INFO 2026-06-01 12:50:53,844 basehttp "GET /api/v1/sales/returns/ HTTP/1.1" 200 1572
INFO 2026-06-01 12:50:53,844 basehttp "GET /api/v1/sales/returns/ HTTP/1.1" 200 1572
INFO 2026-06-01 12:54:31,921 basehttp "GET /api/v1/sales/customers/ HTTP/1.1" 200 2392
INFO 2026-06-01 12:54:31,921 basehttp "GET /api/v1/sales/customers/ HTTP/1.1" 200 2392
INFO 2026-06-01 12:54:31,979 basehttp "GET /api/v1/inventory/products/ HTTP/1.1" 200 2245
INFO 2026-06-01 12:54:31,979 basehttp "GET /api/v1/inventory/products/ HTTP/1.1" 200 2245
INFO 2026-06-01 12:54:32,004 basehttp "GET /api/v1/sales/customers/ HTTP/1.1" 200 2392
INFO 2026-06-01 12:54:32,004 basehttp "GET /api/v1/sales/customers/ HTTP/1.1" 200 2392
INFO 2026-06-01 12:54:32,086 basehttp "GET /api/v1/inventory/products/ HTTP/1.1" 200 2245
INFO 2026-06-01 12:54:32,086 basehttp "GET /api/v1/inventory/products/ HTTP/1.1" 200 2245
INFO 2026-06-01 12:54:44,990 basehttp "GET /api/v1/financials/petty-cash/?start_date=2026-06-01&end_date=2026-06-01&page_size=100 HTTP/1.1" 200 263
INFO 2026-06-01 12:54:44,990 basehttp "GET /api/v1/financials/petty-cash/?start_date=2026-06-01&end_date=2026-06-01&page_size=100 HTTP/1.1" 200 263
INFO 2026-06-01 12:54:45,153 basehttp "GET /api/v1/sales/sales/?start_date=2026-06-01&end_date=2026-06-01&page_size=100 HTTP/1.1" 200 1548
INFO 2026-06-01 12:54:45,153 basehttp "GET /api/v1/sales/sales/?start_date=2026-06-01&end_date=2026-06-01&page_size=100 HTTP/1.1" 200 1548
INFO 2026-06-01 12:54:45,200 basehttp "GET /api/v1/financials/transactions/?start_date=2026-06-01&end_date=2026-06-01&page_size=100 HTTP/1.1" 200 4551
INFO 2026-06-01 12:54:45,200 basehttp "GET /api/v1/financials/transactions/?start_date=2026-06-01&end_date=2026-06-01&page_size=100 HTTP/1.1" 200 4551
INFO 2026-06-01 12:54:45,227 basehttp "GET /api/v1/financials/petty-cash/?start_date=2026-06-01&end_date=2026-06-01&page_size=100 HTTP/1.1" 200 263
INFO 2026-06-01 12:54:45,227 basehttp "GET /api/v1/financials/petty-cash/?start_date=2026-06-01&end_date=2026-06-01&page_size=100 HTTP/1.1" 200 263
INFO 2026-06-01 12:54:45,303 basehttp "GET /api/v1/financials/transactions/?start_date=2026-06-01&end_date=2026-06-01&page_size=100 HTTP/1.1" 200 4551
INFO 2026-06-01 12:54:45,303 basehttp "GET /api/v1/financials/transactions/?start_date=2026-06-01&end_date=2026-06-01&page_size=100 HTTP/1.1" 200 4551
INFO 2026-06-01 12:54:45,310 basehttp "GET /api/v1/hr/payroll/ HTTP/1.1" 200 4108
INFO 2026-06-01 12:54:45,310 basehttp "GET /api/v1/hr/payroll/ HTTP/1.1" 200 4108
INFO 2026-06-01 12:54:45,355 basehttp "GET /api/v1/sales/sales/?start_date=2026-06-01&end_date=2026-06-01&page_size=100 HTTP/1.1" 200 1548
INFO 2026-06-01 12:54:45,355 basehttp "GET /api/v1/sales/sales/?start_date=2026-06-01&end_date=2026-06-01&page_size=100 HTTP/1.1" 200 1548
INFO 2026-06-01 12:54:45,438 basehttp "GET /api/v1/financials/invoices/?status=paid&start_date=2026-06-01&end_date=2026-06-01&page_size=100 HTTP/1.1" 200 3624
INFO 2026-06-01 12:54:45,438 basehttp "GET /api/v1/financials/invoices/?status=paid&start_date=2026-06-01&end_date=2026-06-01&page_size=100 HTTP/1.1" 200 3624
INFO 2026-06-01 12:54:45,453 basehttp "GET /api/v1/hr/payroll/ HTTP/1.1" 200 4108
INFO 2026-06-01 12:54:45,453 basehttp "GET /api/v1/hr/payroll/ HTTP/1.1" 200 4108
INFO 2026-06-01 12:54:45,534 basehttp "GET /api/v1/financials/invoices/?status=paid&start_date=2026-06-01&end_date=2026-06-01&page_size=100 HTTP/1.1" 200 3624
INFO 2026-06-01 12:54:45,534 basehttp "GET /api/v1/financials/invoices/?status=paid&start_date=2026-06-01&end_date=2026-06-01&page_size=100 HTTP/1.1" 200 3624
WARNING 2026-06-01 13:02:54,207 basehttp "GET /api/v1/bi/dashboard/available-months/ HTTP/1.1" 401 183
WARNING 2026-06-01 13:02:54,207 basehttp "GET /api/v1/bi/dashboard/available-months/ HTTP/1.1" 401 183
WARNING 2026-06-01 13:02:54,236 basehttp "GET /api/v1/bi/dashboard/available-months/ HTTP/1.1" 401 183
WARNING 2026-06-01 13:02:54,236 basehttp "GET /api/v1/bi/dashboard/available-months/ HTTP/1.1" 401 183
INFO 2026-06-01 13:02:54,288 basehttp "POST /api/v1/auth/refresh/ HTTP/1.1" 200 483
INFO 2026-06-01 13:02:54,288 basehttp "POST /api/v1/auth/refresh/ HTTP/1.1" 200 483
INFO 2026-06-01 13:02:54,329 basehttp "GET /api/v1/bi/dashboard/available-months/ HTTP/1.1" 200 177
INFO 2026-06-01 13:02:54,329 basehttp "GET /api/v1/bi/dashboard/available-months/ HTTP/1.1" 200 177
INFO 2026-06-01 13:02:54,383 basehttp "GET /api/v1/bi/dashboard/available-months/ HTTP/1.1" 200 177
INFO 2026-06-01 13:02:54,383 basehttp "GET /api/v1/bi/dashboard/available-months/ HTTP/1.1" 200 177
INFO 2026-06-01 13:02:54,453 basehttp "GET /api/v1/sales/sales/?start_date=2026-05-31&end_date=2026-06-29&page_size=500 HTTP/1.1" 200 1548
INFO 2026-06-01 13:02:54,453 basehttp "GET /api/v1/sales/sales/?start_date=2026-05-31&end_date=2026-06-29&page_size=500 HTTP/1.1" 200 1548
INFO 2026-06-01 13:02:54,483 basehttp "GET /api/v1/bi/sales/top-products/?limit=10 HTTP/1.1" 200 342
INFO 2026-06-01 13:02:54,483 basehttp "GET /api/v1/bi/sales/top-products/?limit=10 HTTP/1.1" 200 342
INFO 2026-06-01 13:02:54,530 basehttp "GET /api/v1/bi/customer/insights/ HTTP/1.1" 200 144
INFO 2026-06-01 13:02:54,530 basehttp "GET /api/v1/bi/customer/insights/ HTTP/1.1" 200 144
INFO 2026-06-01 13:02:55,113 basehttp "GET /api/v1/bi/trends/?days=180 HTTP/1.1" 200 6568
INFO 2026-06-01 13:02:55,113 basehttp "GET /api/v1/bi/trends/?days=180 HTTP/1.1" 200 6568
INFO 2026-06-01 13:05:40,829 basehttp "GET /api/v1/bi/dashboard/available-months/ HTTP/1.1" 200 177
INFO 2026-06-01 13:05:40,829 basehttp "GET /api/v1/bi/dashboard/available-months/ HTTP/1.1" 200 177
INFO 2026-06-01 13:05:40,890 basehttp "GET /api/v1/bi/dashboard/available-months/ HTTP/1.1" 200 177
INFO 2026-06-01 13:05:40,890 basehttp "GET /api/v1/bi/dashboard/available-months/ HTTP/1.1" 200 177
INFO 2026-06-01 13:05:40,996 basehttp "GET /api/v1/sales/sales/?start_date=2026-05-31&end_date=2026-06-29&page_size=500 HTTP/1.1" 200 1548
INFO 2026-06-01 13:05:40,996 basehttp "GET /api/v1/sales/sales/?start_date=2026-05-31&end_date=2026-06-29&page_size=500 HTTP/1.1" 200 1548
INFO 2026-06-01 13:05:41,134 basehttp "GET /api/v1/bi/sales/top-products/?limit=10 HTTP/1.1" 200 342
INFO 2026-06-01 13:05:41,134 basehttp "GET /api/v1/bi/sales/top-products/?limit=10 HTTP/1.1" 200 342
INFO 2026-06-01 13:05:41,230 basehttp "GET /api/v1/bi/customer/insights/ HTTP/1.1" 200 144
INFO 2026-06-01 13:05:41,230 basehttp "GET /api/v1/bi/customer/insights/ HTTP/1.1" 200 144
INFO 2026-06-01 13:05:42,436 basehttp "GET /api/v1/bi/trends/?days=180 HTTP/1.1" 200 6568
INFO 2026-06-01 13:05:42,436 basehttp "GET /api/v1/bi/trends/?days=180 HTTP/1.1" 200 6568
INFO 2026-06-01 13:05:46,120 basehttp "GET /api/v1/bi/dashboard/available-months/ HTTP/1.1" 200 177
INFO 2026-06-01 13:05:46,120 basehttp "GET /api/v1/bi/dashboard/available-months/ HTTP/1.1" 200 177
INFO 2026-06-01 13:05:46,153 basehttp "GET /api/v1/bi/dashboard/available-months/ HTTP/1.1" 200 177
INFO 2026-06-01 13:05:46,153 basehttp "GET /api/v1/bi/dashboard/available-months/ HTTP/1.1" 200 177
INFO 2026-06-01 13:05:46,205 basehttp "GET /api/v1/sales/sales/?start_date=2026-05-31&end_date=2026-06-29&page_size=500 HTTP/1.1" 200 1548
INFO 2026-06-01 13:05:46,205 basehttp "GET /api/v1/sales/sales/?start_date=2026-05-31&end_date=2026-06-29&page_size=500 HTTP/1.1" 200 1548
INFO 2026-06-01 13:05:46,237 basehttp "GET /api/v1/bi/sales/top-products/?limit=10 HTTP/1.1" 200 342
INFO 2026-06-01 13:05:46,237 basehttp "GET /api/v1/bi/sales/top-products/?limit=10 HTTP/1.1" 200 342
INFO 2026-06-01 13:05:46,284 basehttp "GET /api/v1/bi/customer/insights/ HTTP/1.1" 200 144
INFO 2026-06-01 13:05:46,284 basehttp "GET /api/v1/bi/customer/insights/ HTTP/1.1" 200 144
INFO 2026-06-01 13:05:46,782 basehttp "GET /api/v1/bi/trends/?days=180 HTTP/1.1" 200 6568
INFO 2026-06-01 13:05:46,782 basehttp "GET /api/v1/bi/trends/?days=180 HTTP/1.1" 200 6568
INFO 2026-06-01 13:07:52,077 basehttp "GET /api/v1/sales/customers/ HTTP/1.1" 200 2392
INFO 2026-06-01 13:07:52,077 basehttp "GET /api/v1/sales/customers/ HTTP/1.1" 200 2392
INFO 2026-06-01 13:07:52,101 basehttp "GET /api/v1/inventory/products/ HTTP/1.1" 200 2245
INFO 2026-06-01 13:07:52,101 basehttp "GET /api/v1/inventory/products/ HTTP/1.1" 200 2245
INFO 2026-06-01 13:07:52,195 basehttp "GET /api/v1/sales/customers/ HTTP/1.1" 200 2392
INFO 2026-06-01 13:07:52,195 basehttp "GET /api/v1/sales/customers/ HTTP/1.1" 200 2392
INFO 2026-06-01 13:07:52,222 basehttp "GET /api/v1/inventory/products/ HTTP/1.1" 200 2245
INFO 2026-06-01 13:07:52,222 basehttp "GET /api/v1/inventory/products/ HTTP/1.1" 200 2245
INFO 2026-06-01 13:08:04,384 basehttp "POST /api/v1/sales/sales/process/ HTTP/1.1" 201 1013
INFO 2026-06-01 13:08:04,384 basehttp "POST /api/v1/sales/sales/process/ HTTP/1.1" 201 1013
INFO 2026-06-01 13:08:04,480 basehttp "GET /api/v1/inventory/products/ HTTP/1.1" 200 2245
INFO 2026-06-01 13:08:04,480 basehttp "GET /api/v1/inventory/products/ HTTP/1.1" 200 2245
INFO 2026-06-01 13:08:04,483 basehttp "GET /api/v1/sales/customers/ HTTP/1.1" 200 2392
INFO 2026-06-01 13:08:04,483 basehttp "GET /api/v1/sales/customers/ HTTP/1.1" 200 2392
INFO 2026-06-01 13:08:11,719 basehttp "GET /api/v1/bi/dashboard/available-months/ HTTP/1.1" 200 177
INFO 2026-06-01 13:08:11,719 basehttp "GET /api/v1/bi/dashboard/available-months/ HTTP/1.1" 200 177
INFO 2026-06-01 13:08:11,766 basehttp "GET /api/v1/bi/dashboard/available-months/ HTTP/1.1" 200 177
INFO 2026-06-01 13:08:11,766 basehttp "GET /api/v1/bi/dashboard/available-months/ HTTP/1.1" 200 177
INFO 2026-06-01 13:08:11,816 basehttp "GET /api/v1/sales/sales/?start_date=2026-05-31&end_date=2026-06-29&page_size=500 HTTP/1.1" 200 2291
INFO 2026-06-01 13:08:11,816 basehttp "GET /api/v1/sales/sales/?start_date=2026-05-31&end_date=2026-06-29&page_size=500 HTTP/1.1" 200 2291
INFO 2026-06-01 13:08:11,850 basehttp "GET /api/v1/bi/sales/top-products/?limit=10 HTTP/1.1" 200 342
INFO 2026-06-01 13:08:11,850 basehttp "GET /api/v1/bi/sales/top-products/?limit=10 HTTP/1.1" 200 342
INFO 2026-06-01 13:08:11,901 basehttp "GET /api/v1/bi/customer/insights/ HTTP/1.1" 200 144
INFO 2026-06-01 13:08:11,901 basehttp "GET /api/v1/bi/customer/insights/ HTTP/1.1" 200 144
INFO 2026-06-01 13:08:12,367 basehttp "GET /api/v1/bi/trends/?days=180 HTTP/1.1" 200 6568
INFO 2026-06-01 13:08:12,367 basehttp "GET /api/v1/bi/trends/?days=180 HTTP/1.1" 200 6568
INFO 2026-06-01 13:11:19,016 basehttp "GET /api/v1/bi/dashboard/available-months/ HTTP/1.1" 200 177
INFO 2026-06-01 13:11:19,016 basehttp "GET /api/v1/bi/dashboard/available-months/ HTTP/1.1" 200 177
INFO 2026-06-01 13:11:19,087 basehttp "GET /api/v1/bi/dashboard/available-months/ HTTP/1.1" 200 177
INFO 2026-06-01 13:11:19,087 basehttp "GET /api/v1/bi/dashboard/available-months/ HTTP/1.1" 200 177
INFO 2026-06-01 13:11:19,146 basehttp "GET /api/v1/sales/sales/?start_date=2026-05-31&end_date=2026-06-29&page_size=500 HTTP/1.1" 200 2291
INFO 2026-06-01 13:11:19,146 basehttp "GET /api/v1/sales/sales/?start_date=2026-05-31&end_date=2026-06-29&page_size=500 HTTP/1.1" 200 2291
INFO 2026-06-01 13:11:19,161 basehttp "OPTIONS /api/v1/bi/sales/top-products/?limit=10&start_date=2026-05-31&end_date=2026-06-29 HTTP/1.1" 200 0
INFO 2026-06-01 13:11:19,161 basehttp "OPTIONS /api/v1/bi/sales/top-products/?limit=10&start_date=2026-05-31&end_date=2026-06-29 HTTP/1.1" 200 0
INFO 2026-06-01 13:11:19,218 basehttp "GET /api/v1/bi/sales/top-products/?limit=10&start_date=2026-05-31&end_date=2026-06-29 HTTP/1.1" 200 342
INFO 2026-06-01 13:11:19,218 basehttp "GET /api/v1/bi/sales/top-products/?limit=10&start_date=2026-05-31&end_date=2026-06-29 HTTP/1.1" 200 342
INFO 2026-06-01 13:11:19,962 basehttp "GET /api/v1/bi/trends/?days=180 HTTP/1.1" 200 6568
INFO 2026-06-01 13:11:19,962 basehttp "GET /api/v1/bi/trends/?days=180 HTTP/1.1" 200 6568
INFO 2026-06-01 13:14:23,034 basehttp "GET /api/v1/bi/dashboard/available-months/ HTTP/1.1" 200 177
INFO 2026-06-01 13:14:23,034 basehttp "GET /api/v1/bi/dashboard/available-months/ HTTP/1.1" 200 177
INFO 2026-06-01 13:14:23,110 basehttp "GET /api/v1/bi/dashboard/available-months/ HTTP/1.1" 200 177
INFO 2026-06-01 13:14:23,110 basehttp "GET /api/v1/bi/dashboard/available-months/ HTTP/1.1" 200 177
INFO 2026-06-01 13:14:23,139 basehttp "GET /api/v1/sales/sales/?start_date=2026-05-31&end_date=2026-06-29&page_size=500 HTTP/1.1" 200 2291
INFO 2026-06-01 13:14:23,139 basehttp "GET /api/v1/sales/sales/?start_date=2026-05-31&end_date=2026-06-29&page_size=500 HTTP/1.1" 200 2291
INFO 2026-06-01 13:14:23,178 basehttp "GET /api/v1/bi/sales/top-products/?limit=10&start_date=2026-05-31&end_date=2026-06-29 HTTP/1.1" 200 342
INFO 2026-06-01 13:14:23,178 basehttp "GET /api/v1/bi/sales/top-products/?limit=10&start_date=2026-05-31&end_date=2026-06-29 HTTP/1.1" 200 342
INFO 2026-06-01 13:14:24,099 basehttp "GET /api/v1/bi/trends/?days=180 HTTP/1.1" 200 6568
INFO 2026-06-01 13:14:24,099 basehttp "GET /api/v1/bi/trends/?days=180 HTTP/1.1" 200 6568
INFO 2026-06-01 13:16:03,019 basehttp "OPTIONS /api/v1/bi/dashboard/available-months/ HTTP/1.1" 200 0
INFO 2026-06-01 13:16:03,020 basehttp "OPTIONS /api/v1/bi/dashboard/available-months/ HTTP/1.1" 200 0
INFO 2026-06-01 13:16:03,019 basehttp "OPTIONS /api/v1/bi/dashboard/available-months/ HTTP/1.1" 200 0
INFO 2026-06-01 13:16:03,020 basehttp "OPTIONS /api/v1/bi/dashboard/available-months/ HTTP/1.1" 200 0
INFO 2026-06-01 13:16:03,062 basehttp "GET /api/v1/bi/dashboard/available-months/ HTTP/1.1" 200 177
INFO 2026-06-01 13:16:03,062 basehttp "GET /api/v1/bi/dashboard/available-months/ HTTP/1.1" 200 177
INFO 2026-06-01 13:16:03,169 basehttp "GET /api/v1/bi/dashboard/available-months/ HTTP/1.1" 200 177
INFO 2026-06-01 13:16:03,169 basehttp "GET /api/v1/bi/dashboard/available-months/ HTTP/1.1" 200 177
INFO 2026-06-01 13:16:03,394 basehttp "GET /api/v1/sales/sales/?start_date=2026-05-31&end_date=2026-06-29&page_size=500 HTTP/1.1" 200 2291
INFO 2026-06-01 13:16:03,394 basehttp "GET /api/v1/sales/sales/?start_date=2026-05-31&end_date=2026-06-29&page_size=500 HTTP/1.1" 200 2291
INFO 2026-06-01 13:16:03,433 basehttp "GET /api/v1/bi/sales/top-products/?limit=10&start_date=2026-05-31&end_date=2026-06-29 HTTP/1.1" 200 342
INFO 2026-06-01 13:16:03,433 basehttp "GET /api/v1/bi/sales/top-products/?limit=10&start_date=2026-05-31&end_date=2026-06-29 HTTP/1.1" 200 342
INFO 2026-06-01 13:16:04,567 basehttp "GET /api/v1/bi/trends/?days=180 HTTP/1.1" 200 6568
INFO 2026-06-01 13:16:04,567 basehttp "GET /api/v1/bi/trends/?days=180 HTTP/1.1" 200 6568
INFO 2026-06-01 13:16:28,782 basehttp "GET /api/v1/bi/dashboard/available-months/ HTTP/1.1" 200 177
INFO 2026-06-01 13:16:28,782 basehttp "GET /api/v1/bi/dashboard/available-months/ HTTP/1.1" 200 177
INFO 2026-06-01 13:16:28,836 basehttp "GET /api/v1/bi/dashboard/available-months/ HTTP/1.1" 200 177
INFO 2026-06-01 13:16:28,836 basehttp "GET /api/v1/bi/dashboard/available-months/ HTTP/1.1" 200 177
INFO 2026-06-01 13:16:28,880 basehttp "GET /api/v1/sales/sales/?start_date=2026-05-31&end_date=2026-06-29&page_size=500 HTTP/1.1" 200 2291
INFO 2026-06-01 13:16:28,880 basehttp "GET /api/v1/sales/sales/?start_date=2026-05-31&end_date=2026-06-29&page_size=500 HTTP/1.1" 200 2291
INFO 2026-06-01 13:16:28,982 basehttp "GET /api/v1/bi/sales/top-products/?limit=10&start_date=2026-05-31&end_date=2026-06-29 HTTP/1.1" 200 342
INFO 2026-06-01 13:16:28,982 basehttp "GET /api/v1/bi/sales/top-products/?limit=10&start_date=2026-05-31&end_date=2026-06-29 HTTP/1.1" 200 342
INFO 2026-06-01 13:16:31,410 basehttp "GET /api/v1/bi/trends/?days=180 HTTP/1.1" 200 6568
INFO 2026-06-01 13:16:31,410 basehttp "GET /api/v1/bi/trends/?days=180 HTTP/1.1" 200 6568
INFO 2026-06-01 13:17:23,962 basehttp "GET /api/v1/bi/dashboard/available-months/ HTTP/1.1" 200 177
INFO 2026-06-01 13:17:23,962 basehttp "GET /api/v1/bi/dashboard/available-months/ HTTP/1.1" 200 177
INFO 2026-06-01 13:17:24,015 basehttp "GET /api/v1/bi/dashboard/available-months/ HTTP/1.1" 200 177
INFO 2026-06-01 13:17:24,015 basehttp "GET /api/v1/bi/dashboard/available-months/ HTTP/1.1" 200 177
INFO 2026-06-01 13:17:24,117 basehttp "GET /api/v1/sales/sales/?start_date=2026-05-31&end_date=2026-06-29&page_size=500 HTTP/1.1" 200 2291
INFO 2026-06-01 13:17:24,117 basehttp "GET /api/v1/sales/sales/?start_date=2026-05-31&end_date=2026-06-29&page_size=500 HTTP/1.1" 200 2291
INFO 2026-06-01 13:17:24,271 basehttp "GET /api/v1/bi/sales/top-products/?limit=10&start_date=2026-05-31&end_date=2026-06-29 HTTP/1.1" 200 342
INFO 2026-06-01 13:17:24,271 basehttp "GET /api/v1/bi/sales/top-products/?limit=10&start_date=2026-05-31&end_date=2026-06-29 HTTP/1.1" 200 342
INFO 2026-06-01 13:17:25,535 basehttp "GET /api/v1/bi/trends/?days=180 HTTP/1.1" 200 6568
INFO 2026-06-01 13:17:25,535 basehttp "GET /api/v1/bi/trends/?days=180 HTTP/1.1" 200 6568
WARNING 2026-06-01 13:19:23,667 basehttp "POST /api/v1/auth/refresh/ HTTP/1.1" 401 58
WARNING 2026-06-01 13:19:23,667 basehttp "POST /api/v1/auth/refresh/ HTTP/1.1" 401 58
WARNING 2026-06-01 13:19:23,671 basehttp "POST /api/v1/auth/refresh/ HTTP/1.1" 401 58
WARNING 2026-06-01 13:19:23,671 basehttp "POST /api/v1/auth/refresh/ HTTP/1.1" 401 58
WARNING 2026-06-01 13:19:23,711 basehttp "POST /api/v1/auth/refresh/ HTTP/1.1" 401 58
WARNING 2026-06-01 13:19:23,711 basehttp "POST /api/v1/auth/refresh/ HTTP/1.1" 401 58
INFO 2026-06-01 13:23:38,198 basehttp "POST /api/v1/auth/login/ HTTP/1.1" 200 808
INFO 2026-06-01 13:23:38,198 basehttp "POST /api/v1/auth/login/ HTTP/1.1" 200 808
INFO 2026-06-01 13:23:41,145 basehttp "GET /api/v1/financials/petty-cash/?start_date=2026-06-01&end_date=2026-06-01&page_size=100 HTTP/1.1" 200 263
INFO 2026-06-01 13:23:41,145 basehttp "GET /api/v1/financials/petty-cash/?start_date=2026-06-01&end_date=2026-06-01&page_size=100 HTTP/1.1" 200 263
INFO 2026-06-01 13:23:41,265 basehttp "GET /api/v1/financials/transactions/?start_date=2026-06-01&end_date=2026-06-01&page_size=100 HTTP/1.1" 200 4549
INFO 2026-06-01 13:23:41,265 basehttp "GET /api/v1/financials/transactions/?start_date=2026-06-01&end_date=2026-06-01&page_size=100 HTTP/1.1" 200 4549
INFO 2026-06-01 13:23:41,321 basehttp "GET /api/v1/sales/sales/?start_date=2026-06-01&end_date=2026-06-01&page_size=100 HTTP/1.1" 200 2291
INFO 2026-06-01 13:23:41,321 basehttp "GET /api/v1/sales/sales/?start_date=2026-06-01&end_date=2026-06-01&page_size=100 HTTP/1.1" 200 2291
INFO 2026-06-01 13:23:41,382 basehttp "GET /api/v1/hr/payroll/ HTTP/1.1" 200 4108
INFO 2026-06-01 13:23:41,382 basehttp "GET /api/v1/hr/payroll/ HTTP/1.1" 200 4108
INFO 2026-06-01 13:23:41,436 basehttp "GET /api/v1/financials/petty-cash/?start_date=2026-06-01&end_date=2026-06-01&page_size=100 HTTP/1.1" 200 263
INFO 2026-06-01 13:23:41,436 basehttp "GET /api/v1/financials/petty-cash/?start_date=2026-06-01&end_date=2026-06-01&page_size=100 HTTP/1.1" 200 263
INFO 2026-06-01 13:23:41,527 basehttp "GET /api/v1/financials/transactions/?start_date=2026-06-01&end_date=2026-06-01&page_size=100 HTTP/1.1" 200 4549
INFO 2026-06-01 13:23:41,527 basehttp "GET /api/v1/financials/transactions/?start_date=2026-06-01&end_date=2026-06-01&page_size=100 HTTP/1.1" 200 4549
INFO 2026-06-01 13:23:41,618 basehttp "GET /api/v1/hr/payroll/ HTTP/1.1" 200 4108
INFO 2026-06-01 13:23:41,618 basehttp "GET /api/v1/hr/payroll/ HTTP/1.1" 200 4108
INFO 2026-06-01 13:23:41,634 basehttp "GET /api/v1/sales/sales/?start_date=2026-06-01&end_date=2026-06-01&page_size=100 HTTP/1.1" 200 2291
INFO 2026-06-01 13:23:41,634 basehttp "GET /api/v1/sales/sales/?start_date=2026-06-01&end_date=2026-06-01&page_size=100 HTTP/1.1" 200 2291
INFO 2026-06-01 13:23:41,671 basehttp "GET /api/v1/financials/invoices/?status=paid&start_date=2026-06-01&end_date=2026-06-01&page_size=100 HTTP/1.1" 200 3624
INFO 2026-06-01 13:23:41,671 basehttp "GET /api/v1/financials/invoices/?status=paid&start_date=2026-06-01&end_date=2026-06-01&page_size=100 HTTP/1.1" 200 3624
INFO 2026-06-01 13:23:41,832 basehttp "GET /api/v1/financials/invoices/?status=paid&start_date=2026-06-01&end_date=2026-06-01&page_size=100 HTTP/1.1" 200 3624
INFO 2026-06-01 13:23:41,832 basehttp "GET /api/v1/financials/invoices/?status=paid&start_date=2026-06-01&end_date=2026-06-01&page_size=100 HTTP/1.1" 200 3624
INFO 2026-06-01 13:23:58,766 basehttp "GET /api/v1/bi/dashboard/available-months/ HTTP/1.1" 200 177
INFO 2026-06-01 13:23:58,766 basehttp "GET /api/v1/bi/dashboard/available-months/ HTTP/1.1" 200 177
INFO 2026-06-01 13:23:58,811 basehttp "GET /api/v1/bi/dashboard/available-months/ HTTP/1.1" 200 177
INFO 2026-06-01 13:23:58,811 basehttp "GET /api/v1/bi/dashboard/available-months/ HTTP/1.1" 200 177
INFO 2026-06-01 13:23:58,949 basehttp "GET /api/v1/inventory/products/ HTTP/1.1" 200 2245
INFO 2026-06-01 13:23:58,949 basehttp "GET /api/v1/inventory/products/ HTTP/1.1" 200 2245
INFO 2026-06-01 13:23:59,009 basehttp "GET /api/v1/bi/sales/top-products/?limit=10 HTTP/1.1" 200 342
INFO 2026-06-01 13:23:59,009 basehttp "GET /api/v1/bi/sales/top-products/?limit=10 HTTP/1.1" 200 342
INFO 2026-06-01 13:23:59,022 basehttp "OPTIONS /api/v1/bi/inventory/slow-moving/ HTTP/1.1" 200 0
INFO 2026-06-01 13:23:59,022 basehttp "OPTIONS /api/v1/bi/inventory/slow-moving/ HTTP/1.1" 200 0
INFO 2026-06-01 13:23:59,068 basehttp "GET /api/v1/bi/inventory/slow-moving/ HTTP/1.1" 200 37
INFO 2026-06-01 13:23:59,068 basehttp "GET /api/v1/bi/inventory/slow-moving/ HTTP/1.1" 200 37
INFO 2026-06-01 13:23:59,078 basehttp "OPTIONS /api/v1/inventory/stock/movements/?start_date=2026-05-31&end_date=2026-06-29&page_size=100 HTTP/1.1" 200 0
INFO 2026-06-01 13:23:59,078 basehttp "OPTIONS /api/v1/inventory/stock/movements/?start_date=2026-05-31&end_date=2026-06-29&page_size=100 HTTP/1.1" 200 0
INFO 2026-06-01 13:23:59,176 basehttp "GET /api/v1/inventory/stock/movements/?start_date=2026-05-31&end_date=2026-06-29&page_size=100 HTTP/1.1" 200 4167
INFO 2026-06-01 13:23:59,176 basehttp "GET /api/v1/inventory/stock/movements/?start_date=2026-05-31&end_date=2026-06-29&page_size=100 HTTP/1.1" 200 4167
INFO 2026-06-01 13:24:11,010 basehttp "OPTIONS /api/v1/inventory/suppliers/ HTTP/1.1" 200 0
INFO 2026-06-01 13:24:11,010 basehttp "OPTIONS /api/v1/inventory/suppliers/ HTTP/1.1" 200 0
INFO 2026-06-01 13:24:11,030 basehttp "OPTIONS /api/v1/inventory/categories/ HTTP/1.1" 200 0
INFO 2026-06-01 13:24:11,030 basehttp "OPTIONS /api/v1/inventory/categories/ HTTP/1.1" 200 0
INFO 2026-06-01 13:24:11,039 basehttp "OPTIONS /api/v1/inventory/categories/ HTTP/1.1" 200 0
INFO 2026-06-01 13:24:11,044 basehttp "OPTIONS /api/v1/inventory/suppliers/ HTTP/1.1" 200 0
INFO 2026-06-01 13:24:11,044 basehttp "OPTIONS /api/v1/inventory/suppliers/ HTTP/1.1" 200 0
INFO 2026-06-01 13:24:11,039 basehttp "OPTIONS /api/v1/inventory/categories/ HTTP/1.1" 200 0
INFO 2026-06-01 13:24:11,192 basehttp "GET /api/v1/inventory/categories/ HTTP/1.1" 200 454
INFO 2026-06-01 13:24:11,192 basehttp "GET /api/v1/inventory/categories/ HTTP/1.1" 200 454
INFO 2026-06-01 13:24:11,237 basehttp "GET /api/v1/inventory/suppliers/ HTTP/1.1" 200 532
INFO 2026-06-01 13:24:11,237 basehttp "GET /api/v1/inventory/suppliers/ HTTP/1.1" 200 532
INFO 2026-06-01 13:24:11,256 basehttp "GET /api/v1/inventory/products/ HTTP/1.1" 200 2245
INFO 2026-06-01 13:24:11,256 basehttp "GET /api/v1/inventory/products/ HTTP/1.1" 200 2245
INFO 2026-06-01 13:24:11,432 basehttp "GET /api/v1/inventory/categories/ HTTP/1.1" 200 454
INFO 2026-06-01 13:24:11,432 basehttp "GET /api/v1/inventory/categories/ HTTP/1.1" 200 454
INFO 2026-06-01 13:24:11,437 basehttp "GET /api/v1/inventory/suppliers/ HTTP/1.1" 200 532
INFO 2026-06-01 13:24:11,437 basehttp "GET /api/v1/inventory/suppliers/ HTTP/1.1" 200 532
INFO 2026-06-01 13:24:11,445 basehttp "GET /api/v1/inventory/products/ HTTP/1.1" 200 2245
INFO 2026-06-01 13:24:11,445 basehttp "GET /api/v1/inventory/products/ HTTP/1.1" 200 2245
INFO 2026-06-01 13:24:17,912 basehttp "GET /api/v1/bi/dashboard/available-months/ HTTP/1.1" 200 177
INFO 2026-06-01 13:24:17,912 basehttp "GET /api/v1/bi/dashboard/available-months/ HTTP/1.1" 200 177
INFO 2026-06-01 13:24:17,973 basehttp "GET /api/v1/bi/dashboard/available-months/ HTTP/1.1" 200 177
INFO 2026-06-01 13:24:17,973 basehttp "GET /api/v1/bi/dashboard/available-months/ HTTP/1.1" 200 177
INFO 2026-06-01 13:24:18,017 basehttp "GET /api/v1/inventory/products/ HTTP/1.1" 200 2245
INFO 2026-06-01 13:24:18,017 basehttp "GET /api/v1/inventory/products/ HTTP/1.1" 200 2245
INFO 2026-06-01 13:24:18,072 basehttp "GET /api/v1/bi/sales/top-products/?limit=10 HTTP/1.1" 200 342
INFO 2026-06-01 13:24:18,072 basehttp "GET /api/v1/bi/sales/top-products/?limit=10 HTTP/1.1" 200 342
INFO 2026-06-01 13:24:18,127 basehttp "GET /api/v1/bi/inventory/slow-moving/ HTTP/1.1" 200 37
INFO 2026-06-01 13:24:18,127 basehttp "GET /api/v1/bi/inventory/slow-moving/ HTTP/1.1" 200 37
INFO 2026-06-01 13:24:18,340 basehttp "GET /api/v1/inventory/stock/movements/?start_date=2026-05-31&end_date=2026-06-29&page_size=100 HTTP/1.1" 200 4167
INFO 2026-06-01 13:24:18,340 basehttp "GET /api/v1/inventory/stock/movements/?start_date=2026-05-31&end_date=2026-06-29&page_size=100 HTTP/1.1" 200 4167
INFO 2026-06-01 13:25:03,513 basehttp "GET /api/v1/inventory/products/ HTTP/1.1" 200 2245
INFO 2026-06-01 13:25:03,513 basehttp "GET /api/v1/inventory/products/ HTTP/1.1" 200 2245
INFO 2026-06-01 13:25:03,545 basehttp "GET /api/v1/bi/sales/top-products/?limit=10 HTTP/1.1" 200 342
INFO 2026-06-01 13:25:03,545 basehttp "GET /api/v1/bi/sales/top-products/?limit=10 HTTP/1.1" 200 342
INFO 2026-06-01 13:25:03,597 basehttp "GET /api/v1/bi/inventory/slow-moving/ HTTP/1.1" 200 37
INFO 2026-06-01 13:25:03,597 basehttp "GET /api/v1/bi/inventory/slow-moving/ HTTP/1.1" 200 37
INFO 2026-06-01 13:25:03,605 basehttp "OPTIONS /api/v1/inventory/stock/movements/?start_date=2026-04-30&end_date=2026-05-30&page_size=100 HTTP/1.1" 200 0
INFO 2026-06-01 13:25:03,605 basehttp "OPTIONS /api/v1/inventory/stock/movements/?start_date=2026-04-30&end_date=2026-05-30&page_size=100 HTTP/1.1" 200 0
INFO 2026-06-01 13:25:03,690 basehttp "GET /api/v1/inventory/stock/movements/?start_date=2026-04-30&end_date=2026-05-30&page_size=100 HTTP/1.1" 200 4167
INFO 2026-06-01 13:25:03,690 basehttp "GET /api/v1/inventory/stock/movements/?start_date=2026-04-30&end_date=2026-05-30&page_size=100 HTTP/1.1" 200 4167
INFO 2026-06-01 13:25:16,170 basehttp "GET /api/v1/inventory/products/ HTTP/1.1" 200 2245
INFO 2026-06-01 13:25:16,170 basehttp "GET /api/v1/inventory/products/ HTTP/1.1" 200 2245
INFO 2026-06-01 13:25:16,199 basehttp "GET /api/v1/bi/sales/top-products/?limit=10 HTTP/1.1" 200 342
INFO 2026-06-01 13:25:16,199 basehttp "GET /api/v1/bi/sales/top-products/?limit=10 HTTP/1.1" 200 342
INFO 2026-06-01 13:25:16,246 basehttp "GET /api/v1/bi/inventory/slow-moving/ HTTP/1.1" 200 37
INFO 2026-06-01 13:25:16,246 basehttp "GET /api/v1/bi/inventory/slow-moving/ HTTP/1.1" 200 37
INFO 2026-06-01 13:25:16,340 basehttp "GET /api/v1/inventory/stock/movements/?start_date=2026-04-30&end_date=2026-05-30&page_size=100 HTTP/1.1" 200 4167
INFO 2026-06-01 13:25:16,340 basehttp "GET /api/v1/inventory/stock/movements/?start_date=2026-04-30&end_date=2026-05-30&page_size=100 HTTP/1.1" 200 4167
INFO 2026-06-01 13:25:19,118 basehttp "GET /api/v1/inventory/products/ HTTP/1.1" 200 2245
INFO 2026-06-01 13:25:19,118 basehttp "GET /api/v1/inventory/products/ HTTP/1.1" 200 2245
INFO 2026-06-01 13:25:19,145 basehttp "GET /api/v1/bi/sales/top-products/?limit=10 HTTP/1.1" 200 342
INFO 2026-06-01 13:25:19,145 basehttp "GET /api/v1/bi/sales/top-products/?limit=10 HTTP/1.1" 200 342
INFO 2026-06-01 13:25:19,196 basehttp "GET /api/v1/bi/inventory/slow-moving/ HTTP/1.1" 200 37
INFO 2026-06-01 13:25:19,196 basehttp "GET /api/v1/bi/inventory/slow-moving/ HTTP/1.1" 200 37
INFO 2026-06-01 13:25:19,289 basehttp "GET /api/v1/inventory/stock/movements/?start_date=2026-05-31&end_date=2026-06-29&page_size=100 HTTP/1.1" 200 4167
INFO 2026-06-01 13:25:19,289 basehttp "GET /api/v1/inventory/stock/movements/?start_date=2026-05-31&end_date=2026-06-29&page_size=100 HTTP/1.1" 200 4167
INFO 2026-06-01 13:27:18,807 basehttp "GET /api/v1/bi/dashboard/available-months/ HTTP/1.1" 200 177
INFO 2026-06-01 13:27:18,807 basehttp "GET /api/v1/bi/dashboard/available-months/ HTTP/1.1" 200 177
INFO 2026-06-01 13:27:18,925 basehttp "GET /api/v1/sales/sales/?start_date=2026-05-31&end_date=2026-06-29&page_size=500 HTTP/1.1" 200 2291
INFO 2026-06-01 13:27:18,925 basehttp "GET /api/v1/sales/sales/?start_date=2026-05-31&end_date=2026-06-29&page_size=500 HTTP/1.1" 200 2291
INFO 2026-06-01 13:27:18,956 basehttp "GET /api/v1/bi/dashboard/available-months/ HTTP/1.1" 200 177
INFO 2026-06-01 13:27:18,956 basehttp "GET /api/v1/bi/dashboard/available-months/ HTTP/1.1" 200 177
INFO 2026-06-01 13:27:19,001 basehttp "GET /api/v1/bi/sales/top-products/?limit=10 HTTP/1.1" 200 342
INFO 2026-06-01 13:27:19,001 basehttp "GET /api/v1/bi/sales/top-products/?limit=10 HTTP/1.1" 200 342
INFO 2026-06-01 13:27:20,485 basehttp "GET /api/v1/bi/trends/?days=180 HTTP/1.1" 200 6568
INFO 2026-06-01 13:27:20,485 basehttp "GET /api/v1/bi/trends/?days=180 HTTP/1.1" 200 6568
INFO 2026-06-01 13:27:34,466 basehttp "GET /api/v1/bi/dashboard/available-months/ HTTP/1.1" 200 177
INFO 2026-06-01 13:27:34,466 basehttp "GET /api/v1/bi/dashboard/available-months/ HTTP/1.1" 200 177
INFO 2026-06-01 13:27:34,705 basehttp "GET /api/v1/inventory/products/ HTTP/1.1" 200 2245
INFO 2026-06-01 13:27:34,705 basehttp "GET /api/v1/inventory/products/ HTTP/1.1" 200 2245
INFO 2026-06-01 13:27:34,722 basehttp "GET /api/v1/bi/dashboard/available-months/ HTTP/1.1" 200 177
INFO 2026-06-01 13:27:34,722 basehttp "GET /api/v1/bi/dashboard/available-months/ HTTP/1.1" 200 177
INFO 2026-06-01 13:27:34,822 basehttp "GET /api/v1/bi/sales/top-products/?limit=10 HTTP/1.1" 200 342
INFO 2026-06-01 13:27:34,822 basehttp "GET /api/v1/bi/sales/top-products/?limit=10 HTTP/1.1" 200 342
INFO 2026-06-01 13:27:34,973 basehttp "GET /api/v1/bi/inventory/slow-moving/ HTTP/1.1" 200 37
INFO 2026-06-01 13:27:34,973 basehttp "GET /api/v1/bi/inventory/slow-moving/ HTTP/1.1" 200 37
INFO 2026-06-01 13:27:35,217 basehttp "GET /api/v1/inventory/stock/movements/?start_date=2026-05-31&end_date=2026-06-29&page_size=100 HTTP/1.1" 200 4167
INFO 2026-06-01 13:27:35,217 basehttp "GET /api/v1/inventory/stock/movements/?start_date=2026-05-31&end_date=2026-06-29&page_size=100 HTTP/1.1" 200 4167
INFO 2026-06-01 13:37:34,249 basehttp "GET /api/v1/bi/dashboard/available-months/ HTTP/1.1" 200 177
INFO 2026-06-01 13:37:34,249 basehttp "GET /api/v1/bi/dashboard/available-months/ HTTP/1.1" 200 177
INFO 2026-06-01 13:37:34,268 basehttp "OPTIONS /api/v1/hr/employees/ HTTP/1.1" 200 0
INFO 2026-06-01 13:37:34,268 basehttp "OPTIONS /api/v1/hr/employees/ HTTP/1.1" 200 0
INFO 2026-06-01 13:37:34,400 basehttp "GET /api/v1/bi/dashboard/available-months/ HTTP/1.1" 200 177
INFO 2026-06-01 13:37:34,400 basehttp "GET /api/v1/bi/dashboard/available-months/ HTTP/1.1" 200 177
INFO 2026-06-01 13:37:34,438 basehttp "GET /api/v1/hr/employees/ HTTP/1.1" 200 4708
INFO 2026-06-01 13:37:34,438 basehttp "GET /api/v1/hr/employees/ HTTP/1.1" 200 4708
INFO 2026-06-01 13:37:34,518 basehttp "GET /api/v1/hr/payroll/ HTTP/1.1" 200 4108
INFO 2026-06-01 13:37:34,518 basehttp "GET /api/v1/hr/payroll/ HTTP/1.1" 200 4108
INFO 2026-06-01 13:37:42,894 basehttp "GET /api/v1/hr/employees/ HTTP/1.1" 200 4708
INFO 2026-06-01 13:37:42,894 basehttp "GET /api/v1/hr/employees/ HTTP/1.1" 200 4708
INFO 2026-06-01 13:37:42,955 basehttp "GET /api/v1/hr/payroll/ HTTP/1.1" 200 4108
INFO 2026-06-01 13:37:42,955 basehttp "GET /api/v1/hr/payroll/ HTTP/1.1" 200 4108
INFO 2026-06-01 13:38:26,444 basehttp "GET /api/v1/hr/employees/ HTTP/1.1" 200 4708
INFO 2026-06-01 13:38:26,444 basehttp "GET /api/v1/hr/employees/ HTTP/1.1" 200 4708
INFO 2026-06-01 13:38:26,571 basehttp "GET /api/v1/hr/payroll/ HTTP/1.1" 200 4108
INFO 2026-06-01 13:38:26,571 basehttp "GET /api/v1/hr/payroll/ HTTP/1.1" 200 4108
WARNING 2026-06-01 13:47:21,607 basehttp "GET /api/v1/bi/dashboard/available-months/ HTTP/1.1" 401 183
WARNING 2026-06-01 13:47:21,607 basehttp "GET /api/v1/bi/dashboard/available-months/ HTTP/1.1" 401 183
WARNING 2026-06-01 13:47:21,642 basehttp "GET /api/v1/bi/dashboard/available-months/ HTTP/1.1" 401 183
WARNING 2026-06-01 13:47:21,642 basehttp "GET /api/v1/bi/dashboard/available-months/ HTTP/1.1" 401 183
INFO 2026-06-01 13:47:21,735 basehttp "POST /api/v1/auth/refresh/ HTTP/1.1" 200 483
INFO 2026-06-01 13:47:21,735 basehttp "POST /api/v1/auth/refresh/ HTTP/1.1" 200 483
INFO 2026-06-01 13:47:21,778 basehttp "GET /api/v1/bi/dashboard/available-months/ HTTP/1.1" 200 177
INFO 2026-06-01 13:47:21,778 basehttp "GET /api/v1/bi/dashboard/available-months/ HTTP/1.1" 200 177
INFO 2026-06-01 13:47:21,877 basehttp "GET /api/v1/bi/dashboard/available-months/ HTTP/1.1" 200 177
INFO 2026-06-01 13:47:21,877 basehttp "GET /api/v1/sales/customers/ HTTP/1.1" 200 2392
INFO 2026-06-01 13:47:21,877 basehttp "GET /api/v1/bi/dashboard/available-months/ HTTP/1.1" 200 177
INFO 2026-06-01 13:47:21,877 basehttp "GET /api/v1/sales/customers/ HTTP/1.1" 200 2392
INFO 2026-06-01 13:47:29,225 basehttp "GET /api/v1/sales/customers/ HTTP/1.1" 200 2392
INFO 2026-06-01 13:47:29,225 basehttp "GET /api/v1/sales/customers/ HTTP/1.1" 200 2392
INFO 2026-06-01 13:47:32,232 basehttp "GET /api/v1/sales/customers/ HTTP/1.1" 200 2392
INFO 2026-06-01 13:47:32,232 basehttp "GET /api/v1/sales/customers/ HTTP/1.1" 200 2392
INFO 2026-06-01 13:55:18,029 basehttp "OPTIONS /api/v1/bi/financial/profit-loss/ HTTP/1.1" 200 0
INFO 2026-06-01 13:55:18,029 basehttp "OPTIONS /api/v1/bi/financial/profit-loss/ HTTP/1.1" 200 0
INFO 2026-06-01 13:55:18,041 basehttp "OPTIONS /api/v1/inventory/products/low-stock/ HTTP/1.1" 200 0
INFO 2026-06-01 13:55:18,041 basehttp "OPTIONS /api/v1/inventory/products/low-stock/ HTTP/1.1" 200 0
INFO 2026-06-01 13:55:18,054 basehttp "OPTIONS /api/v1/bi/sales/top-products/ HTTP/1.1" 200 0
INFO 2026-06-01 13:55:18,054 basehttp "OPTIONS /api/v1/bi/sales/top-products/ HTTP/1.1" 200 0
INFO 2026-06-01 13:55:18,058 basehttp "OPTIONS /api/v1/inventory/products/low-stock/ HTTP/1.1" 200 0
INFO 2026-06-01 13:55:18,058 basehttp "OPTIONS /api/v1/inventory/products/low-stock/ HTTP/1.1" 200 0
INFO 2026-06-01 13:55:18,081 basehttp "OPTIONS /api/v1/bi/sales/top-products/ HTTP/1.1" 200 0
INFO 2026-06-01 13:55:18,081 basehttp "OPTIONS /api/v1/bi/sales/top-products/ HTTP/1.1" 200 0
INFO 2026-06-01 13:55:18,091 basehttp "OPTIONS /api/v1/bi/financial/profit-loss/ HTTP/1.1" 200 0
INFO 2026-06-01 13:55:18,091 basehttp "OPTIONS /api/v1/bi/financial/profit-loss/ HTTP/1.1" 200 0
INFO 2026-06-01 13:55:18,186 basehttp "GET /api/v1/inventory/products/low-stock/ HTTP/1.1" 200 25
INFO 2026-06-01 13:55:18,186 basehttp "GET /api/v1/inventory/products/low-stock/ HTTP/1.1" 200 25
INFO 2026-06-01 13:55:18,283 basehttp "GET /api/v1/bi/financial/profit-loss/ HTTP/1.1" 200 94
INFO 2026-06-01 13:55:18,283 basehttp "GET /api/v1/bi/financial/profit-loss/ HTTP/1.1" 200 94
INFO 2026-06-01 13:55:18,337 basehttp "GET /api/v1/bi/customer/insights/ HTTP/1.1" 200 144
INFO 2026-06-01 13:55:18,337 basehttp "GET /api/v1/bi/customer/insights/ HTTP/1.1" 200 144
INFO 2026-06-01 13:55:18,348 basehttp "GET /api/v1/inventory/products/low-stock/ HTTP/1.1" 200 25
INFO 2026-06-01 13:55:18,352 basehttp "GET /api/v1/bi/sales/top-products/ HTTP/1.1" 200 342
INFO 2026-06-01 13:55:18,362 basehttp "GET /api/v1/financials/cash-flow/ HTTP/1.1" 200 1961
INFO 2026-06-01 13:55:18,348 basehttp "GET /api/v1/inventory/products/low-stock/ HTTP/1.1" 200 25
INFO 2026-06-01 13:55:18,352 basehttp "GET /api/v1/bi/sales/top-products/ HTTP/1.1" 200 342
INFO 2026-06-01 13:55:18,362 basehttp "GET /api/v1/financials/cash-flow/ HTTP/1.1" 200 1961
INFO 2026-06-01 13:55:18,493 basehttp "GET /api/v1/bi/customer/insights/ HTTP/1.1" 200 144
INFO 2026-06-01 13:55:18,493 basehttp "GET /api/v1/bi/customer/insights/ HTTP/1.1" 200 144
INFO 2026-06-01 13:55:18,544 basehttp "GET /api/v1/bi/financial/profit-loss/ HTTP/1.1" 200 94
INFO 2026-06-01 13:55:18,544 basehttp "GET /api/v1/bi/financial/profit-loss/ HTTP/1.1" 200 94
INFO 2026-06-01 13:55:18,567 basehttp "GET /api/v1/bi/sales/top-products/ HTTP/1.1" 200 342
INFO 2026-06-01 13:55:18,567 basehttp "GET /api/v1/bi/sales/top-products/ HTTP/1.1" 200 342
INFO 2026-06-01 13:55:18,598 basehttp "GET /api/v1/financials/cash-flow/ HTTP/1.1" 200 1961
INFO 2026-06-01 13:55:18,598 basehttp "GET /api/v1/financials/cash-flow/ HTTP/1.1" 200 1961
INFO 2026-06-01 13:56:54,100 basehttp "OPTIONS /api/v1/bi/sales/performance/?period=31d HTTP/1.1" 200 0
INFO 2026-06-01 13:56:54,104 basehttp "OPTIONS /api/v1/bi/sales/performance/?period=31d HTTP/1.1" 200 0
INFO 2026-06-01 13:56:54,104 basehttp "OPTIONS /api/v1/bi/sales/performance/?period=31d HTTP/1.1" 200 0
INFO 2026-06-01 13:56:54,100 basehttp "OPTIONS /api/v1/bi/sales/performance/?period=31d HTTP/1.1" 200 0
INFO 2026-06-01 13:56:54,317 basehttp "GET /api/v1/bi/sales/performance/?period=31d HTTP/1.1" 200 1956
INFO 2026-06-01 13:56:54,317 basehttp "GET /api/v1/bi/sales/performance/?period=31d HTTP/1.1" 200 1956
INFO 2026-06-01 13:56:54,386 basehttp "GET /api/v1/bi/sales/top-products/?limit=10 HTTP/1.1" 200 342
INFO 2026-06-01 13:56:54,386 basehttp "GET /api/v1/bi/sales/top-products/?limit=10 HTTP/1.1" 200 342
INFO 2026-06-01 13:56:54,593 basehttp "GET /api/v1/bi/sales/performance/?period=31d HTTP/1.1" 200 1956
INFO 2026-06-01 13:56:54,593 basehttp "GET /api/v1/bi/sales/performance/?period=31d HTTP/1.1" 200 1956
INFO 2026-06-01 13:56:55,211 basehttp "GET /api/v1/bi/sales/top-products/?limit=10 HTTP/1.1" 200 342
INFO 2026-06-01 13:56:55,211 basehttp "GET /api/v1/bi/sales/top-products/?limit=10 HTTP/1.1" 200 342
INFO 2026-06-01 13:58:35,464 basehttp "POST /api/v1/auth/login/ HTTP/1.1" 200 808
INFO 2026-06-01 13:58:35,464 basehttp "POST /api/v1/auth/login/ HTTP/1.1" 200 808
INFO 2026-06-01 13:59:05,792 basehttp "GET /api/v1/auth/users/ HTTP/1.1" 200 1092
INFO 2026-06-01 13:59:05,792 basehttp "GET /api/v1/auth/users/ HTTP/1.1" 200 1092
INFO 2026-06-01 14:01:48,798 basehttp "OPTIONS /api/v1/bi/financial/summary/ HTTP/1.1" 200 0
INFO 2026-06-01 14:01:48,798 basehttp "OPTIONS /api/v1/bi/financial/summary/ HTTP/1.1" 200 0
INFO 2026-06-01 14:01:48,862 basehttp "GET /api/v1/bi/financial/summary/ HTTP/1.1" 200 357
INFO 2026-06-01 14:01:48,862 basehttp "GET /api/v1/bi/financial/summary/ HTTP/1.1" 200 357
INFO 2026-06-01 14:01:48,870 basehttp "OPTIONS /api/v1/bi/financial/profit-loss/?days=31 HTTP/1.1" 200 0
INFO 2026-06-01 14:01:48,870 basehttp "OPTIONS /api/v1/bi/financial/profit-loss/?days=31 HTTP/1.1" 200 0
INFO 2026-06-01 14:01:48,919 basehttp "GET /api/v1/bi/financial/profit-loss/?days=31 HTTP/1.1" 200 94
INFO 2026-06-01 14:01:48,919 basehttp "GET /api/v1/bi/financial/profit-loss/?days=31 HTTP/1.1" 200 94
INFO 2026-06-01 14:02:08,492 basehttp "OPTIONS /api/v1/bi/inventory/analytics/ HTTP/1.1" 200 0
INFO 2026-06-01 14:02:08,492 basehttp "OPTIONS /api/v1/bi/inventory/analytics/ HTTP/1.1" 200 0
INFO 2026-06-01 14:02:08,537 basehttp "GET /api/v1/bi/inventory/analytics/ HTTP/1.1" 200 485
INFO 2026-06-01 14:02:08,537 basehttp "GET /api/v1/bi/inventory/analytics/ HTTP/1.1" 200 485
INFO 2026-06-01 14:02:08,546 basehttp "OPTIONS /api/v1/bi/inventory/slow-moving/?days=90 HTTP/1.1" 200 0
INFO 2026-06-01 14:02:08,546 basehttp "OPTIONS /api/v1/bi/inventory/slow-moving/?days=90 HTTP/1.1" 200 0
INFO 2026-06-01 14:02:08,566 basehttp "GET /api/v1/bi/inventory/slow-moving/?days=90 HTTP/1.1" 200 37
INFO 2026-06-01 14:02:08,566 basehttp "GET /api/v1/bi/inventory/slow-moving/?days=90 HTTP/1.1" 200 37
INFO 2026-06-01 14:02:18,340 basehttp "GET /api/v1/bi/customer/insights/ HTTP/1.1" 200 144
INFO 2026-06-01 14:02:18,340 basehttp "GET /api/v1/bi/customer/insights/ HTTP/1.1" 200 144
WARNING 2026-06-01 14:02:42,147 basehttp "GET /api/v1/bi/financial/summary/ HTTP/1.1" 401 183
WARNING 2026-06-01 14:02:42,147 basehttp "GET /api/v1/bi/financial/summary/ HTTP/1.1" 401 183
WARNING 2026-06-01 14:02:42,175 basehttp "POST /api/v1/auth/refresh/ HTTP/1.1" 401 58
WARNING 2026-06-01 14:02:42,175 basehttp "POST /api/v1/auth/refresh/ HTTP/1.1" 401 58
INFO 2026-06-01 14:02:58,471 basehttp "OPTIONS /api/v1/auth/login/ HTTP/1.1" 200 0
INFO 2026-06-01 14:02:58,471 basehttp "OPTIONS /api/v1/auth/login/ HTTP/1.1" 200 0
INFO 2026-06-01 14:02:59,688 basehttp "POST /api/v1/auth/login/ HTTP/1.1" 200 808
INFO 2026-06-01 14:02:59,688 basehttp "POST /api/v1/auth/login/ HTTP/1.1" 200 808
INFO 2026-06-01 14:03:03,491 basehttp "OPTIONS /api/v1/sales/sales/?start_date=2026-06-01&end_date=2026-06-01&page_size=100 HTTP/1.1" 200 0
INFO 2026-06-01 14:03:03,491 basehttp "OPTIONS /api/v1/sales/sales/?start_date=2026-06-01&end_date=2026-06-01&page_size=100 HTTP/1.1" 200 0
INFO 2026-06-01 14:03:03,506 basehttp "OPTIONS /api/v1/financials/petty-cash/?start_date=2026-06-01&end_date=2026-06-01&page_size=100 HTTP/1.1" 200 0
INFO 2026-06-01 14:03:03,506 basehttp "OPTIONS /api/v1/financials/petty-cash/?start_date=2026-06-01&end_date=2026-06-01&page_size=100 HTTP/1.1" 200 0
INFO 2026-06-01 14:03:03,511 basehttp "OPTIONS /api/v1/hr/payroll/ HTTP/1.1" 200 0
INFO 2026-06-01 14:03:03,511 basehttp "OPTIONS /api/v1/hr/payroll/ HTTP/1.1" 200 0
INFO 2026-06-01 14:03:03,519 basehttp "OPTIONS /api/v1/hr/payroll/ HTTP/1.1" 200 0
INFO 2026-06-01 14:03:03,519 basehttp "OPTIONS /api/v1/hr/payroll/ HTTP/1.1" 200 0
INFO 2026-06-01 14:03:03,541 basehttp "OPTIONS /api/v1/financials/transactions/?start_date=2026-06-01&end_date=2026-06-01&page_size=100 HTTP/1.1" 200 0
INFO 2026-06-01 14:03:03,553 basehttp "OPTIONS /api/v1/sales/sales/?start_date=2026-06-01&end_date=2026-06-01&page_size=100 HTTP/1.1" 200 0
INFO 2026-06-01 14:03:03,553 basehttp "OPTIONS /api/v1/financials/transactions/?start_date=2026-06-01&end_date=2026-06-01&page_size=100 HTTP/1.1" 200 0
INFO 2026-06-01 14:03:03,541 basehttp "OPTIONS /api/v1/financials/transactions/?start_date=2026-06-01&end_date=2026-06-01&page_size=100 HTTP/1.1" 200 0
INFO 2026-06-01 14:03:03,563 basehttp "OPTIONS /api/v1/financials/petty-cash/?start_date=2026-06-01&end_date=2026-06-01&page_size=100 HTTP/1.1" 200 0
INFO 2026-06-01 14:03:03,553 basehttp "OPTIONS /api/v1/sales/sales/?start_date=2026-06-01&end_date=2026-06-01&page_size=100 HTTP/1.1" 200 0
INFO 2026-06-01 14:03:03,553 basehttp "OPTIONS /api/v1/financials/transactions/?start_date=2026-06-01&end_date=2026-06-01&page_size=100 HTTP/1.1" 200 0
INFO 2026-06-01 14:03:03,563 basehttp "OPTIONS /api/v1/financials/petty-cash/?start_date=2026-06-01&end_date=2026-06-01&page_size=100 HTTP/1.1" 200 0
INFO 2026-06-01 14:03:03,641 basehttp "GET /api/v1/financials/transactions/?start_date=2026-06-01&end_date=2026-06-01&page_size=100 HTTP/1.1" 200 4549
INFO 2026-06-01 14:03:03,641 basehttp "GET /api/v1/financials/transactions/?start_date=2026-06-01&end_date=2026-06-01&page_size=100 HTTP/1.1" 200 4549
INFO 2026-06-01 14:03:03,687 basehttp "GET /api/v1/financials/petty-cash/?start_date=2026-06-01&end_date=2026-06-01&page_size=100 HTTP/1.1" 200 263
INFO 2026-06-01 14:03:03,687 basehttp "GET /api/v1/financials/petty-cash/?start_date=2026-06-01&end_date=2026-06-01&page_size=100 HTTP/1.1" 200 263
INFO 2026-06-01 14:03:03,749 basehttp "GET /api/v1/financials/transactions/?start_date=2026-06-01&end_date=2026-06-01&page_size=100 HTTP/1.1" 200 4549
INFO 2026-06-01 14:03:03,749 basehttp "GET /api/v1/financials/transactions/?start_date=2026-06-01&end_date=2026-06-01&page_size=100 HTTP/1.1" 200 4549
INFO 2026-06-01 14:03:03,761 basehttp "GET /api/v1/hr/payroll/ HTTP/1.1" 200 4108
INFO 2026-06-01 14:03:03,761 basehttp "GET /api/v1/hr/payroll/ HTTP/1.1" 200 4108
INFO 2026-06-01 14:03:03,792 basehttp "GET /api/v1/sales/sales/?start_date=2026-06-01&end_date=2026-06-01&page_size=100 HTTP/1.1" 200 2291
INFO 2026-06-01 14:03:03,792 basehttp "GET /api/v1/sales/sales/?start_date=2026-06-01&end_date=2026-06-01&page_size=100 HTTP/1.1" 200 2291
INFO 2026-06-01 14:03:03,837 basehttp "GET /api/v1/financials/petty-cash/?start_date=2026-06-01&end_date=2026-06-01&page_size=100 HTTP/1.1" 200 263
INFO 2026-06-01 14:03:03,837 basehttp "GET /api/v1/financials/petty-cash/?start_date=2026-06-01&end_date=2026-06-01&page_size=100 HTTP/1.1" 200 263
INFO 2026-06-01 14:03:03,849 basehttp "OPTIONS /api/v1/financials/invoices/?status=paid&start_date=2026-06-01&end_date=2026-06-01&page_size=100 HTTP/1.1" 200 0
INFO 2026-06-01 14:03:03,849 basehttp "OPTIONS /api/v1/financials/invoices/?status=paid&start_date=2026-06-01&end_date=2026-06-01&page_size=100 HTTP/1.1" 200 0
INFO 2026-06-01 14:03:03,892 basehttp "GET /api/v1/hr/payroll/ HTTP/1.1" 200 4108
INFO 2026-06-01 14:03:03,892 basehttp "GET /api/v1/hr/payroll/ HTTP/1.1" 200 4108
INFO 2026-06-01 14:03:03,911 basehttp "GET /api/v1/sales/sales/?start_date=2026-06-01&end_date=2026-06-01&page_size=100 HTTP/1.1" 200 2291
INFO 2026-06-01 14:03:03,911 basehttp "GET /api/v1/sales/sales/?start_date=2026-06-01&end_date=2026-06-01&page_size=100 HTTP/1.1" 200 2291
INFO 2026-06-01 14:03:03,979 basehttp "GET /api/v1/financials/invoices/?status=paid&start_date=2026-06-01&end_date=2026-06-01&page_size=100 HTTP/1.1" 200 3624
INFO 2026-06-01 14:03:03,979 basehttp "GET /api/v1/financials/invoices/?status=paid&start_date=2026-06-01&end_date=2026-06-01&page_size=100 HTTP/1.1" 200 3624
INFO 2026-06-01 14:03:04,092 basehttp "GET /api/v1/financials/invoices/?status=paid&start_date=2026-06-01&end_date=2026-06-01&page_size=100 HTTP/1.1" 200 3624
INFO 2026-06-01 14:03:04,092 basehttp "GET /api/v1/financials/invoices/?status=paid&start_date=2026-06-01&end_date=2026-06-01&page_size=100 HTTP/1.1" 200 3624
INFO 2026-06-01 14:03:11,011 basehttp "GET /api/v1/bi/sales/performance/?period=31d HTTP/1.1" 200 1956
INFO 2026-06-01 14:03:11,011 basehttp "GET /api/v1/bi/sales/performance/?period=31d HTTP/1.1" 200 1956
INFO 2026-06-01 14:03:11,076 basehttp "GET /api/v1/bi/sales/top-products/?limit=10 HTTP/1.1" 200 342
INFO 2026-06-01 14:03:11,076 basehttp "GET /api/v1/bi/sales/top-products/?limit=10 HTTP/1.1" 200 342
INFO 2026-06-01 14:03:11,449 basehttp "GET /api/v1/bi/sales/performance/?period=31d HTTP/1.1" 200 1956
INFO 2026-06-01 14:03:11,449 basehttp "GET /api/v1/bi/sales/performance/?period=31d HTTP/1.1" 200 1956
INFO 2026-06-01 14:03:11,972 basehttp "GET /api/v1/bi/sales/top-products/?limit=10 HTTP/1.1" 200 342
INFO 2026-06-01 14:03:11,972 basehttp "GET /api/v1/bi/sales/top-products/?limit=10 HTTP/1.1" 200 342
