INFO 2026-06-10 08:37:15,043 autoreload Watching for file changes with StatReloader
INFO 2026-06-10 08:37:15,043 autoreload Watching for file changes with StatReloader
INFO 2026-06-10 08:38:40,549 basehttp "OPTIONS /api/v1/auth/login/ HTTP/1.1" 200 0
INFO 2026-06-10 08:38:40,549 basehttp "OPTIONS /api/v1/auth/login/ HTTP/1.1" 200 0
INFO 2026-06-10 08:38:41,703 basehttp "POST /api/v1/auth/login/ HTTP/1.1" 200 808
INFO 2026-06-10 08:38:41,703 basehttp "POST /api/v1/auth/login/ HTTP/1.1" 200 808
INFO 2026-06-10 08:38:46,009 basehttp "OPTIONS /api/v1/sales/sales/?start_date=2026-06-10&end_date=2026-06-10&page_size=100 HTTP/1.1" 200 0
INFO 2026-06-10 08:38:46,009 basehttp "OPTIONS /api/v1/sales/sales/?start_date=2026-06-10&end_date=2026-06-10&page_size=100 HTTP/1.1" 200 0
INFO 2026-06-10 08:38:46,035 basehttp "OPTIONS /api/v1/financials/petty-cash/?start_date=2026-06-10&end_date=2026-06-10&page_size=100 HTTP/1.1" 200 0
INFO 2026-06-10 08:38:46,035 basehttp "OPTIONS /api/v1/financials/petty-cash/?start_date=2026-06-10&end_date=2026-06-10&page_size=100 HTTP/1.1" 200 0
INFO 2026-06-10 08:38:46,044 basehttp "OPTIONS /api/v1/hr/payroll/ HTTP/1.1" 200 0
INFO 2026-06-10 08:38:46,044 basehttp "OPTIONS /api/v1/hr/payroll/ HTTP/1.1" 200 0
INFO 2026-06-10 08:38:46,047 basehttp "OPTIONS /api/v1/financials/transactions/?start_date=2026-06-10&end_date=2026-06-10&page_size=100 HTTP/1.1" 200 0
INFO 2026-06-10 08:38:46,047 basehttp "OPTIONS /api/v1/financials/transactions/?start_date=2026-06-10&end_date=2026-06-10&page_size=100 HTTP/1.1" 200 0
INFO 2026-06-10 08:38:46,054 basehttp "OPTIONS /api/v1/financials/petty-cash/?start_date=2026-06-10&end_date=2026-06-10&page_size=100 HTTP/1.1" 200 0
INFO 2026-06-10 08:38:46,054 basehttp "OPTIONS /api/v1/financials/petty-cash/?start_date=2026-06-10&end_date=2026-06-10&page_size=100 HTTP/1.1" 200 0
INFO 2026-06-10 08:38:46,080 basehttp "OPTIONS /api/v1/hr/payroll/ HTTP/1.1" 200 0
INFO 2026-06-10 08:38:46,080 basehttp "OPTIONS /api/v1/hr/payroll/ HTTP/1.1" 200 0
INFO 2026-06-10 08:38:46,097 basehttp "OPTIONS /api/v1/sales/sales/?start_date=2026-06-10&end_date=2026-06-10&page_size=100 HTTP/1.1" 200 0
INFO 2026-06-10 08:38:46,097 basehttp "OPTIONS /api/v1/sales/sales/?start_date=2026-06-10&end_date=2026-06-10&page_size=100 HTTP/1.1" 200 0
INFO 2026-06-10 08:38:46,108 basehttp "OPTIONS /api/v1/financials/transactions/?start_date=2026-06-10&end_date=2026-06-10&page_size=100 HTTP/1.1" 200 0
INFO 2026-06-10 08:38:46,108 basehttp "OPTIONS /api/v1/financials/transactions/?start_date=2026-06-10&end_date=2026-06-10&page_size=100 HTTP/1.1" 200 0
INFO 2026-06-10 08:38:46,306 basehttp "GET /api/v1/financials/petty-cash/?start_date=2026-06-10&end_date=2026-06-10&page_size=100 HTTP/1.1" 200 263
INFO 2026-06-10 08:38:46,306 basehttp "GET /api/v1/financials/petty-cash/?start_date=2026-06-10&end_date=2026-06-10&page_size=100 HTTP/1.1" 200 263
INFO 2026-06-10 08:38:46,321 basehttp "GET /api/v1/sales/sales/?start_date=2026-06-10&end_date=2026-06-10&page_size=100 HTTP/1.1" 200 52
INFO 2026-06-10 08:38:46,321 basehttp "GET /api/v1/financials/transactions/?start_date=2026-06-10&end_date=2026-06-10&page_size=100 HTTP/1.1" 200 4587
INFO 2026-06-10 08:38:46,362 basehttp "GET /api/v1/financials/petty-cash/?start_date=2026-06-10&end_date=2026-06-10&page_size=100 HTTP/1.1" 200 263
INFO 2026-06-10 08:38:46,321 basehttp "GET /api/v1/sales/sales/?start_date=2026-06-10&end_date=2026-06-10&page_size=100 HTTP/1.1" 200 52
INFO 2026-06-10 08:38:46,383 basehttp "GET /api/v1/sales/sales/?start_date=2026-06-10&end_date=2026-06-10&page_size=100 HTTP/1.1" 200 52
INFO 2026-06-10 08:38:46,383 basehttp "GET /api/v1/sales/sales/?start_date=2026-06-10&end_date=2026-06-10&page_size=100 HTTP/1.1" 200 52
INFO 2026-06-10 08:38:46,362 basehttp "GET /api/v1/financials/petty-cash/?start_date=2026-06-10&end_date=2026-06-10&page_size=100 HTTP/1.1" 200 263
INFO 2026-06-10 08:38:46,321 basehttp "GET /api/v1/financials/transactions/?start_date=2026-06-10&end_date=2026-06-10&page_size=100 HTTP/1.1" 200 4587
INFO 2026-06-10 08:38:46,402 basehttp "GET /api/v1/hr/payroll/ HTTP/1.1" 200 4108
INFO 2026-06-10 08:38:46,402 basehttp "GET /api/v1/hr/payroll/ HTTP/1.1" 200 4108
INFO 2026-06-10 08:38:46,483 basehttp "GET /api/v1/financials/transactions/?start_date=2026-06-10&end_date=2026-06-10&page_size=100 HTTP/1.1" 200 4587
INFO 2026-06-10 08:38:46,483 basehttp "GET /api/v1/financials/transactions/?start_date=2026-06-10&end_date=2026-06-10&page_size=100 HTTP/1.1" 200 4587
INFO 2026-06-10 08:38:46,503 basehttp "OPTIONS /api/v1/financials/invoices/?status=paid&start_date=2026-06-10&end_date=2026-06-10&page_size=100 HTTP/1.1" 200 0
INFO 2026-06-10 08:38:46,503 basehttp "OPTIONS /api/v1/financials/invoices/?status=paid&start_date=2026-06-10&end_date=2026-06-10&page_size=100 HTTP/1.1" 200 0
INFO 2026-06-10 08:38:46,543 basehttp "GET /api/v1/hr/payroll/ HTTP/1.1" 200 4108
INFO 2026-06-10 08:38:46,543 basehttp "GET /api/v1/hr/payroll/ HTTP/1.1" 200 4108
INFO 2026-06-10 08:38:46,651 basehttp "GET /api/v1/financials/invoices/?status=paid&start_date=2026-06-10&end_date=2026-06-10&page_size=100 HTTP/1.1" 200 4135
INFO 2026-06-10 08:38:46,651 basehttp "GET /api/v1/financials/invoices/?status=paid&start_date=2026-06-10&end_date=2026-06-10&page_size=100 HTTP/1.1" 200 4135
INFO 2026-06-10 08:38:46,798 basehttp "GET /api/v1/financials/invoices/?status=paid&start_date=2026-06-10&end_date=2026-06-10&page_size=100 HTTP/1.1" 200 4135
INFO 2026-06-10 08:38:46,798 basehttp "GET /api/v1/financials/invoices/?status=paid&start_date=2026-06-10&end_date=2026-06-10&page_size=100 HTTP/1.1" 200 4135
INFO 2026-06-10 08:39:11,997 basehttp "OPTIONS /api/v1/bi/sales/performance/?period=31d HTTP/1.1" 200 0
INFO 2026-06-10 08:39:11,998 basehttp "OPTIONS /api/v1/bi/sales/performance/?period=31d HTTP/1.1" 200 0
INFO 2026-06-10 08:39:11,998 basehttp "OPTIONS /api/v1/bi/sales/top-products/?limit=10 HTTP/1.1" 200 0
INFO 2026-06-10 08:39:11,997 basehttp "OPTIONS /api/v1/bi/sales/performance/?period=31d HTTP/1.1" 200 0
INFO 2026-06-10 08:39:11,998 basehttp "OPTIONS /api/v1/bi/sales/performance/?period=31d HTTP/1.1" 200 0
INFO 2026-06-10 08:39:11,998 basehttp "OPTIONS /api/v1/bi/sales/top-products/?limit=10 HTTP/1.1" 200 0
INFO 2026-06-10 08:39:12,000 basehttp "OPTIONS /api/v1/bi/sales/top-products/?limit=10 HTTP/1.1" 200 0
INFO 2026-06-10 08:39:12,000 basehttp "OPTIONS /api/v1/bi/sales/top-products/?limit=10 HTTP/1.1" 200 0
INFO 2026-06-10 08:39:12,106 basehttp "GET /api/v1/bi/sales/top-products/?limit=10 HTTP/1.1" 200 423
INFO 2026-06-10 08:39:12,106 basehttp "GET /api/v1/bi/sales/top-products/?limit=10 HTTP/1.1" 200 423
INFO 2026-06-10 08:39:12,185 basehttp "GET /api/v1/bi/sales/top-products/?limit=10 HTTP/1.1" 200 423
INFO 2026-06-10 08:39:12,185 basehttp "GET /api/v1/bi/sales/top-products/?limit=10 HTTP/1.1" 200 423
INFO 2026-06-10 08:39:12,268 basehttp "GET /api/v1/bi/sales/performance/?period=31d HTTP/1.1" 200 2047
INFO 2026-06-10 08:39:12,268 basehttp "GET /api/v1/bi/sales/performance/?period=31d HTTP/1.1" 200 2047
INFO 2026-06-10 08:39:12,458 basehttp "GET /api/v1/bi/sales/performance/?period=31d HTTP/1.1" 200 2047
INFO 2026-06-10 08:39:12,458 basehttp "GET /api/v1/bi/sales/performance/?period=31d HTTP/1.1" 200 2047
INFO 2026-06-10 08:39:17,942 basehttp "OPTIONS /api/v1/bi/financial/profit-loss/?days=31 HTTP/1.1" 200 0
INFO 2026-06-10 08:39:17,942 basehttp "OPTIONS /api/v1/bi/financial/profit-loss/?days=31 HTTP/1.1" 200 0
INFO 2026-06-10 08:39:17,945 basehttp "OPTIONS /api/v1/bi/financial/summary/ HTTP/1.1" 200 0
INFO 2026-06-10 08:39:17,945 basehttp "OPTIONS /api/v1/bi/financial/summary/ HTTP/1.1" 200 0
INFO 2026-06-10 08:39:18,056 basehttp "GET /api/v1/bi/financial/profit-loss/?days=31 HTTP/1.1" 200 94
INFO 2026-06-10 08:39:18,056 basehttp "GET /api/v1/bi/financial/profit-loss/?days=31 HTTP/1.1" 200 94
INFO 2026-06-10 08:39:18,137 basehttp "GET /api/v1/bi/financial/summary/ HTTP/1.1" 200 361
INFO 2026-06-10 08:39:18,137 basehttp "GET /api/v1/bi/financial/summary/ HTTP/1.1" 200 361
INFO 2026-06-10 08:39:23,455 basehttp "GET /api/v1/bi/sales/top-products/?limit=10 HTTP/1.1" 200 423
INFO 2026-06-10 08:39:23,455 basehttp "GET /api/v1/bi/sales/top-products/?limit=10 HTTP/1.1" 200 423
INFO 2026-06-10 08:39:23,587 basehttp "GET /api/v1/bi/sales/performance/?period=31d HTTP/1.1" 200 2047
INFO 2026-06-10 08:39:23,587 basehttp "GET /api/v1/bi/sales/performance/?period=31d HTTP/1.1" 200 2047
INFO 2026-06-10 08:39:40,618 basehttp "GET /api/v1/bi/financial/profit-loss/?days=31 HTTP/1.1" 200 94
INFO 2026-06-10 08:39:40,618 basehttp "GET /api/v1/bi/financial/profit-loss/?days=31 HTTP/1.1" 200 94
INFO 2026-06-10 08:39:40,670 basehttp "GET /api/v1/bi/financial/summary/ HTTP/1.1" 200 361
INFO 2026-06-10 08:39:40,670 basehttp "GET /api/v1/bi/financial/summary/ HTTP/1.1" 200 361
INFO 2026-06-10 08:39:52,284 basehttp "OPTIONS /api/v1/bi/inventory/slow-moving/?days=90 HTTP/1.1" 200 0
INFO 2026-06-10 08:39:52,284 basehttp "OPTIONS /api/v1/bi/inventory/slow-moving/?days=90 HTTP/1.1" 200 0
INFO 2026-06-10 08:39:52,287 basehttp "OPTIONS /api/v1/bi/inventory/analytics/ HTTP/1.1" 200 0
INFO 2026-06-10 08:39:52,287 basehttp "OPTIONS /api/v1/bi/inventory/analytics/ HTTP/1.1" 200 0
INFO 2026-06-10 08:39:52,359 basehttp "GET /api/v1/bi/inventory/slow-moving/?days=90 HTTP/1.1" 200 37
INFO 2026-06-10 08:39:52,359 basehttp "GET /api/v1/bi/inventory/slow-moving/?days=90 HTTP/1.1" 200 37
INFO 2026-06-10 08:39:52,372 basehttp "GET /api/v1/bi/inventory/analytics/ HTTP/1.1" 200 566
INFO 2026-06-10 08:39:52,372 basehttp "GET /api/v1/bi/inventory/analytics/ HTTP/1.1" 200 566
INFO 2026-06-10 08:49:06,664 basehttp "OPTIONS /api/v1/bi/dashboard/available-months/ HTTP/1.1" 200 0
INFO 2026-06-10 08:49:06,664 basehttp "OPTIONS /api/v1/bi/dashboard/available-months/ HTTP/1.1" 200 0
INFO 2026-06-10 08:49:06,681 basehttp "OPTIONS /api/v1/bi/sales/performance/?period=30d HTTP/1.1" 200 0
INFO 2026-06-10 08:49:06,682 basehttp "OPTIONS /api/v1/bi/dashboard/available-months/ HTTP/1.1" 200 0
INFO 2026-06-10 08:49:06,681 basehttp "OPTIONS /api/v1/bi/sales/performance/?period=30d HTTP/1.1" 200 0
INFO 2026-06-10 08:49:06,682 basehttp "OPTIONS /api/v1/bi/dashboard/available-months/ HTTP/1.1" 200 0
INFO 2026-06-10 08:49:06,703 basehttp "OPTIONS /api/v1/bi/customer/insights/ HTTP/1.1" 200 0
INFO 2026-06-10 08:49:06,703 basehttp "OPTIONS /api/v1/bi/customer/insights/ HTTP/1.1" 200 0
INFO 2026-06-10 08:49:06,705 basehttp "OPTIONS /api/v1/bi/sales/performance/?period=30d HTTP/1.1" 200 0
INFO 2026-06-10 08:49:06,705 basehttp "OPTIONS /api/v1/bi/sales/performance/?period=30d HTTP/1.1" 200 0
INFO 2026-06-10 08:49:06,778 basehttp "OPTIONS /api/v1/bi/customer/insights/ HTTP/1.1" 200 0
INFO 2026-06-10 08:49:06,778 basehttp "OPTIONS /api/v1/bi/customer/insights/ HTTP/1.1" 200 0
INFO 2026-06-10 08:49:06,851 basehttp "GET /api/v1/bi/customer/insights/ HTTP/1.1" 200 144
INFO 2026-06-10 08:49:06,851 basehttp "GET /api/v1/bi/customer/insights/ HTTP/1.1" 200 144
INFO 2026-06-10 08:49:06,879 basehttp "GET /api/v1/bi/inventory/analytics/ HTTP/1.1" 200 566
INFO 2026-06-10 08:49:06,879 basehttp "GET /api/v1/bi/inventory/analytics/ HTTP/1.1" 200 566
INFO 2026-06-10 08:49:07,064 basehttp "GET /api/v1/bi/dashboard/available-months/ HTTP/1.1" 200 177
INFO 2026-06-10 08:49:07,064 basehttp "GET /api/v1/bi/dashboard/available-months/ HTTP/1.1" 200 177
INFO 2026-06-10 08:49:07,151 basehttp "GET /api/v1/bi/customer/insights/ HTTP/1.1" 200 144
INFO 2026-06-10 08:49:07,156 basehttp "GET /api/v1/bi/dashboard/available-months/ HTTP/1.1" 200 177
INFO 2026-06-10 08:49:07,151 basehttp "GET /api/v1/bi/customer/insights/ HTTP/1.1" 200 144
INFO 2026-06-10 08:49:07,156 basehttp "GET /api/v1/bi/dashboard/available-months/ HTTP/1.1" 200 177
INFO 2026-06-10 08:49:07,205 basehttp "GET /api/v1/bi/financial/summary/ HTTP/1.1" 200 361
INFO 2026-06-10 08:49:07,205 basehttp "GET /api/v1/bi/financial/summary/ HTTP/1.1" 200 361
INFO 2026-06-10 08:49:07,217 basehttp "GET /api/v1/bi/inventory/analytics/ HTTP/1.1" 200 566
INFO 2026-06-10 08:49:07,217 basehttp "GET /api/v1/bi/inventory/analytics/ HTTP/1.1" 200 566
INFO 2026-06-10 08:49:07,233 basehttp "OPTIONS /api/v1/bi/financial/profit-loss/?days=30 HTTP/1.1" 200 0
INFO 2026-06-10 08:49:07,233 basehttp "OPTIONS /api/v1/bi/financial/profit-loss/?days=30 HTTP/1.1" 200 0
INFO 2026-06-10 08:49:07,296 basehttp "GET /api/v1/bi/inventory/slow-moving/?days=90 HTTP/1.1" 200 37
INFO 2026-06-10 08:49:07,296 basehttp "GET /api/v1/bi/inventory/slow-moving/?days=90 HTTP/1.1" 200 37
INFO 2026-06-10 08:49:07,438 basehttp "GET /api/v1/bi/financial/profit-loss/?days=30 HTTP/1.1" 200 94
INFO 2026-06-10 08:49:07,438 basehttp "GET /api/v1/bi/financial/profit-loss/?days=30 HTTP/1.1" 200 94
INFO 2026-06-10 08:49:07,445 basehttp "GET /api/v1/bi/inventory/slow-moving/?days=90 HTTP/1.1" 200 37
INFO 2026-06-10 08:49:07,445 basehttp "GET /api/v1/bi/inventory/slow-moving/?days=90 HTTP/1.1" 200 37
INFO 2026-06-10 08:49:07,490 basehttp "GET /api/v1/bi/sales/performance/?period=30d HTTP/1.1" 200 2047
INFO 2026-06-10 08:49:07,490 basehttp "GET /api/v1/bi/sales/performance/?period=30d HTTP/1.1" 200 2047
INFO 2026-06-10 08:49:07,548 basehttp "GET /api/v1/bi/financial/summary/ HTTP/1.1" 200 361
INFO 2026-06-10 08:49:07,548 basehttp "GET /api/v1/bi/financial/summary/ HTTP/1.1" 200 361
INFO 2026-06-10 08:49:07,608 basehttp "GET /api/v1/bi/sales/top-products/?limit=10 HTTP/1.1" 200 423
INFO 2026-06-10 08:49:07,608 basehttp "GET /api/v1/bi/sales/top-products/?limit=10 HTTP/1.1" 200 423
INFO 2026-06-10 08:49:07,639 basehttp "GET /api/v1/bi/financial/profit-loss/?days=30 HTTP/1.1" 200 94
INFO 2026-06-10 08:49:07,639 basehttp "GET /api/v1/bi/financial/profit-loss/?days=30 HTTP/1.1" 200 94
INFO 2026-06-10 08:49:07,985 basehttp "GET /api/v1/bi/sales/performance/?period=30d HTTP/1.1" 200 2047
INFO 2026-06-10 08:49:07,985 basehttp "GET /api/v1/bi/sales/performance/?period=30d HTTP/1.1" 200 2047
INFO 2026-06-10 08:49:08,026 basehttp "GET /api/v1/bi/sales/top-products/?limit=10 HTTP/1.1" 200 423
INFO 2026-06-10 08:49:08,026 basehttp "GET /api/v1/bi/sales/top-products/?limit=10 HTTP/1.1" 200 423
INFO 2026-06-10 08:58:24,664 basehttp "OPTIONS /api/v1/auth/refresh/ HTTP/1.1" 200 0
INFO 2026-06-10 08:58:24,664 basehttp "OPTIONS /api/v1/auth/refresh/ HTTP/1.1" 200 0
INFO 2026-06-10 08:58:24,664 basehttp "OPTIONS /api/v1/auth/refresh/ HTTP/1.1" 200 0
INFO 2026-06-10 08:58:24,664 basehttp "OPTIONS /api/v1/auth/refresh/ HTTP/1.1" 200 0
INFO 2026-06-10 08:58:24,796 basehttp "POST /api/v1/auth/refresh/ HTTP/1.1" 200 483
INFO 2026-06-10 08:58:24,796 basehttp "POST /api/v1/auth/refresh/ HTTP/1.1" 200 483
INFO 2026-06-10 08:58:24,801 basehttp "POST /api/v1/auth/refresh/ HTTP/1.1" 200 483
INFO 2026-06-10 08:58:24,801 basehttp "POST /api/v1/auth/refresh/ HTTP/1.1" 200 483
INFO 2026-06-10 08:58:24,810 basehttp "OPTIONS /api/v1/auth/profile/ HTTP/1.1" 200 0
INFO 2026-06-10 08:58:24,810 basehttp "OPTIONS /api/v1/auth/profile/ HTTP/1.1" 200 0
INFO 2026-06-10 08:58:24,820 basehttp "OPTIONS /api/v1/auth/profile/ HTTP/1.1" 200 0
INFO 2026-06-10 08:58:24,820 basehttp "OPTIONS /api/v1/auth/profile/ HTTP/1.1" 200 0
INFO 2026-06-10 08:58:24,843 basehttp "GET /api/v1/auth/profile/ HTTP/1.1" 200 288
INFO 2026-06-10 08:58:24,843 basehttp "GET /api/v1/auth/profile/ HTTP/1.1" 200 288
INFO 2026-06-10 08:58:24,889 basehttp "GET /api/v1/auth/profile/ HTTP/1.1" 200 288
INFO 2026-06-10 08:58:24,889 basehttp "GET /api/v1/auth/profile/ HTTP/1.1" 200 288
INFO 2026-06-10 08:59:12,449 basehttp "POST /api/v1/auth/login/ HTTP/1.1" 200 808
INFO 2026-06-10 08:59:12,449 basehttp "POST /api/v1/auth/login/ HTTP/1.1" 200 808
INFO 2026-06-10 08:59:13,562 basehttp "GET /api/v1/sales/sales/?start_date=2026-06-10&end_date=2026-06-10&page_size=100 HTTP/1.1" 200 52
INFO 2026-06-10 08:59:13,562 basehttp "GET /api/v1/sales/sales/?start_date=2026-06-10&end_date=2026-06-10&page_size=100 HTTP/1.1" 200 52
INFO 2026-06-10 08:59:13,633 basehttp "GET /api/v1/financials/transactions/?start_date=2026-06-10&end_date=2026-06-10&page_size=100 HTTP/1.1" 200 4587
INFO 2026-06-10 08:59:13,633 basehttp "GET /api/v1/financials/transactions/?start_date=2026-06-10&end_date=2026-06-10&page_size=100 HTTP/1.1" 200 4587
INFO 2026-06-10 08:59:13,680 basehttp "GET /api/v1/sales/sales/?start_date=2026-06-10&end_date=2026-06-10&page_size=100 HTTP/1.1" 200 52
INFO 2026-06-10 08:59:13,680 basehttp "GET /api/v1/sales/sales/?start_date=2026-06-10&end_date=2026-06-10&page_size=100 HTTP/1.1" 200 52
INFO 2026-06-10 08:59:13,714 basehttp "GET /api/v1/financials/petty-cash/?start_date=2026-06-10&end_date=2026-06-10&page_size=100 HTTP/1.1" 200 263
INFO 2026-06-10 08:59:13,714 basehttp "GET /api/v1/financials/petty-cash/?start_date=2026-06-10&end_date=2026-06-10&page_size=100 HTTP/1.1" 200 263
INFO 2026-06-10 08:59:13,720 basehttp "GET /api/v1/hr/payroll/ HTTP/1.1" 200 4108
INFO 2026-06-10 08:59:13,720 basehttp "GET /api/v1/hr/payroll/ HTTP/1.1" 200 4108
INFO 2026-06-10 08:59:13,762 basehttp "GET /api/v1/financials/transactions/?start_date=2026-06-10&end_date=2026-06-10&page_size=100 HTTP/1.1" 200 4587
INFO 2026-06-10 08:59:13,762 basehttp "GET /api/v1/financials/transactions/?start_date=2026-06-10&end_date=2026-06-10&page_size=100 HTTP/1.1" 200 4587
INFO 2026-06-10 08:59:13,806 basehttp "GET /api/v1/financials/petty-cash/?start_date=2026-06-10&end_date=2026-06-10&page_size=100 HTTP/1.1" 200 263
INFO 2026-06-10 08:59:13,806 basehttp "GET /api/v1/financials/petty-cash/?start_date=2026-06-10&end_date=2026-06-10&page_size=100 HTTP/1.1" 200 263
INFO 2026-06-10 08:59:13,870 basehttp "GET /api/v1/hr/payroll/ HTTP/1.1" 200 4108
INFO 2026-06-10 08:59:13,870 basehttp "GET /api/v1/hr/payroll/ HTTP/1.1" 200 4108
INFO 2026-06-10 08:59:13,887 basehttp "GET /api/v1/financials/invoices/?status=paid&start_date=2026-06-10&end_date=2026-06-10&page_size=100 HTTP/1.1" 200 4135
INFO 2026-06-10 08:59:13,887 basehttp "GET /api/v1/financials/invoices/?status=paid&start_date=2026-06-10&end_date=2026-06-10&page_size=100 HTTP/1.1" 200 4135
INFO 2026-06-10 08:59:13,997 basehttp "GET /api/v1/financials/invoices/?status=paid&start_date=2026-06-10&end_date=2026-06-10&page_size=100 HTTP/1.1" 200 4135
INFO 2026-06-10 08:59:13,997 basehttp "GET /api/v1/financials/invoices/?status=paid&start_date=2026-06-10&end_date=2026-06-10&page_size=100 HTTP/1.1" 200 4135
INFO 2026-06-10 08:59:25,244 basehttp "GET /api/v1/bi/dashboard/available-months/ HTTP/1.1" 200 177
INFO 2026-06-10 08:59:25,244 basehttp "GET /api/v1/bi/dashboard/available-months/ HTTP/1.1" 200 177
INFO 2026-06-10 08:59:25,333 basehttp "GET /api/v1/bi/dashboard/available-months/ HTTP/1.1" 200 177
INFO 2026-06-10 08:59:25,333 basehttp "GET /api/v1/bi/dashboard/available-months/ HTTP/1.1" 200 177
INFO 2026-06-10 08:59:25,377 basehttp "GET /api/v1/bi/customer/insights/ HTTP/1.1" 200 144
INFO 2026-06-10 08:59:25,377 basehttp "GET /api/v1/bi/customer/insights/ HTTP/1.1" 200 144
INFO 2026-06-10 08:59:25,424 basehttp "GET /api/v1/bi/inventory/analytics/ HTTP/1.1" 200 566
INFO 2026-06-10 08:59:25,424 basehttp "GET /api/v1/bi/inventory/analytics/ HTTP/1.1" 200 566
INFO 2026-06-10 08:59:25,454 basehttp "GET /api/v1/bi/financial/summary/ HTTP/1.1" 200 361
INFO 2026-06-10 08:59:25,454 basehttp "GET /api/v1/bi/financial/summary/ HTTP/1.1" 200 361
INFO 2026-06-10 08:59:25,612 basehttp "GET /api/v1/bi/customer/insights/ HTTP/1.1" 200 144
INFO 2026-06-10 08:59:25,630 basehttp "GET /api/v1/bi/financial/profit-loss/?days=30 HTTP/1.1" 200 94
INFO 2026-06-10 08:59:25,612 basehttp "GET /api/v1/bi/customer/insights/ HTTP/1.1" 200 144
INFO 2026-06-10 08:59:25,630 basehttp "GET /api/v1/bi/financial/profit-loss/?days=30 HTTP/1.1" 200 94
INFO 2026-06-10 08:59:25,684 basehttp "GET /api/v1/bi/inventory/slow-moving/?days=90 HTTP/1.1" 200 37
INFO 2026-06-10 08:59:25,684 basehttp "GET /api/v1/bi/inventory/slow-moving/?days=90 HTTP/1.1" 200 37
INFO 2026-06-10 08:59:25,694 basehttp "GET /api/v1/bi/inventory/analytics/ HTTP/1.1" 200 566
INFO 2026-06-10 08:59:25,694 basehttp "GET /api/v1/bi/inventory/analytics/ HTTP/1.1" 200 566
INFO 2026-06-10 08:59:25,771 basehttp "GET /api/v1/bi/inventory/slow-moving/?days=90 HTTP/1.1" 200 37
INFO 2026-06-10 08:59:25,771 basehttp "GET /api/v1/bi/inventory/slow-moving/?days=90 HTTP/1.1" 200 37
INFO 2026-06-10 08:59:26,006 basehttp "GET /api/v1/bi/sales/performance/?period=30d HTTP/1.1" 200 2047
INFO 2026-06-10 08:59:26,006 basehttp "GET /api/v1/bi/sales/performance/?period=30d HTTP/1.1" 200 2047
INFO 2026-06-10 08:59:26,018 basehttp "GET /api/v1/bi/financial/summary/ HTTP/1.1" 200 361
INFO 2026-06-10 08:59:26,018 basehttp "GET /api/v1/bi/financial/summary/ HTTP/1.1" 200 361
INFO 2026-06-10 08:59:26,093 basehttp "GET /api/v1/bi/financial/profit-loss/?days=30 HTTP/1.1" 200 94
INFO 2026-06-10 08:59:26,093 basehttp "GET /api/v1/bi/financial/profit-loss/?days=30 HTTP/1.1" 200 94
INFO 2026-06-10 08:59:26,160 basehttp "GET /api/v1/bi/sales/top-products/?limit=10 HTTP/1.1" 200 423
INFO 2026-06-10 08:59:26,160 basehttp "GET /api/v1/bi/sales/top-products/?limit=10 HTTP/1.1" 200 423
INFO 2026-06-10 08:59:26,393 basehttp "GET /api/v1/bi/sales/performance/?period=30d HTTP/1.1" 200 2047
INFO 2026-06-10 08:59:26,393 basehttp "GET /api/v1/bi/sales/performance/?period=30d HTTP/1.1" 200 2047
INFO 2026-06-10 08:59:26,423 basehttp "GET /api/v1/bi/sales/top-products/?limit=10 HTTP/1.1" 200 423
INFO 2026-06-10 08:59:26,423 basehttp "GET /api/v1/bi/sales/top-products/?limit=10 HTTP/1.1" 200 423
INFO 2026-06-10 09:00:28,989 basehttp "GET /api/v1/bi/customer/insights/ HTTP/1.1" 200 144
INFO 2026-06-10 09:00:28,989 basehttp "GET /api/v1/bi/customer/insights/ HTTP/1.1" 200 144
INFO 2026-06-10 09:00:29,043 basehttp "GET /api/v1/bi/inventory/analytics/ HTTP/1.1" 200 566
INFO 2026-06-10 09:00:29,043 basehttp "GET /api/v1/bi/inventory/analytics/ HTTP/1.1" 200 566
INFO 2026-06-10 09:00:29,090 basehttp "GET /api/v1/bi/financial/summary/ HTTP/1.1" 200 361
INFO 2026-06-10 09:00:29,090 basehttp "GET /api/v1/bi/financial/summary/ HTTP/1.1" 200 361
INFO 2026-06-10 09:00:29,146 basehttp "GET /api/v1/bi/inventory/slow-moving/?days=90 HTTP/1.1" 200 37
INFO 2026-06-10 09:00:29,146 basehttp "GET /api/v1/bi/inventory/slow-moving/?days=90 HTTP/1.1" 200 37
INFO 2026-06-10 09:00:29,183 basehttp "GET /api/v1/bi/financial/profit-loss/?days=31 HTTP/1.1" 200 94
INFO 2026-06-10 09:00:29,183 basehttp "GET /api/v1/bi/financial/profit-loss/?days=31 HTTP/1.1" 200 94
INFO 2026-06-10 09:00:29,294 basehttp "GET /api/v1/bi/sales/performance/?period=31d HTTP/1.1" 200 2047
INFO 2026-06-10 09:00:29,294 basehttp "GET /api/v1/bi/sales/performance/?period=31d HTTP/1.1" 200 2047
INFO 2026-06-10 09:00:29,409 basehttp "GET /api/v1/bi/sales/top-products/?limit=10 HTTP/1.1" 200 423
INFO 2026-06-10 09:00:29,409 basehttp "GET /api/v1/bi/sales/top-products/?limit=10 HTTP/1.1" 200 423
INFO 2026-06-10 09:07:35,546 basehttp "GET /admin/ HTTP/1.1" 302 0
INFO 2026-06-10 09:07:35,546 basehttp "GET /admin/ HTTP/1.1" 302 0
INFO 2026-06-10 09:07:35,660 basehttp "GET /admin/login/?next=/admin/ HTTP/1.1" 200 4187
INFO 2026-06-10 09:07:35,660 basehttp "GET /admin/login/?next=/admin/ HTTP/1.1" 200 4187
INFO 2026-06-10 09:07:35,758 basehttp "GET /static/admin/css/dark_mode.css HTTP/1.1" 304 0
INFO 2026-06-10 09:07:35,758 basehttp "GET /static/admin/css/dark_mode.css HTTP/1.1" 304 0
INFO 2026-06-10 09:07:35,765 basehttp "GET /static/admin/css/nav_sidebar.css HTTP/1.1" 304 0
INFO 2026-06-10 09:07:35,765 basehttp "GET /static/admin/css/nav_sidebar.css HTTP/1.1" 304 0
INFO 2026-06-10 09:07:35,779 basehttp "GET /static/admin/css/login.css HTTP/1.1" 304 0
INFO 2026-06-10 09:07:35,779 basehttp "GET /static/admin/css/login.css HTTP/1.1" 304 0
INFO 2026-06-10 09:07:35,788 basehttp "GET /static/admin/css/responsive.css HTTP/1.1" 304 0
INFO 2026-06-10 09:07:35,788 basehttp "GET /static/admin/css/responsive.css HTTP/1.1" 304 0
INFO 2026-06-10 09:07:35,798 basehttp "GET /static/admin/js/nav_sidebar.js HTTP/1.1" 304 0
INFO 2026-06-10 09:07:35,798 basehttp "GET /static/admin/js/nav_sidebar.js HTTP/1.1" 304 0
INFO 2026-06-10 09:07:35,810 basehttp "GET /static/admin/js/theme.js HTTP/1.1" 304 0
INFO 2026-06-10 09:07:35,810 basehttp "GET /static/admin/js/theme.js HTTP/1.1" 304 0
INFO 2026-06-10 09:07:35,814 basehttp "GET /static/admin/css/base.css HTTP/1.1" 304 0
INFO 2026-06-10 09:07:35,814 basehttp "GET /static/admin/css/base.css HTTP/1.1" 304 0
WARNING 2026-06-10 09:07:36,226 basehttp "GET /favicon.ico HTTP/1.1" 404 3304
WARNING 2026-06-10 09:07:36,226 basehttp "GET /favicon.ico HTTP/1.1" 404 3304
INFO 2026-06-10 09:07:43,373 basehttp "GET /api/docs/ HTTP/1.1" 200 4645
INFO 2026-06-10 09:07:43,373 basehttp "GET /api/docs/ HTTP/1.1" 200 4645
INFO 2026-06-10 09:07:57,933 basehttp "GET /api/schema/ HTTP/1.1" 200 395065
INFO 2026-06-10 09:07:57,933 basehttp "GET /api/schema/ HTTP/1.1" 200 395065
INFO 2026-06-10 09:08:38,426 basehttp "POST /api/v1/auth/login/ HTTP/1.1" 200 808
INFO 2026-06-10 09:08:38,426 basehttp "POST /api/v1/auth/login/ HTTP/1.1" 200 808
INFO 2026-06-10 09:10:32,800 basehttp "GET /api/v1/bi/financial/profit-loss/ HTTP/1.1" 200 94
INFO 2026-06-10 09:10:32,800 basehttp "GET /api/v1/bi/financial/profit-loss/ HTTP/1.1" 200 94
INFO 2026-06-10 09:10:42,621 basehttp "GET /api/v1/bi/financial/summary/ HTTP/1.1" 200 361
INFO 2026-06-10 09:10:42,621 basehttp "GET /api/v1/bi/financial/summary/ HTTP/1.1" 200 361
INFO 2026-06-10 09:10:55,381 basehttp "GET /api/v1/bi/hr/analytics/ HTTP/1.1" 200 168
INFO 2026-06-10 09:10:55,381 basehttp "GET /api/v1/bi/hr/analytics/ HTTP/1.1" 200 168
INFO 2026-06-10 09:11:04,112 basehttp "GET /api/v1/bi/inventory/analytics/ HTTP/1.1" 200 566
INFO 2026-06-10 09:11:04,112 basehttp "GET /api/v1/bi/inventory/analytics/ HTTP/1.1" 200 566
INFO 2026-06-10 09:12:06,451 basehttp "GET /api/v1/bi/hr/analytics/ HTTP/1.1" 200 168
INFO 2026-06-10 09:12:06,451 basehttp "GET /api/v1/bi/hr/analytics/ HTTP/1.1" 200 168
INFO 2026-06-10 09:13:20,282 basehttp "GET /api/v1/bi/dashboard/available-months/ HTTP/1.1" 200 177
INFO 2026-06-10 09:13:20,282 basehttp "GET /api/v1/bi/dashboard/available-months/ HTTP/1.1" 200 177
INFO 2026-06-10 09:13:54,725 basehttp "GET /api/v1/bi/customer/insights/ HTTP/1.1" 200 144
INFO 2026-06-10 09:13:54,725 basehttp "GET /api/v1/bi/customer/insights/ HTTP/1.1" 200 144
INFO 2026-06-10 09:14:29,629 basehttp "GET /api/v1/bi/dashboard/ HTTP/1.1" 200 903
INFO 2026-06-10 09:14:29,629 basehttp "GET /api/v1/bi/dashboard/ HTTP/1.1" 200 903
INFO 2026-06-10 09:15:06,881 basehttp "GET /api/v1/bi/dashboard/milestones/ HTTP/1.1" 200 193
INFO 2026-06-10 09:15:06,881 basehttp "GET /api/v1/bi/dashboard/milestones/ HTTP/1.1" 200 193
INFO 2026-06-10 09:15:24,335 basehttp "GET /api/v1/bi/executive/ HTTP/1.1" 200 2637
INFO 2026-06-10 09:15:24,335 basehttp "GET /api/v1/bi/executive/ HTTP/1.1" 200 2637
INFO 2026-06-10 09:16:17,960 basehttp "GET /api/v1/bi/financial/summary/ HTTP/1.1" 200 361
INFO 2026-06-10 09:16:17,960 basehttp "GET /api/v1/bi/financial/summary/ HTTP/1.1" 200 361
INFO 2026-06-10 09:16:32,523 basehttp "GET /api/v1/bi/insights/ HTTP/1.1" 200 25
INFO 2026-06-10 09:16:32,523 basehttp "GET /api/v1/bi/insights/ HTTP/1.1" 200 25
INFO 2026-06-10 09:16:46,409 basehttp "GET /api/v1/bi/kpi/ HTTP/1.1" 200 709
INFO 2026-06-10 09:16:46,409 basehttp "GET /api/v1/bi/kpi/ HTTP/1.1" 200 709
WARNING 2026-06-10 09:23:31,107 basehttp "GET /api/v1/bi/dashboard/available-months/ HTTP/1.1" 401 183
WARNING 2026-06-10 09:23:31,107 basehttp "GET /api/v1/bi/dashboard/available-months/ HTTP/1.1" 401 183
WARNING 2026-06-10 09:23:31,127 basehttp "GET /api/v1/bi/dashboard/available-months/ HTTP/1.1" 401 183
WARNING 2026-06-10 09:23:31,127 basehttp "GET /api/v1/bi/dashboard/available-months/ HTTP/1.1" 401 183
INFO 2026-06-10 09:23:31,148 basehttp "POST /api/v1/auth/refresh/ HTTP/1.1" 200 483
INFO 2026-06-10 09:23:31,148 basehttp "POST /api/v1/auth/refresh/ HTTP/1.1" 200 483
INFO 2026-06-10 09:23:31,170 basehttp "GET /api/v1/bi/dashboard/available-months/ HTTP/1.1" 200 177
INFO 2026-06-10 09:23:31,170 basehttp "GET /api/v1/bi/dashboard/available-months/ HTTP/1.1" 200 177
INFO 2026-06-10 09:23:31,182 basehttp "OPTIONS /api/v1/bi/executive/ HTTP/1.1" 200 0
INFO 2026-06-10 09:23:31,182 basehttp "OPTIONS /api/v1/bi/executive/ HTTP/1.1" 200 0
INFO 2026-06-10 09:23:31,280 basehttp "GET /api/v1/bi/dashboard/available-months/ HTTP/1.1" 200 177
INFO 2026-06-10 09:23:31,280 basehttp "GET /api/v1/bi/dashboard/available-months/ HTTP/1.1" 200 177
INFO 2026-06-10 09:23:31,731 basehttp "GET /api/v1/bi/executive/ HTTP/1.1" 200 2637
INFO 2026-06-10 09:23:31,731 basehttp "GET /api/v1/bi/executive/ HTTP/1.1" 200 2637
INFO 2026-06-10 09:31:43,280 basehttp "GET /api/v1/bi/dashboard/available-months/ HTTP/1.1" 200 177
INFO 2026-06-10 09:31:43,280 basehttp "GET /api/v1/bi/dashboard/available-months/ HTTP/1.1" 200 177
INFO 2026-06-10 09:31:43,307 basehttp "GET /api/v1/bi/dashboard/available-months/ HTTP/1.1" 200 177
INFO 2026-06-10 09:31:43,307 basehttp "GET /api/v1/bi/dashboard/available-months/ HTTP/1.1" 200 177
INFO 2026-06-10 09:31:43,470 basehttp "GET /api/v1/bi/executive/ HTTP/1.1" 200 2637
INFO 2026-06-10 09:31:43,470 basehttp "GET /api/v1/bi/executive/ HTTP/1.1" 200 2637
INFO 2026-06-10 09:31:47,434 basehttp "GET /api/v1/bi/executive/ HTTP/1.1" 200 2637
INFO 2026-06-10 09:31:47,434 basehttp "GET /api/v1/bi/executive/ HTTP/1.1" 200 2637
INFO 2026-06-10 09:35:16,328 basehttp "GET /api/v1/bi/dashboard/available-months/ HTTP/1.1" 200 177
INFO 2026-06-10 09:35:16,328 basehttp "GET /api/v1/bi/dashboard/available-months/ HTTP/1.1" 200 177
INFO 2026-06-10 09:35:16,348 basehttp "OPTIONS /api/v1/bi/financial/profit-loss/ HTTP/1.1" 200 0
INFO 2026-06-10 09:35:16,348 basehttp "OPTIONS /api/v1/bi/financial/profit-loss/ HTTP/1.1" 200 0
INFO 2026-06-10 09:35:16,394 basehttp "GET /api/v1/bi/financial/profit-loss/ HTTP/1.1" 200 94
INFO 2026-06-10 09:35:16,394 basehttp "GET /api/v1/bi/financial/profit-loss/ HTTP/1.1" 200 94
INFO 2026-06-10 09:35:16,445 basehttp "GET /api/v1/bi/dashboard/available-months/ HTTP/1.1" 200 177
INFO 2026-06-10 09:35:16,445 basehttp "GET /api/v1/bi/dashboard/available-months/ HTTP/1.1" 200 177
INFO 2026-06-10 09:35:16,818 basehttp "GET /api/v1/bi/executive/ HTTP/1.1" 200 2637
INFO 2026-06-10 09:35:16,818 basehttp "GET /api/v1/bi/executive/ HTTP/1.1" 200 2637
WARNING 2026-06-10 09:37:00,327 basehttp "GET /api/v1/bi/dashboard/trends/ HTTP/1.1" 401 183
WARNING 2026-06-10 09:37:00,327 basehttp "GET /api/v1/bi/dashboard/trends/ HTTP/1.1" 401 183
INFO 2026-06-10 09:37:18,512 basehttp "POST /api/v1/auth/login/ HTTP/1.1" 200 808
INFO 2026-06-10 09:37:18,512 basehttp "POST /api/v1/auth/login/ HTTP/1.1" 200 808
INFO 2026-06-10 09:37:59,772 basehttp "GET /api/v1/bi/customer/insights/ HTTP/1.1" 200 144
INFO 2026-06-10 09:37:59,772 basehttp "GET /api/v1/bi/customer/insights/ HTTP/1.1" 200 144
WARNING 2026-06-10 09:43:16,263 basehttp "GET /api/v1/bi/dashboard/available-months/ HTTP/1.1" 401 183
WARNING 2026-06-10 09:43:16,263 basehttp "GET /api/v1/bi/dashboard/available-months/ HTTP/1.1" 401 183
WARNING 2026-06-10 09:43:16,285 basehttp "GET /api/v1/bi/dashboard/available-months/ HTTP/1.1" 401 183
WARNING 2026-06-10 09:43:16,285 basehttp "GET /api/v1/bi/dashboard/available-months/ HTTP/1.1" 401 183
WARNING 2026-06-10 09:43:16,352 basehttp "POST /api/v1/auth/refresh/ HTTP/1.1" 401 58
WARNING 2026-06-10 09:43:16,352 basehttp "POST /api/v1/auth/refresh/ HTTP/1.1" 401 58
INFO 2026-06-10 09:43:43,377 basehttp "POST /api/v1/auth/login/ HTTP/1.1" 200 808
INFO 2026-06-10 09:43:43,377 basehttp "POST /api/v1/auth/login/ HTTP/1.1" 200 808
INFO 2026-06-10 09:43:44,669 basehttp "GET /api/v1/sales/sales/?start_date=2026-06-10&end_date=2026-06-10&page_size=100 HTTP/1.1" 200 52
INFO 2026-06-10 09:43:44,669 basehttp "GET /api/v1/sales/sales/?start_date=2026-06-10&end_date=2026-06-10&page_size=100 HTTP/1.1" 200 52
INFO 2026-06-10 09:43:44,697 basehttp "GET /api/v1/financials/transactions/?start_date=2026-06-10&end_date=2026-06-10&page_size=100 HTTP/1.1" 200 4587
INFO 2026-06-10 09:43:44,697 basehttp "GET /api/v1/financials/transactions/?start_date=2026-06-10&end_date=2026-06-10&page_size=100 HTTP/1.1" 200 4587
INFO 2026-06-10 09:43:44,726 basehttp "GET /api/v1/financials/petty-cash/?start_date=2026-06-10&end_date=2026-06-10&page_size=100 HTTP/1.1" 200 263
INFO 2026-06-10 09:43:44,726 basehttp "GET /api/v1/financials/petty-cash/?start_date=2026-06-10&end_date=2026-06-10&page_size=100 HTTP/1.1" 200 263
INFO 2026-06-10 09:43:44,776 basehttp "GET /api/v1/hr/payroll/ HTTP/1.1" 200 4108
INFO 2026-06-10 09:43:44,776 basehttp "GET /api/v1/hr/payroll/ HTTP/1.1" 200 4108
INFO 2026-06-10 09:43:44,812 basehttp "GET /api/v1/financials/transactions/?start_date=2026-06-10&end_date=2026-06-10&page_size=100 HTTP/1.1" 200 4587
INFO 2026-06-10 09:43:44,812 basehttp "GET /api/v1/financials/transactions/?start_date=2026-06-10&end_date=2026-06-10&page_size=100 HTTP/1.1" 200 4587
INFO 2026-06-10 09:43:44,839 basehttp "GET /api/v1/sales/sales/?start_date=2026-06-10&end_date=2026-06-10&page_size=100 HTTP/1.1" 200 52
INFO 2026-06-10 09:43:44,839 basehttp "GET /api/v1/sales/sales/?start_date=2026-06-10&end_date=2026-06-10&page_size=100 HTTP/1.1" 200 52
INFO 2026-06-10 09:43:44,871 basehttp "GET /api/v1/financials/petty-cash/?start_date=2026-06-10&end_date=2026-06-10&page_size=100 HTTP/1.1" 200 263
INFO 2026-06-10 09:43:44,871 basehttp "GET /api/v1/financials/petty-cash/?start_date=2026-06-10&end_date=2026-06-10&page_size=100 HTTP/1.1" 200 263
INFO 2026-06-10 09:43:45,060 basehttp "GET /api/v1/hr/payroll/ HTTP/1.1" 200 4108
INFO 2026-06-10 09:43:45,060 basehttp "GET /api/v1/hr/payroll/ HTTP/1.1" 200 4108
INFO 2026-06-10 09:43:45,071 basehttp "GET /api/v1/financials/invoices/?status=paid&start_date=2026-06-10&end_date=2026-06-10&page_size=100 HTTP/1.1" 200 4135
INFO 2026-06-10 09:43:45,071 basehttp "GET /api/v1/financials/invoices/?status=paid&start_date=2026-06-10&end_date=2026-06-10&page_size=100 HTTP/1.1" 200 4135
INFO 2026-06-10 09:43:45,120 basehttp "GET /api/v1/financials/invoices/?status=paid&start_date=2026-06-10&end_date=2026-06-10&page_size=100 HTTP/1.1" 200 4135
INFO 2026-06-10 09:43:45,120 basehttp "GET /api/v1/financials/invoices/?status=paid&start_date=2026-06-10&end_date=2026-06-10&page_size=100 HTTP/1.1" 200 4135
INFO 2026-06-10 09:43:56,709 basehttp "GET /api/v1/bi/dashboard/available-months/ HTTP/1.1" 200 177
INFO 2026-06-10 09:43:56,709 basehttp "GET /api/v1/bi/dashboard/available-months/ HTTP/1.1" 200 177
INFO 2026-06-10 09:43:56,778 basehttp "GET /api/v1/bi/financial/profit-loss/?days=31 HTTP/1.1" 200 94
INFO 2026-06-10 09:43:56,778 basehttp "GET /api/v1/bi/financial/profit-loss/?days=31 HTTP/1.1" 200 94
INFO 2026-06-10 09:43:56,809 basehttp "GET /api/v1/bi/financial/profit-loss/ HTTP/1.1" 200 94
INFO 2026-06-10 09:43:56,814 basehttp "GET /api/v1/bi/dashboard/available-months/ HTTP/1.1" 200 177
INFO 2026-06-10 09:43:56,809 basehttp "GET /api/v1/bi/financial/profit-loss/ HTTP/1.1" 200 94
INFO 2026-06-10 09:43:56,814 basehttp "GET /api/v1/bi/dashboard/available-months/ HTTP/1.1" 200 177
INFO 2026-06-10 09:43:56,850 basehttp "GET /api/v1/bi/financial/profit-loss/?days=30 HTTP/1.1" 200 94
INFO 2026-06-10 09:43:56,850 basehttp "GET /api/v1/bi/financial/profit-loss/?days=30 HTTP/1.1" 200 94
INFO 2026-06-10 09:43:56,951 basehttp "GET /api/v1/bi/executive/ HTTP/1.1" 200 2637
INFO 2026-06-10 09:43:56,951 basehttp "GET /api/v1/bi/executive/ HTTP/1.1" 200 2637
INFO 2026-06-10 09:58:06,391 basehttp "GET /api/v1/bi/dashboard/available-months/ HTTP/1.1" 200 177
INFO 2026-06-10 09:58:06,391 basehttp "GET /api/v1/bi/dashboard/available-months/ HTTP/1.1" 200 177
INFO 2026-06-10 09:58:06,519 basehttp "GET /api/v1/bi/dashboard/available-months/ HTTP/1.1" 200 177
INFO 2026-06-10 09:58:06,519 basehttp "GET /api/v1/bi/dashboard/available-months/ HTTP/1.1" 200 177
INFO 2026-06-10 09:58:06,592 basehttp "GET /api/v1/bi/financial/profit-loss/ HTTP/1.1" 200 94
INFO 2026-06-10 09:58:06,592 basehttp "GET /api/v1/bi/financial/profit-loss/ HTTP/1.1" 200 94
INFO 2026-06-10 09:58:06,643 basehttp "GET /api/v1/bi/financial/summary/ HTTP/1.1" 200 361
INFO 2026-06-10 09:58:06,643 basehttp "GET /api/v1/bi/financial/summary/ HTTP/1.1" 200 361
INFO 2026-06-10 09:58:07,218 basehttp "GET /api/v1/bi/executive/ HTTP/1.1" 200 2637
INFO 2026-06-10 09:58:07,218 basehttp "GET /api/v1/bi/executive/ HTTP/1.1" 200 2637
WARNING 2026-06-10 09:58:52,770 basehttp "GET /api/v1/bi/financial/profit-loss/ HTTP/1.1" 401 183
WARNING 2026-06-10 09:58:52,770 basehttp "GET /api/v1/bi/financial/profit-loss/ HTTP/1.1" 401 183
WARNING 2026-06-10 09:58:52,778 basehttp "GET /api/v1/bi/executive/ HTTP/1.1" 401 183
WARNING 2026-06-10 09:58:52,788 basehttp "GET /api/v1/bi/financial/summary/ HTTP/1.1" 401 183
WARNING 2026-06-10 09:58:52,788 basehttp "GET /api/v1/bi/financial/summary/ HTTP/1.1" 401 183
WARNING 2026-06-10 09:58:52,778 basehttp "GET /api/v1/bi/executive/ HTTP/1.1" 401 183
INFO 2026-06-10 09:58:52,825 basehttp "POST /api/v1/auth/refresh/ HTTP/1.1" 200 483
INFO 2026-06-10 09:58:52,825 basehttp "POST /api/v1/auth/refresh/ HTTP/1.1" 200 483
INFO 2026-06-10 09:58:52,919 basehttp "GET /api/v1/bi/financial/profit-loss/ HTTP/1.1" 200 94
INFO 2026-06-10 09:58:52,919 basehttp "GET /api/v1/bi/financial/profit-loss/ HTTP/1.1" 200 94
INFO 2026-06-10 09:58:52,984 basehttp "GET /api/v1/bi/financial/summary/ HTTP/1.1" 200 361
INFO 2026-06-10 09:58:52,984 basehttp "GET /api/v1/bi/financial/summary/ HTTP/1.1" 200 361
INFO 2026-06-10 09:58:53,069 basehttp "GET /api/v1/bi/executive/ HTTP/1.1" 200 2637
INFO 2026-06-10 09:58:53,069 basehttp "GET /api/v1/bi/executive/ HTTP/1.1" 200 2637
INFO 2026-06-10 10:01:58,619 basehttp "GET /api/v1/bi/financial/profit-loss/ HTTP/1.1" 200 94
INFO 2026-06-10 10:01:58,619 basehttp "GET /api/v1/bi/financial/profit-loss/ HTTP/1.1" 200 94
INFO 2026-06-10 10:01:58,660 basehttp "GET /api/v1/bi/financial/summary/ HTTP/1.1" 200 361
INFO 2026-06-10 10:01:58,660 basehttp "GET /api/v1/bi/financial/summary/ HTTP/1.1" 200 361
INFO 2026-06-10 10:01:58,741 basehttp "GET /api/v1/bi/executive/ HTTP/1.1" 200 2637
INFO 2026-06-10 10:01:58,741 basehttp "GET /api/v1/bi/executive/ HTTP/1.1" 200 2637
WARNING 2026-06-10 10:03:14,803 basehttp "GET /api/v1/financials/transactions/ HTTP/1.1" 401 183
WARNING 2026-06-10 10:03:14,803 basehttp "GET /api/v1/financials/transactions/ HTTP/1.1" 401 183
INFO 2026-06-10 10:03:32,456 basehttp "POST /api/v1/auth/login/ HTTP/1.1" 200 808
INFO 2026-06-10 10:03:32,456 basehttp "POST /api/v1/auth/login/ HTTP/1.1" 200 808
INFO 2026-06-10 10:03:59,014 basehttp "GET /api/v1/financials/transactions/ HTTP/1.1" 200 4531
INFO 2026-06-10 10:03:59,014 basehttp "GET /api/v1/financials/transactions/ HTTP/1.1" 200 4531
INFO 2026-06-10 10:04:56,173 basehttp "GET /api/v1/bi/dashboard/available-months/ HTTP/1.1" 200 177
INFO 2026-06-10 10:04:56,173 basehttp "GET /api/v1/bi/dashboard/available-months/ HTTP/1.1" 200 177
INFO 2026-06-10 10:04:56,282 basehttp "GET /api/v1/bi/financial/profit-loss/ HTTP/1.1" 200 94
INFO 2026-06-10 10:04:56,282 basehttp "GET /api/v1/bi/financial/profit-loss/ HTTP/1.1" 200 94
INFO 2026-06-10 10:04:56,355 basehttp "GET /api/v1/bi/dashboard/available-months/ HTTP/1.1" 200 177
INFO 2026-06-10 10:04:56,355 basehttp "GET /api/v1/bi/dashboard/available-months/ HTTP/1.1" 200 177
INFO 2026-06-10 10:04:56,389 basehttp "GET /api/v1/bi/financial/summary/ HTTP/1.1" 200 361
INFO 2026-06-10 10:04:56,389 basehttp "GET /api/v1/bi/financial/summary/ HTTP/1.1" 200 361
INFO 2026-06-10 10:04:56,530 basehttp "GET /api/v1/bi/executive/ HTTP/1.1" 200 2637
INFO 2026-06-10 10:04:56,530 basehttp "GET /api/v1/bi/executive/ HTTP/1.1" 200 2637
INFO 2026-06-10 10:05:17,178 basehttp "GET /api/v1/bi/financial/profit-loss/ HTTP/1.1" 200 94
INFO 2026-06-10 10:05:17,178 basehttp "GET /api/v1/bi/financial/profit-loss/ HTTP/1.1" 200 94
INFO 2026-06-10 10:05:17,229 basehttp "GET /api/v1/bi/financial/summary/ HTTP/1.1" 200 361
INFO 2026-06-10 10:05:17,229 basehttp "GET /api/v1/bi/financial/summary/ HTTP/1.1" 200 361
INFO 2026-06-10 10:05:17,318 basehttp "GET /api/v1/bi/executive/ HTTP/1.1" 200 2637
INFO 2026-06-10 10:05:17,318 basehttp "GET /api/v1/bi/executive/ HTTP/1.1" 200 2637
INFO 2026-06-10 10:06:13,774 basehttp "GET /api/v1/bi/dashboard/available-months/ HTTP/1.1" 200 177
INFO 2026-06-10 10:06:13,774 basehttp "GET /api/v1/bi/dashboard/available-months/ HTTP/1.1" 200 177
INFO 2026-06-10 10:06:13,836 basehttp "GET /api/v1/bi/dashboard/available-months/ HTTP/1.1" 200 177
INFO 2026-06-10 10:06:13,836 basehttp "GET /api/v1/bi/dashboard/available-months/ HTTP/1.1" 200 177
INFO 2026-06-10 10:06:13,856 basehttp "GET /api/v1/bi/financial/profit-loss/ HTTP/1.1" 200 94
INFO 2026-06-10 10:06:13,856 basehttp "GET /api/v1/bi/financial/profit-loss/ HTTP/1.1" 200 94
INFO 2026-06-10 10:06:13,924 basehttp "GET /api/v1/bi/financial/summary/ HTTP/1.1" 200 361
INFO 2026-06-10 10:06:13,924 basehttp "GET /api/v1/bi/financial/summary/ HTTP/1.1" 200 361
INFO 2026-06-10 10:06:14,095 basehttp "GET /api/v1/bi/executive/ HTTP/1.1" 200 2637
INFO 2026-06-10 10:06:14,095 basehttp "GET /api/v1/bi/executive/ HTTP/1.1" 200 2637
INFO 2026-06-10 10:06:40,878 basehttp "GET /api/v1/financials/dashboard/ HTTP/1.1" 200 4970
INFO 2026-06-10 10:06:40,878 basehttp "GET /api/v1/financials/dashboard/ HTTP/1.1" 200 4970
INFO 2026-06-10 10:07:11,071 basehttp "GET /api/v1/financials/cash-flow/ HTTP/1.1" 200 1961
INFO 2026-06-10 10:07:11,071 basehttp "GET /api/v1/financials/cash-flow/ HTTP/1.1" 200 1961
INFO 2026-06-10 10:08:06,467 basehttp "GET /api/v1/financials/export/ HTTP/1.1" 200 3646
INFO 2026-06-10 10:08:06,467 basehttp "GET /api/v1/financials/export/ HTTP/1.1" 200 3646
INFO 2026-06-10 10:09:21,089 basehttp "OPTIONS /api/v1/financials/budgets/?year=2026&status=active&period=monthly HTTP/1.1" 200 0
INFO 2026-06-10 10:09:21,094 basehttp "OPTIONS /api/v1/financials/budgets/?year=2026&status=active&period=monthly HTTP/1.1" 200 0
INFO 2026-06-10 10:09:21,089 basehttp "OPTIONS /api/v1/financials/budgets/?year=2026&status=active&period=monthly HTTP/1.1" 200 0
INFO 2026-06-10 10:09:21,094 basehttp "OPTIONS /api/v1/financials/budgets/?year=2026&status=active&period=monthly HTTP/1.1" 200 0
INFO 2026-06-10 10:09:21,124 basehttp "GET /api/v1/financials/budgets/?year=2026&status=active&period=monthly HTTP/1.1" 200 52
INFO 2026-06-10 10:09:21,124 basehttp "GET /api/v1/financials/budgets/?year=2026&status=active&period=monthly HTTP/1.1" 200 52
INFO 2026-06-10 10:09:21,153 basehttp "OPTIONS /api/v1/financials/transactions/ HTTP/1.1" 200 0
INFO 2026-06-10 10:09:21,153 basehttp "OPTIONS /api/v1/financials/transactions/ HTTP/1.1" 200 0
INFO 2026-06-10 10:09:21,171 basehttp "OPTIONS /api/v1/sales/customers/ HTTP/1.1" 200 0
INFO 2026-06-10 10:09:21,171 basehttp "OPTIONS /api/v1/sales/customers/ HTTP/1.1" 200 0
INFO 2026-06-10 10:09:21,171 basehttp "OPTIONS /api/v1/financials/cash-flow/ HTTP/1.1" 200 0
INFO 2026-06-10 10:09:21,176 basehttp "OPTIONS /api/v1/financials/loans/ HTTP/1.1" 200 0
INFO 2026-06-10 10:09:21,174 basehttp "OPTIONS /api/v1/financials/petty-cash/ HTTP/1.1" 200 0
INFO 2026-06-10 10:09:21,171 basehttp "OPTIONS /api/v1/financials/cash-flow/ HTTP/1.1" 200 0
INFO 2026-06-10 10:09:21,176 basehttp "OPTIONS /api/v1/financials/loans/ HTTP/1.1" 200 0
INFO 2026-06-10 10:09:21,174 basehttp "OPTIONS /api/v1/financials/petty-cash/ HTTP/1.1" 200 0
INFO 2026-06-10 10:09:21,205 basehttp "OPTIONS /api/v1/financials/invoices/ HTTP/1.1" 200 0
INFO 2026-06-10 10:09:21,232 basehttp "OPTIONS /api/v1/sales/sales/?page_size=500 HTTP/1.1" 200 0
INFO 2026-06-10 10:09:21,205 basehttp "OPTIONS /api/v1/financials/invoices/ HTTP/1.1" 200 0
INFO 2026-06-10 10:09:21,235 basehttp "GET /api/v1/financials/budgets/?year=2026&status=active&period=monthly HTTP/1.1" 200 52
INFO 2026-06-10 10:09:21,232 basehttp "OPTIONS /api/v1/sales/sales/?page_size=500 HTTP/1.1" 200 0
INFO 2026-06-10 10:09:21,239 basehttp "GET /api/v1/bi/financial/profit-loss/ HTTP/1.1" 200 94
INFO 2026-06-10 10:09:21,235 basehttp "GET /api/v1/financials/budgets/?year=2026&status=active&period=monthly HTTP/1.1" 200 52
INFO 2026-06-10 10:09:21,239 basehttp "GET /api/v1/bi/financial/profit-loss/ HTTP/1.1" 200 94
INFO 2026-06-10 10:09:21,317 basehttp "GET /api/v1/financials/transactions/ HTTP/1.1" 200 4531
INFO 2026-06-10 10:09:21,317 basehttp "GET /api/v1/financials/transactions/ HTTP/1.1" 200 4531
INFO 2026-06-10 10:09:21,418 basehttp "GET /api/v1/financials/loans/ HTTP/1.1" 200 473
INFO 2026-06-10 10:09:21,427 basehttp "GET /api/v1/financials/cash-flow/ HTTP/1.1" 200 1961
INFO 2026-06-10 10:09:21,427 basehttp "GET /api/v1/financials/cash-flow/ HTTP/1.1" 200 1961
INFO 2026-06-10 10:09:21,434 basehttp "GET /api/v1/hr/payroll/ HTTP/1.1" 200 4108
INFO 2026-06-10 10:09:21,434 basehttp "GET /api/v1/hr/payroll/ HTTP/1.1" 200 4108
INFO 2026-06-10 10:09:21,436 basehttp "GET /api/v1/financials/petty-cash/ HTTP/1.1" 200 263
INFO 2026-06-10 10:09:21,418 basehttp "GET /api/v1/financials/loans/ HTTP/1.1" 200 473
INFO 2026-06-10 10:09:21,436 basehttp "GET /api/v1/financials/petty-cash/ HTTP/1.1" 200 263
INFO 2026-06-10 10:09:21,477 basehttp "GET /api/v1/sales/customers/ HTTP/1.1" 200 2376
INFO 2026-06-10 10:09:21,477 basehttp "GET /api/v1/sales/customers/ HTTP/1.1" 200 2376
INFO 2026-06-10 10:09:21,493 basehttp "GET /api/v1/bi/financial/profit-loss/ HTTP/1.1" 200 94
INFO 2026-06-10 10:09:21,493 basehttp "GET /api/v1/bi/financial/profit-loss/ HTTP/1.1" 200 94
INFO 2026-06-10 10:09:21,563 basehttp "GET /api/v1/financials/cash-flow/ HTTP/1.1" 200 1961
INFO 2026-06-10 10:09:21,563 basehttp "GET /api/v1/financials/cash-flow/ HTTP/1.1" 200 1961
INFO 2026-06-10 10:09:21,602 basehttp "GET /api/v1/sales/sales/?page_size=500 HTTP/1.1" 200 7835
INFO 2026-06-10 10:09:21,602 basehttp "GET /api/v1/sales/sales/?page_size=500 HTTP/1.1" 200 7835
INFO 2026-06-10 10:09:21,657 basehttp "GET /api/v1/financials/petty-cash/ HTTP/1.1" 200 263
INFO 2026-06-10 10:09:21,657 basehttp "GET /api/v1/financials/petty-cash/ HTTP/1.1" 200 263
INFO 2026-06-10 10:09:21,685 basehttp "GET /api/v1/sales/customers/ HTTP/1.1" 200 2376
INFO 2026-06-10 10:09:21,685 basehttp "GET /api/v1/sales/customers/ HTTP/1.1" 200 2376
INFO 2026-06-10 10:09:21,694 basehttp "GET /api/v1/financials/loans/ HTTP/1.1" 200 473
INFO 2026-06-10 10:09:21,694 basehttp "GET /api/v1/financials/loans/ HTTP/1.1" 200 473
INFO 2026-06-10 10:09:21,728 basehttp "GET /api/v1/financials/transactions/ HTTP/1.1" 200 4531
INFO 2026-06-10 10:09:21,728 basehttp "GET /api/v1/financials/transactions/ HTTP/1.1" 200 4531
INFO 2026-06-10 10:09:21,781 basehttp "GET /api/v1/financials/invoices/ HTTP/1.1" 200 4135
INFO 2026-06-10 10:09:21,781 basehttp "GET /api/v1/financials/invoices/ HTTP/1.1" 200 4135
INFO 2026-06-10 10:09:21,891 basehttp "GET /api/v1/sales/sales/?page_size=500 HTTP/1.1" 200 7835
INFO 2026-06-10 10:09:21,891 basehttp "GET /api/v1/sales/sales/?page_size=500 HTTP/1.1" 200 7835
INFO 2026-06-10 10:09:21,916 basehttp "GET /api/v1/financials/invoices/ HTTP/1.1" 200 4135
INFO 2026-06-10 10:09:21,916 basehttp "GET /api/v1/financials/invoices/ HTTP/1.1" 200 4135
INFO 2026-06-10 10:09:21,927 basehttp "GET /api/v1/hr/payroll/ HTTP/1.1" 200 4108
INFO 2026-06-10 10:09:21,927 basehttp "GET /api/v1/hr/payroll/ HTTP/1.1" 200 4108
INFO 2026-06-10 10:10:04,673 basehttp "OPTIONS /api/v1/financials/budgets/?year=2026&status=active&period=quarterly&quarter=2 HTTP/1.1" 200 0
INFO 2026-06-10 10:10:04,673 basehttp "OPTIONS /api/v1/financials/budgets/?year=2026&status=active&period=quarterly&quarter=2 HTTP/1.1" 200 0
INFO 2026-06-10 10:10:04,691 basehttp "GET /api/v1/financials/budgets/?year=2026&status=active&period=quarterly&quarter=2 HTTP/1.1" 200 52
INFO 2026-06-10 10:10:04,691 basehttp "GET /api/v1/financials/budgets/?year=2026&status=active&period=quarterly&quarter=2 HTTP/1.1" 200 52
INFO 2026-06-10 10:10:04,787 basehttp "GET /api/v1/bi/financial/profit-loss/ HTTP/1.1" 200 94
INFO 2026-06-10 10:10:04,801 basehttp "GET /api/v1/financials/loans/ HTTP/1.1" 200 473
INFO 2026-06-10 10:10:04,810 basehttp "GET /api/v1/financials/cash-flow/ HTTP/1.1" 200 1961
INFO 2026-06-10 10:10:04,787 basehttp "GET /api/v1/bi/financial/profit-loss/ HTTP/1.1" 200 94
INFO 2026-06-10 10:10:04,813 basehttp "GET /api/v1/financials/petty-cash/ HTTP/1.1" 200 263
INFO 2026-06-10 10:10:04,801 basehttp "GET /api/v1/financials/loans/ HTTP/1.1" 200 473
INFO 2026-06-10 10:10:04,810 basehttp "GET /api/v1/financials/cash-flow/ HTTP/1.1" 200 1961
INFO 2026-06-10 10:10:04,813 basehttp "GET /api/v1/financials/petty-cash/ HTTP/1.1" 200 263
INFO 2026-06-10 10:10:04,839 basehttp "GET /api/v1/financials/transactions/ HTTP/1.1" 200 4531
INFO 2026-06-10 10:10:04,856 basehttp "GET /api/v1/sales/customers/ HTTP/1.1" 200 2376
INFO 2026-06-10 10:10:04,839 basehttp "GET /api/v1/financials/transactions/ HTTP/1.1" 200 4531
INFO 2026-06-10 10:10:04,856 basehttp "GET /api/v1/sales/customers/ HTTP/1.1" 200 2376
INFO 2026-06-10 10:10:04,943 basehttp "GET /api/v1/hr/payroll/ HTTP/1.1" 200 4108
INFO 2026-06-10 10:10:04,943 basehttp "GET /api/v1/hr/payroll/ HTTP/1.1" 200 4108
INFO 2026-06-10 10:10:04,969 basehttp "GET /api/v1/sales/sales/?page_size=500 HTTP/1.1" 200 7835
INFO 2026-06-10 10:10:04,969 basehttp "GET /api/v1/sales/sales/?page_size=500 HTTP/1.1" 200 7835
INFO 2026-06-10 10:10:04,973 basehttp "GET /api/v1/financials/invoices/ HTTP/1.1" 200 4135
INFO 2026-06-10 10:10:04,973 basehttp "GET /api/v1/financials/invoices/ HTTP/1.1" 200 4135
INFO 2026-06-10 10:10:22,734 basehttp "GET /api/v1/financials/petty-cash/?start_date=2026-06-10&end_date=2026-06-10&page_size=100 HTTP/1.1" 200 263
INFO 2026-06-10 10:10:22,734 basehttp "GET /api/v1/financials/petty-cash/?start_date=2026-06-10&end_date=2026-06-10&page_size=100 HTTP/1.1" 200 263
INFO 2026-06-10 10:10:22,761 basehttp "GET /api/v1/financials/transactions/?start_date=2026-06-10&end_date=2026-06-10&page_size=100 HTTP/1.1" 200 4587
INFO 2026-06-10 10:10:22,761 basehttp "GET /api/v1/financials/transactions/?start_date=2026-06-10&end_date=2026-06-10&page_size=100 HTTP/1.1" 200 4587
INFO 2026-06-10 10:10:22,853 basehttp "GET /api/v1/sales/sales/?start_date=2026-06-10&end_date=2026-06-10&page_size=100 HTTP/1.1" 200 52
INFO 2026-06-10 10:10:22,853 basehttp "GET /api/v1/sales/sales/?start_date=2026-06-10&end_date=2026-06-10&page_size=100 HTTP/1.1" 200 52
INFO 2026-06-10 10:10:22,879 basehttp "GET /api/v1/sales/sales/?start_date=2026-06-10&end_date=2026-06-10&page_size=100 HTTP/1.1" 200 52
INFO 2026-06-10 10:10:22,879 basehttp "GET /api/v1/sales/sales/?start_date=2026-06-10&end_date=2026-06-10&page_size=100 HTTP/1.1" 200 52
INFO 2026-06-10 10:10:22,921 basehttp "GET /api/v1/financials/petty-cash/?start_date=2026-06-10&end_date=2026-06-10&page_size=100 HTTP/1.1" 200 263
INFO 2026-06-10 10:10:22,921 basehttp "GET /api/v1/financials/petty-cash/?start_date=2026-06-10&end_date=2026-06-10&page_size=100 HTTP/1.1" 200 263
INFO 2026-06-10 10:10:22,930 basehttp "GET /api/v1/financials/transactions/?start_date=2026-06-10&end_date=2026-06-10&page_size=100 HTTP/1.1" 200 4587
INFO 2026-06-10 10:10:22,930 basehttp "GET /api/v1/financials/transactions/?start_date=2026-06-10&end_date=2026-06-10&page_size=100 HTTP/1.1" 200 4587
INFO 2026-06-10 10:10:22,950 basehttp "GET /api/v1/hr/payroll/ HTTP/1.1" 200 4108
INFO 2026-06-10 10:10:22,950 basehttp "GET /api/v1/hr/payroll/ HTTP/1.1" 200 4108
INFO 2026-06-10 10:10:23,063 basehttp "GET /api/v1/hr/payroll/ HTTP/1.1" 200 4108
INFO 2026-06-10 10:10:23,063 basehttp "GET /api/v1/hr/payroll/ HTTP/1.1" 200 4108
INFO 2026-06-10 10:10:23,066 basehttp "GET /api/v1/financials/invoices/?status=paid&start_date=2026-06-10&end_date=2026-06-10&page_size=100 HTTP/1.1" 200 4135
INFO 2026-06-10 10:10:23,066 basehttp "GET /api/v1/financials/invoices/?status=paid&start_date=2026-06-10&end_date=2026-06-10&page_size=100 HTTP/1.1" 200 4135
INFO 2026-06-10 10:10:23,167 basehttp "GET /api/v1/financials/invoices/?status=paid&start_date=2026-06-10&end_date=2026-06-10&page_size=100 HTTP/1.1" 200 4135
INFO 2026-06-10 10:10:23,167 basehttp "GET /api/v1/financials/invoices/?status=paid&start_date=2026-06-10&end_date=2026-06-10&page_size=100 HTTP/1.1" 200 4135
INFO 2026-06-10 10:10:33,556 basehttp "GET /api/v1/bi/dashboard/available-months/ HTTP/1.1" 200 177
INFO 2026-06-10 10:10:33,556 basehttp "GET /api/v1/bi/dashboard/available-months/ HTTP/1.1" 200 177
INFO 2026-06-10 10:10:33,574 basehttp "OPTIONS /api/v1/inventory/products/ HTTP/1.1" 200 0
INFO 2026-06-10 10:10:33,574 basehttp "OPTIONS /api/v1/inventory/products/ HTTP/1.1" 200 0
INFO 2026-06-10 10:10:33,599 basehttp "GET /api/v1/bi/dashboard/available-months/ HTTP/1.1" 200 177
INFO 2026-06-10 10:10:33,599 basehttp "GET /api/v1/bi/dashboard/available-months/ HTTP/1.1" 200 177
INFO 2026-06-10 10:10:33,646 basehttp "GET /api/v1/inventory/products/ HTTP/1.1" 200 2797
INFO 2026-06-10 10:10:33,646 basehttp "GET /api/v1/inventory/products/ HTTP/1.1" 200 2797
INFO 2026-06-10 10:10:33,670 basehttp "GET /api/v1/bi/sales/top-products/?limit=10 HTTP/1.1" 200 423
INFO 2026-06-10 10:10:33,670 basehttp "GET /api/v1/bi/sales/top-products/?limit=10 HTTP/1.1" 200 423
INFO 2026-06-10 10:10:33,679 basehttp "OPTIONS /api/v1/bi/inventory/slow-moving/ HTTP/1.1" 200 0
INFO 2026-06-10 10:10:33,679 basehttp "OPTIONS /api/v1/bi/inventory/slow-moving/ HTTP/1.1" 200 0
INFO 2026-06-10 10:10:33,701 basehttp "GET /api/v1/bi/inventory/slow-moving/ HTTP/1.1" 200 37
INFO 2026-06-10 10:10:33,701 basehttp "GET /api/v1/bi/inventory/slow-moving/ HTTP/1.1" 200 37
INFO 2026-06-10 10:10:33,711 basehttp "OPTIONS /api/v1/inventory/stock/movements/?start_date=2026-05-31&end_date=2026-06-29&page_size=100 HTTP/1.1" 200 0
INFO 2026-06-10 10:10:33,711 basehttp "OPTIONS /api/v1/inventory/stock/movements/?start_date=2026-05-31&end_date=2026-06-29&page_size=100 HTTP/1.1" 200 0
INFO 2026-06-10 10:10:33,776 basehttp "GET /api/v1/inventory/stock/movements/?start_date=2026-05-31&end_date=2026-06-29&page_size=100 HTTP/1.1" 200 4158
INFO 2026-06-10 10:10:33,776 basehttp "GET /api/v1/inventory/stock/movements/?start_date=2026-05-31&end_date=2026-06-29&page_size=100 HTTP/1.1" 200 4158
INFO 2026-06-10 10:10:57,367 basehttp "GET /api/v1/inventory/products/ HTTP/1.1" 200 2797
INFO 2026-06-10 10:10:57,367 basehttp "GET /api/v1/inventory/products/ HTTP/1.1" 200 2797
INFO 2026-06-10 10:10:57,395 basehttp "GET /api/v1/bi/sales/top-products/?limit=10 HTTP/1.1" 200 423
INFO 2026-06-10 10:10:57,395 basehttp "GET /api/v1/bi/sales/top-products/?limit=10 HTTP/1.1" 200 423
INFO 2026-06-10 10:10:57,419 basehttp "GET /api/v1/bi/inventory/slow-moving/ HTTP/1.1" 200 37
INFO 2026-06-10 10:10:57,419 basehttp "GET /api/v1/bi/inventory/slow-moving/ HTTP/1.1" 200 37
INFO 2026-06-10 10:10:57,428 basehttp "OPTIONS /api/v1/inventory/stock/movements/?start_date=2026-04-30&end_date=2026-05-30&page_size=100 HTTP/1.1" 200 0
INFO 2026-06-10 10:10:57,428 basehttp "OPTIONS /api/v1/inventory/stock/movements/?start_date=2026-04-30&end_date=2026-05-30&page_size=100 HTTP/1.1" 200 0
INFO 2026-06-10 10:10:57,488 basehttp "GET /api/v1/inventory/stock/movements/?start_date=2026-04-30&end_date=2026-05-30&page_size=100 HTTP/1.1" 200 4158
INFO 2026-06-10 10:10:57,488 basehttp "GET /api/v1/inventory/stock/movements/?start_date=2026-04-30&end_date=2026-05-30&page_size=100 HTTP/1.1" 200 4158
INFO 2026-06-10 10:11:21,104 basehttp "GET /api/v1/bi/dashboard/available-months/ HTTP/1.1" 200 177
INFO 2026-06-10 10:11:21,104 basehttp "GET /api/v1/bi/dashboard/available-months/ HTTP/1.1" 200 177
INFO 2026-06-10 10:11:21,137 basehttp "GET /api/v1/bi/dashboard/available-months/ HTTP/1.1" 200 177
INFO 2026-06-10 10:11:21,137 basehttp "GET /api/v1/bi/dashboard/available-months/ HTTP/1.1" 200 177
INFO 2026-06-10 10:11:21,155 basehttp "OPTIONS /api/v1/sales/sales/?start_date=2026-05-31&end_date=2026-06-29&page_size=500 HTTP/1.1" 200 0
INFO 2026-06-10 10:11:21,155 basehttp "OPTIONS /api/v1/sales/sales/?start_date=2026-05-31&end_date=2026-06-29&page_size=500 HTTP/1.1" 200 0
INFO 2026-06-10 10:11:21,208 basehttp "GET /api/v1/sales/sales/?start_date=2026-05-31&end_date=2026-06-29&page_size=500 HTTP/1.1" 200 6071
INFO 2026-06-10 10:11:21,208 basehttp "GET /api/v1/sales/sales/?start_date=2026-05-31&end_date=2026-06-29&page_size=500 HTTP/1.1" 200 6071
INFO 2026-06-10 10:11:21,236 basehttp "GET /api/v1/bi/sales/top-products/?limit=10 HTTP/1.1" 200 423
INFO 2026-06-10 10:11:21,236 basehttp "GET /api/v1/bi/sales/top-products/?limit=10 HTTP/1.1" 200 423
INFO 2026-06-10 10:11:21,251 basehttp "OPTIONS /api/v1/bi/trends/?days=180 HTTP/1.1" 200 0
INFO 2026-06-10 10:11:21,251 basehttp "OPTIONS /api/v1/bi/trends/?days=180 HTTP/1.1" 200 0
INFO 2026-06-10 10:11:21,770 basehttp "GET /api/v1/bi/trends/?days=180 HTTP/1.1" 200 6577
INFO 2026-06-10 10:11:21,770 basehttp "GET /api/v1/bi/trends/?days=180 HTTP/1.1" 200 6577
INFO 2026-06-10 10:15:09,202 autoreload Watching for file changes with StatReloader
INFO 2026-06-10 10:15:09,202 autoreload Watching for file changes with StatReloader
INFO 2026-06-10 10:15:15,733 basehttp "GET /admin/ HTTP/1.1" 200 21539
INFO 2026-06-10 10:15:15,733 basehttp "GET /admin/ HTTP/1.1" 200 21539
INFO 2026-06-10 10:15:15,837 basehttp "GET /static/admin/css/nav_sidebar.css HTTP/1.1" 304 0
INFO 2026-06-10 10:15:15,837 basehttp "GET /static/admin/css/nav_sidebar.css HTTP/1.1" 304 0
INFO 2026-06-10 10:15:15,844 basehttp "GET /static/admin/css/responsive.css HTTP/1.1" 304 0
INFO 2026-06-10 10:15:15,844 basehttp "GET /static/admin/css/responsive.css HTTP/1.1" 304 0
INFO 2026-06-10 10:15:15,851 basehttp "GET /static/admin/css/base.css HTTP/1.1" 304 0
INFO 2026-06-10 10:15:15,851 basehttp "GET /static/admin/css/base.css HTTP/1.1" 304 0
INFO 2026-06-10 10:15:15,859 basehttp "GET /static/admin/js/nav_sidebar.js HTTP/1.1" 304 0
INFO 2026-06-10 10:15:15,859 basehttp "GET /static/admin/js/nav_sidebar.js HTTP/1.1" 304 0
INFO 2026-06-10 10:15:15,871 basehttp "GET /static/admin/css/dashboard.css HTTP/1.1" 304 0
INFO 2026-06-10 10:15:15,871 basehttp "GET /static/admin/css/dashboard.css HTTP/1.1" 304 0
INFO 2026-06-10 10:15:15,876 basehttp "GET /static/admin/js/theme.js HTTP/1.1" 304 0
INFO 2026-06-10 10:15:15,876 basehttp "GET /static/admin/js/theme.js HTTP/1.1" 304 0
INFO 2026-06-10 10:15:15,895 basehttp "GET /static/admin/css/dark_mode.css HTTP/1.1" 304 0
INFO 2026-06-10 10:15:15,931 basehttp "GET /static/admin/img/icon-changelink.svg HTTP/1.1" 304 0
INFO 2026-06-10 10:15:15,932 basehttp "GET /static/admin/img/icon-viewlink.svg HTTP/1.1" 304 0
INFO 2026-06-10 10:15:15,939 basehttp "GET /static/admin/img/icon-deletelink.svg HTTP/1.1" 304 0
INFO 2026-06-10 10:15:15,895 basehttp "GET /static/admin/css/dark_mode.css HTTP/1.1" 304 0
INFO 2026-06-10 10:15:15,931 basehttp "GET /static/admin/img/icon-changelink.svg HTTP/1.1" 304 0
INFO 2026-06-10 10:15:15,932 basehttp "GET /static/admin/img/icon-viewlink.svg HTTP/1.1" 304 0
INFO 2026-06-10 10:15:15,939 basehttp "GET /static/admin/img/icon-deletelink.svg HTTP/1.1" 304 0
INFO 2026-06-10 10:15:15,983 basehttp "GET /static/admin/img/icon-addlink.svg HTTP/1.1" 304 0
INFO 2026-06-10 10:15:15,983 basehttp "GET /static/admin/img/icon-addlink.svg HTTP/1.1" 304 0
WARNING 2026-06-10 10:15:16,342 basehttp "GET /favicon.ico HTTP/1.1" 404 3304
WARNING 2026-06-10 10:15:16,342 basehttp "GET /favicon.ico HTTP/1.1" 404 3304
INFO 2026-06-10 10:15:31,843 basehttp "GET /admin/core/business/ HTTP/1.1" 200 19910
INFO 2026-06-10 10:15:31,843 basehttp "GET /admin/core/business/ HTTP/1.1" 200 19910
INFO 2026-06-10 10:15:31,919 basehttp "GET /static/admin/css/changelists.css HTTP/1.1" 304 0
INFO 2026-06-10 10:15:32,005 basehttp "GET /static/admin/js/admin/RelatedObjectLookups.js HTTP/1.1" 304 0
INFO 2026-06-10 10:15:32,007 basehttp "GET /static/admin/js/core.js HTTP/1.1" 304 0
INFO 2026-06-10 10:15:32,011 basehttp "GET /static/admin/js/jquery.init.js HTTP/1.1" 304 0
INFO 2026-06-10 10:15:32,018 basehttp "GET /static/admin/js/vendor/jquery/jquery.js HTTP/1.1" 304 0
INFO 2026-06-10 10:15:32,018 basehttp "GET /static/admin/js/vendor/jquery/jquery.js HTTP/1.1" 304 0
INFO 2026-06-10 10:15:32,005 basehttp "GET /static/admin/js/admin/RelatedObjectLookups.js HTTP/1.1" 304 0
INFO 2026-06-10 10:15:32,007 basehttp "GET /static/admin/js/core.js HTTP/1.1" 304 0
INFO 2026-06-10 10:15:31,919 basehttp "GET /static/admin/css/changelists.css HTTP/1.1" 304 0
INFO 2026-06-10 10:15:32,011 basehttp "GET /static/admin/js/jquery.init.js HTTP/1.1" 304 0
INFO 2026-06-10 10:15:32,074 basehttp "GET /static/admin/js/actions.js HTTP/1.1" 304 0
INFO 2026-06-10 10:15:32,074 basehttp "GET /static/admin/js/actions.js HTTP/1.1" 304 0
INFO 2026-06-10 10:15:32,068 basehttp "GET /static/admin/js/prepopulate.js HTTP/1.1" 304 0
INFO 2026-06-10 10:15:32,068 basehttp "GET /static/admin/js/prepopulate.js HTTP/1.1" 304 0
INFO 2026-06-10 10:15:32,149 basehttp "GET /static/admin/img/search.svg HTTP/1.1" 304 0
INFO 2026-06-10 10:15:32,149 basehttp "GET /static/admin/img/search.svg HTTP/1.1" 304 0
INFO 2026-06-10 10:15:32,058 basehttp "GET /admin/jsi18n/ HTTP/1.1" 200 3343
INFO 2026-06-10 10:15:32,058 basehttp "GET /admin/jsi18n/ HTTP/1.1" 200 3343
INFO 2026-06-10 10:15:32,056 basehttp "GET /static/admin/js/vendor/xregexp/xregexp.js HTTP/1.1" 304 0
INFO 2026-06-10 10:15:32,056 basehttp "GET /static/admin/js/vendor/xregexp/xregexp.js HTTP/1.1" 304 0
INFO 2026-06-10 10:15:32,084 basehttp "GET /static/admin/js/urlify.js HTTP/1.1" 304 0
INFO 2026-06-10 10:15:32,084 basehttp "GET /static/admin/js/urlify.js HTTP/1.1" 304 0
INFO 2026-06-10 10:15:32,170 basehttp "GET /static/admin/js/filters.js HTTP/1.1" 304 0
INFO 2026-06-10 10:15:32,170 basehttp "GET /static/admin/js/filters.js HTTP/1.1" 304 0
INFO 2026-06-10 10:15:32,252 basehttp "GET /static/admin/img/tooltag-add.svg HTTP/1.1" 304 0
INFO 2026-06-10 10:15:32,252 basehttp "GET /static/admin/img/tooltag-add.svg HTTP/1.1" 304 0
INFO 2026-06-10 10:19:07,109 autoreload Watching for file changes with StatReloader
INFO 2026-06-10 10:19:07,109 autoreload Watching for file changes with StatReloader
INFO 2026-06-10 10:20:38,762 basehttp "POST /api/v1/auth/refresh/ HTTP/1.1" 200 483
INFO 2026-06-10 10:20:38,762 basehttp "POST /api/v1/auth/refresh/ HTTP/1.1" 200 483
INFO 2026-06-10 10:20:38,763 basehttp "POST /api/v1/auth/refresh/ HTTP/1.1" 200 483
INFO 2026-06-10 10:20:38,763 basehttp "POST /api/v1/auth/refresh/ HTTP/1.1" 200 483
INFO 2026-06-10 10:20:38,842 basehttp "GET /api/v1/auth/profile/ HTTP/1.1" 200 173
INFO 2026-06-10 10:20:38,842 basehttp "GET /api/v1/auth/profile/ HTTP/1.1" 200 173
INFO 2026-06-10 10:20:38,892 basehttp "GET /api/v1/auth/profile/ HTTP/1.1" 200 173
INFO 2026-06-10 10:20:38,892 basehttp "GET /api/v1/auth/profile/ HTTP/1.1" 200 173
INFO 2026-06-10 10:21:05,730 basehttp "GET /admin/ HTTP/1.1" 302 0
INFO 2026-06-10 10:21:05,730 basehttp "GET /admin/ HTTP/1.1" 302 0
INFO 2026-06-10 10:21:05,790 basehttp "GET /admin/login/?next=/admin/ HTTP/1.1" 200 4187
INFO 2026-06-10 10:21:05,790 basehttp "GET /admin/login/?next=/admin/ HTTP/1.1" 200 4187
INFO 2026-06-10 10:21:05,905 basehttp "GET /static/admin/css/login.css HTTP/1.1" 304 0
INFO 2026-06-10 10:21:05,905 basehttp "GET /static/admin/css/login.css HTTP/1.1" 304 0
INFO 2026-06-10 10:21:17,608 basehttp "POST /admin/login/?next=/admin/ HTTP/1.1" 302 0
INFO 2026-06-10 10:21:17,608 basehttp "POST /admin/login/?next=/admin/ HTTP/1.1" 302 0
INFO 2026-06-10 10:21:17,682 basehttp "GET /admin/ HTTP/1.1" 200 18680
INFO 2026-06-10 10:21:17,682 basehttp "GET /admin/ HTTP/1.1" 200 18680
INFO 2026-06-10 10:21:20,841 basehttp "GET /admin/core/business/ HTTP/1.1" 200 18001
INFO 2026-06-10 10:21:20,841 basehttp "GET /admin/core/business/ HTTP/1.1" 200 18001
INFO 2026-06-10 10:21:20,952 basehttp "GET /admin/jsi18n/ HTTP/1.1" 200 3343
INFO 2026-06-10 10:21:20,952 basehttp "GET /admin/jsi18n/ HTTP/1.1" 200 3343
INFO 2026-06-10 10:21:24,676 basehttp "GET /admin/core/business/add/ HTTP/1.1" 200 22697
INFO 2026-06-10 10:21:24,676 basehttp "GET /admin/core/business/add/ HTTP/1.1" 200 22697
INFO 2026-06-10 10:21:24,718 basehttp "GET /static/admin/css/forms.css HTTP/1.1" 304 0
INFO 2026-06-10 10:21:24,718 basehttp "GET /static/admin/css/forms.css HTTP/1.1" 304 0
INFO 2026-06-10 10:21:24,733 basehttp "GET /static/admin/css/widgets.css HTTP/1.1" 304 0
INFO 2026-06-10 10:21:24,733 basehttp "GET /static/admin/css/widgets.css HTTP/1.1" 304 0
INFO 2026-06-10 10:21:24,750 basehttp "GET /admin/jsi18n/ HTTP/1.1" 200 3343
INFO 2026-06-10 10:21:24,750 basehttp "GET /admin/jsi18n/ HTTP/1.1" 200 3343
INFO 2026-06-10 10:21:24,758 basehttp "GET /static/admin/js/collapse.js HTTP/1.1" 304 0
INFO 2026-06-10 10:21:24,758 basehttp "GET /static/admin/js/collapse.js HTTP/1.1" 304 0
INFO 2026-06-10 10:21:24,810 basehttp "GET /static/admin/js/change_form.js HTTP/1.1" 304 0
INFO 2026-06-10 10:21:24,810 basehttp "GET /static/admin/js/change_form.js HTTP/1.1" 304 0
INFO 2026-06-10 10:21:24,777 basehttp "GET /static/admin/js/prepopulate_init.js HTTP/1.1" 304 0
INFO 2026-06-10 10:21:24,777 basehttp "GET /static/admin/js/prepopulate_init.js HTTP/1.1" 304 0
INFO 2026-06-10 10:21:38,010 basehttp "POST /admin/core/business/add/ HTTP/1.1" 200 23060
INFO 2026-06-10 10:21:38,010 basehttp "POST /admin/core/business/add/ HTTP/1.1" 200 23060
INFO 2026-06-10 10:21:38,058 basehttp "GET /admin/jsi18n/ HTTP/1.1" 200 3343
INFO 2026-06-10 10:21:38,058 basehttp "GET /admin/jsi18n/ HTTP/1.1" 200 3343
INFO 2026-06-10 10:22:11,226 basehttp "POST /admin/core/business/add/ HTTP/1.1" 302 0
INFO 2026-06-10 10:22:11,226 basehttp "POST /admin/core/business/add/ HTTP/1.1" 302 0
INFO 2026-06-10 10:22:11,312 basehttp "GET /admin/core/business/ HTTP/1.1" 200 20127
INFO 2026-06-10 10:22:11,312 basehttp "GET /admin/core/business/ HTTP/1.1" 200 20127
INFO 2026-06-10 10:22:11,366 basehttp "GET /admin/jsi18n/ HTTP/1.1" 200 3343
INFO 2026-06-10 10:22:11,366 basehttp "GET /admin/jsi18n/ HTTP/1.1" 200 3343
INFO 2026-06-10 10:22:11,408 basehttp "GET /static/admin/img/icon-yes.svg HTTP/1.1" 304 0
INFO 2026-06-10 10:22:11,408 basehttp "GET /static/admin/img/icon-yes.svg HTTP/1.1" 304 0
INFO 2026-06-10 10:22:33,196 basehttp "POST /api/v1/auth/login/ HTTP/1.1" 200 718
INFO 2026-06-10 10:22:33,196 basehttp "POST /api/v1/auth/login/ HTTP/1.1" 200 718
WARNING 2026-06-10 10:22:34,424 basehttp "GET /api/v1/financials/transactions/?start_date=2026-06-10&end_date=2026-06-10&page_size=100 HTTP/1.1" 403 63
WARNING 2026-06-10 10:22:34,425 basehttp "GET /api/v1/sales/sales/?start_date=2026-06-10&end_date=2026-06-10&page_size=100 HTTP/1.1" 403 63
WARNING 2026-06-10 10:22:34,424 basehttp "GET /api/v1/financials/transactions/?start_date=2026-06-10&end_date=2026-06-10&page_size=100 HTTP/1.1" 403 63
WARNING 2026-06-10 10:22:34,426 basehttp "GET /api/v1/financials/petty-cash/?start_date=2026-06-10&end_date=2026-06-10&page_size=100 HTTP/1.1" 403 63
WARNING 2026-06-10 10:22:34,426 basehttp "GET /api/v1/financials/petty-cash/?start_date=2026-06-10&end_date=2026-06-10&page_size=100 HTTP/1.1" 403 63
WARNING 2026-06-10 10:22:34,425 basehttp "GET /api/v1/sales/sales/?start_date=2026-06-10&end_date=2026-06-10&page_size=100 HTTP/1.1" 403 63
WARNING 2026-06-10 10:22:34,436 basehttp "GET /api/v1/hr/payroll/ HTTP/1.1" 403 63
WARNING 2026-06-10 10:22:34,436 basehttp "GET /api/v1/hr/payroll/ HTTP/1.1" 403 63
WARNING 2026-06-10 10:22:34,449 basehttp "GET /api/v1/sales/sales/?start_date=2026-06-10&end_date=2026-06-10&page_size=100 HTTP/1.1" 403 63
WARNING 2026-06-10 10:22:34,449 basehttp "GET /api/v1/sales/sales/?start_date=2026-06-10&end_date=2026-06-10&page_size=100 HTTP/1.1" 403 63
WARNING 2026-06-10 10:22:34,453 basehttp "GET /api/v1/financials/transactions/?start_date=2026-06-10&end_date=2026-06-10&page_size=100 HTTP/1.1" 403 63
WARNING 2026-06-10 10:22:34,453 basehttp "GET /api/v1/financials/transactions/?start_date=2026-06-10&end_date=2026-06-10&page_size=100 HTTP/1.1" 403 63
WARNING 2026-06-10 10:22:34,659 basehttp "GET /api/v1/financials/petty-cash/?start_date=2026-06-10&end_date=2026-06-10&page_size=100 HTTP/1.1" 403 63
WARNING 2026-06-10 10:22:34,659 basehttp "GET /api/v1/financials/petty-cash/?start_date=2026-06-10&end_date=2026-06-10&page_size=100 HTTP/1.1" 403 63
WARNING 2026-06-10 10:22:34,662 basehttp "GET /api/v1/financials/invoices/?status=paid&start_date=2026-06-10&end_date=2026-06-10&page_size=100 HTTP/1.1" 403 63
WARNING 2026-06-10 10:22:34,662 basehttp "GET /api/v1/financials/invoices/?status=paid&start_date=2026-06-10&end_date=2026-06-10&page_size=100 HTTP/1.1" 403 63
WARNING 2026-06-10 10:22:34,687 basehttp "GET /api/v1/hr/payroll/ HTTP/1.1" 403 63
WARNING 2026-06-10 10:22:34,687 basehttp "GET /api/v1/hr/payroll/ HTTP/1.1" 403 63
WARNING 2026-06-10 10:22:34,825 basehttp "GET /api/v1/financials/invoices/?status=paid&start_date=2026-06-10&end_date=2026-06-10&page_size=100 HTTP/1.1" 403 63
WARNING 2026-06-10 10:22:34,825 basehttp "GET /api/v1/financials/invoices/?status=paid&start_date=2026-06-10&end_date=2026-06-10&page_size=100 HTTP/1.1" 403 63
INFO 2026-06-10 10:22:56,095 basehttp "GET /admin/core/user/ HTTP/1.1" 200 20494
INFO 2026-06-10 10:22:56,095 basehttp "GET /admin/core/user/ HTTP/1.1" 200 20494
INFO 2026-06-10 10:22:56,147 basehttp "GET /admin/jsi18n/ HTTP/1.1" 200 3343
INFO 2026-06-10 10:22:56,147 basehttp "GET /admin/jsi18n/ HTTP/1.1" 200 3343
INFO 2026-06-10 10:22:56,182 basehttp "GET /static/admin/img/sorting-icons.svg HTTP/1.1" 304 0
INFO 2026-06-10 10:22:56,182 basehttp "GET /static/admin/img/sorting-icons.svg HTTP/1.1" 304 0
INFO 2026-06-10 10:23:00,030 basehttp "GET /admin/core/user/1/change/ HTTP/1.1" 200 43959
INFO 2026-06-10 10:23:00,030 basehttp "GET /admin/core/user/1/change/ HTTP/1.1" 200 43959
INFO 2026-06-10 10:23:00,083 basehttp "GET /static/admin/js/SelectFilter2.js HTTP/1.1" 304 0
INFO 2026-06-10 10:23:00,083 basehttp "GET /static/admin/js/SelectFilter2.js HTTP/1.1" 304 0
INFO 2026-06-10 10:23:00,094 basehttp "GET /static/admin/js/SelectBox.js HTTP/1.1" 304 0
INFO 2026-06-10 10:23:00,094 basehttp "GET /static/admin/js/SelectBox.js HTTP/1.1" 304 0
INFO 2026-06-10 10:23:00,110 basehttp "GET /admin/jsi18n/ HTTP/1.1" 200 3343
INFO 2026-06-10 10:23:00,110 basehttp "GET /admin/jsi18n/ HTTP/1.1" 200 3343
INFO 2026-06-10 10:23:00,249 basehttp "GET /static/admin/img/selector-icons.svg HTTP/1.1" 304 0
INFO 2026-06-10 10:23:00,252 basehttp "GET /static/admin/img/icon-unknown-alt.svg HTTP/1.1" 304 0
INFO 2026-06-10 10:23:00,249 basehttp "GET /static/admin/img/selector-icons.svg HTTP/1.1" 304 0
INFO 2026-06-10 10:23:00,265 basehttp "GET /static/admin/img/icon-unknown.svg HTTP/1.1" 304 0
INFO 2026-06-10 10:23:00,252 basehttp "GET /static/admin/img/icon-unknown-alt.svg HTTP/1.1" 304 0
INFO 2026-06-10 10:23:00,265 basehttp "GET /static/admin/img/icon-unknown.svg HTTP/1.1" 304 0
INFO 2026-06-10 10:23:08,790 basehttp "GET /admin/core/role/ HTTP/1.1" 200 16693
INFO 2026-06-10 10:23:08,790 basehttp "GET /admin/core/role/ HTTP/1.1" 200 16693
INFO 2026-06-10 10:23:08,853 basehttp "GET /admin/jsi18n/ HTTP/1.1" 200 3343
INFO 2026-06-10 10:23:08,853 basehttp "GET /admin/jsi18n/ HTTP/1.1" 200 3343
INFO 2026-06-10 10:23:10,642 basehttp "GET /admin/core/role/add/ HTTP/1.1" 200 18322
INFO 2026-06-10 10:23:10,642 basehttp "GET /admin/core/role/add/ HTTP/1.1" 200 18322
INFO 2026-06-10 10:23:10,698 basehttp "GET /admin/jsi18n/ HTTP/1.1" 200 3343
INFO 2026-06-10 10:23:10,698 basehttp "GET /admin/jsi18n/ HTTP/1.1" 200 3343
INFO 2026-06-10 10:23:15,341 basehttp "POST /admin/core/role/add/ HTTP/1.1" 302 0
INFO 2026-06-10 10:23:15,341 basehttp "POST /admin/core/role/add/ HTTP/1.1" 302 0
INFO 2026-06-10 10:23:15,388 basehttp "GET /admin/core/role/ HTTP/1.1" 200 18449
INFO 2026-06-10 10:23:15,388 basehttp "GET /admin/core/role/ HTTP/1.1" 200 18449
INFO 2026-06-10 10:23:15,462 basehttp "GET /admin/jsi18n/ HTTP/1.1" 200 3343
INFO 2026-06-10 10:23:15,462 basehttp "GET /admin/jsi18n/ HTTP/1.1" 200 3343
INFO 2026-06-10 10:23:19,579 basehttp "GET /admin/core/user/ HTTP/1.1" 200 20777
INFO 2026-06-10 10:23:19,579 basehttp "GET /admin/core/user/ HTTP/1.1" 200 20777
INFO 2026-06-10 10:23:19,640 basehttp "GET /admin/jsi18n/ HTTP/1.1" 200 3343
INFO 2026-06-10 10:23:19,640 basehttp "GET /admin/jsi18n/ HTTP/1.1" 200 3343
INFO 2026-06-10 10:23:21,198 basehttp "GET /admin/core/user/1/change/ HTTP/1.1" 200 43995
INFO 2026-06-10 10:23:21,198 basehttp "GET /admin/core/user/1/change/ HTTP/1.1" 200 43995
INFO 2026-06-10 10:23:21,260 basehttp "GET /admin/jsi18n/ HTTP/1.1" 200 3343
INFO 2026-06-10 10:23:21,260 basehttp "GET /admin/jsi18n/ HTTP/1.1" 200 3343
INFO 2026-06-10 10:23:37,230 basehttp "POST /admin/core/user/1/change/ HTTP/1.1" 302 0
INFO 2026-06-10 10:23:37,230 basehttp "POST /admin/core/user/1/change/ HTTP/1.1" 302 0
INFO 2026-06-10 10:23:37,286 basehttp "GET /admin/core/user/ HTTP/1.1" 200 21077
INFO 2026-06-10 10:23:37,286 basehttp "GET /admin/core/user/ HTTP/1.1" 200 21077
INFO 2026-06-10 10:23:37,352 basehttp "GET /admin/jsi18n/ HTTP/1.1" 200 3343
INFO 2026-06-10 10:23:37,352 basehttp "GET /admin/jsi18n/ HTTP/1.1" 200 3343
INFO 2026-06-10 10:23:44,790 basehttp "GET /api/v1/financials/transactions/?start_date=2026-06-10&end_date=2026-06-10&page_size=100 HTTP/1.1" 200 52
INFO 2026-06-10 10:23:44,790 basehttp "GET /api/v1/financials/transactions/?start_date=2026-06-10&end_date=2026-06-10&page_size=100 HTTP/1.1" 200 52
INFO 2026-06-10 10:23:44,844 basehttp "GET /api/v1/sales/sales/?start_date=2026-06-10&end_date=2026-06-10&page_size=100 HTTP/1.1" 200 52
INFO 2026-06-10 10:23:44,846 basehttp "GET /api/v1/hr/payroll/ HTTP/1.1" 200 52
INFO 2026-06-10 10:23:44,846 basehttp "GET /api/v1/hr/payroll/ HTTP/1.1" 200 52
INFO 2026-06-10 10:23:44,844 basehttp "GET /api/v1/sales/sales/?start_date=2026-06-10&end_date=2026-06-10&page_size=100 HTTP/1.1" 200 52
INFO 2026-06-10 10:23:44,851 basehttp "GET /api/v1/financials/petty-cash/?start_date=2026-06-10&end_date=2026-06-10&page_size=100 HTTP/1.1" 200 52
INFO 2026-06-10 10:23:44,851 basehttp "GET /api/v1/financials/petty-cash/?start_date=2026-06-10&end_date=2026-06-10&page_size=100 HTTP/1.1" 200 52
INFO 2026-06-10 10:23:44,912 basehttp "GET /api/v1/financials/transactions/?start_date=2026-06-10&end_date=2026-06-10&page_size=100 HTTP/1.1" 200 52
INFO 2026-06-10 10:23:44,912 basehttp "GET /api/v1/financials/transactions/?start_date=2026-06-10&end_date=2026-06-10&page_size=100 HTTP/1.1" 200 52
INFO 2026-06-10 10:23:44,952 basehttp "GET /api/v1/sales/sales/?start_date=2026-06-10&end_date=2026-06-10&page_size=100 HTTP/1.1" 200 52
INFO 2026-06-10 10:23:44,957 basehttp "GET /api/v1/financials/invoices/?status=paid&start_date=2026-06-10&end_date=2026-06-10&page_size=100 HTTP/1.1" 200 52
INFO 2026-06-10 10:23:44,957 basehttp "GET /api/v1/financials/invoices/?status=paid&start_date=2026-06-10&end_date=2026-06-10&page_size=100 HTTP/1.1" 200 52
INFO 2026-06-10 10:23:45,020 basehttp "GET /api/v1/hr/payroll/ HTTP/1.1" 200 52
INFO 2026-06-10 10:23:44,952 basehttp "GET /api/v1/sales/sales/?start_date=2026-06-10&end_date=2026-06-10&page_size=100 HTTP/1.1" 200 52
INFO 2026-06-10 10:23:45,020 basehttp "GET /api/v1/hr/payroll/ HTTP/1.1" 200 52
INFO 2026-06-10 10:23:45,054 basehttp "GET /api/v1/financials/petty-cash/?start_date=2026-06-10&end_date=2026-06-10&page_size=100 HTTP/1.1" 200 52
INFO 2026-06-10 10:23:45,054 basehttp "GET /api/v1/financials/petty-cash/?start_date=2026-06-10&end_date=2026-06-10&page_size=100 HTTP/1.1" 200 52
INFO 2026-06-10 10:23:45,081 basehttp "GET /api/v1/financials/invoices/?status=paid&start_date=2026-06-10&end_date=2026-06-10&page_size=100 HTTP/1.1" 200 52
INFO 2026-06-10 10:23:45,081 basehttp "GET /api/v1/financials/invoices/?status=paid&start_date=2026-06-10&end_date=2026-06-10&page_size=100 HTTP/1.1" 200 52
INFO 2026-06-10 10:24:03,087 basehttp "POST /api/v1/auth/login/ HTTP/1.1" 200 788
INFO 2026-06-10 10:24:03,087 basehttp "POST /api/v1/auth/login/ HTTP/1.1" 200 788
INFO 2026-06-10 10:24:03,744 basehttp "GET /api/v1/financials/transactions/?start_date=2026-06-10&end_date=2026-06-10&page_size=100 HTTP/1.1" 200 52
INFO 2026-06-10 10:24:03,744 basehttp "GET /api/v1/financials/transactions/?start_date=2026-06-10&end_date=2026-06-10&page_size=100 HTTP/1.1" 200 52
INFO 2026-06-10 10:24:03,750 basehttp "GET /api/v1/hr/payroll/ HTTP/1.1" 200 52
INFO 2026-06-10 10:24:03,750 basehttp "GET /api/v1/hr/payroll/ HTTP/1.1" 200 52
INFO 2026-06-10 10:24:03,754 basehttp "GET /api/v1/financials/petty-cash/?start_date=2026-06-10&end_date=2026-06-10&page_size=100 HTTP/1.1" 200 52
INFO 2026-06-10 10:24:03,754 basehttp "GET /api/v1/financials/petty-cash/?start_date=2026-06-10&end_date=2026-06-10&page_size=100 HTTP/1.1" 200 52
INFO 2026-06-10 10:24:03,787 basehttp "GET /api/v1/sales/sales/?start_date=2026-06-10&end_date=2026-06-10&page_size=100 HTTP/1.1" 200 52
INFO 2026-06-10 10:24:03,787 basehttp "GET /api/v1/sales/sales/?start_date=2026-06-10&end_date=2026-06-10&page_size=100 HTTP/1.1" 200 52
INFO 2026-06-10 10:24:03,822 basehttp "GET /api/v1/hr/payroll/ HTTP/1.1" 200 52
INFO 2026-06-10 10:24:03,822 basehttp "GET /api/v1/hr/payroll/ HTTP/1.1" 200 52
INFO 2026-06-10 10:24:03,844 basehttp "GET /api/v1/financials/transactions/?start_date=2026-06-10&end_date=2026-06-10&page_size=100 HTTP/1.1" 200 52
INFO 2026-06-10 10:24:03,844 basehttp "GET /api/v1/financials/transactions/?start_date=2026-06-10&end_date=2026-06-10&page_size=100 HTTP/1.1" 200 52
INFO 2026-06-10 10:24:03,869 basehttp "GET /api/v1/financials/invoices/?status=paid&start_date=2026-06-10&end_date=2026-06-10&page_size=100 HTTP/1.1" 200 52
INFO 2026-06-10 10:24:03,869 basehttp "GET /api/v1/financials/invoices/?status=paid&start_date=2026-06-10&end_date=2026-06-10&page_size=100 HTTP/1.1" 200 52
INFO 2026-06-10 10:24:03,883 basehttp "GET /api/v1/financials/petty-cash/?start_date=2026-06-10&end_date=2026-06-10&page_size=100 HTTP/1.1" 200 52
INFO 2026-06-10 10:24:03,883 basehttp "GET /api/v1/financials/petty-cash/?start_date=2026-06-10&end_date=2026-06-10&page_size=100 HTTP/1.1" 200 52
INFO 2026-06-10 10:24:03,895 basehttp "GET /api/v1/sales/sales/?start_date=2026-06-10&end_date=2026-06-10&page_size=100 HTTP/1.1" 200 52
INFO 2026-06-10 10:24:03,895 basehttp "GET /api/v1/sales/sales/?start_date=2026-06-10&end_date=2026-06-10&page_size=100 HTTP/1.1" 200 52
INFO 2026-06-10 10:24:03,936 basehttp "GET /api/v1/financials/invoices/?status=paid&start_date=2026-06-10&end_date=2026-06-10&page_size=100 HTTP/1.1" 200 52
INFO 2026-06-10 10:24:03,936 basehttp "GET /api/v1/financials/invoices/?status=paid&start_date=2026-06-10&end_date=2026-06-10&page_size=100 HTTP/1.1" 200 52
INFO 2026-06-10 10:24:25,244 basehttp "GET /api/v1/bi/dashboard/available-months/ HTTP/1.1" 200 116
INFO 2026-06-10 10:24:25,244 basehttp "GET /api/v1/bi/dashboard/available-months/ HTTP/1.1" 200 116
INFO 2026-06-10 10:24:25,286 basehttp "GET /api/v1/bi/dashboard/available-months/ HTTP/1.1" 200 116
INFO 2026-06-10 10:24:25,286 basehttp "GET /api/v1/bi/dashboard/available-months/ HTTP/1.1" 200 116
INFO 2026-06-10 10:24:25,317 basehttp "GET /api/v1/bi/financial/profit-loss/ HTTP/1.1" 200 77
INFO 2026-06-10 10:24:25,317 basehttp "GET /api/v1/bi/financial/profit-loss/ HTTP/1.1" 200 77
INFO 2026-06-10 10:24:25,441 basehttp "GET /api/v1/bi/financial/summary/ HTTP/1.1" 200 321
INFO 2026-06-10 10:24:25,441 basehttp "GET /api/v1/bi/financial/summary/ HTTP/1.1" 200 321
INFO 2026-06-10 10:24:25,538 basehttp "GET /api/v1/bi/executive/ HTTP/1.1" 200 2128
INFO 2026-06-10 10:24:25,538 basehttp "GET /api/v1/bi/executive/ HTTP/1.1" 200 2128
INFO 2026-06-10 10:25:05,314 basehttp "GET /api/v1/financials/budgets/?year=2026&status=active&period=monthly HTTP/1.1" 200 52
INFO 2026-06-10 10:25:05,314 basehttp "GET /api/v1/financials/budgets/?year=2026&status=active&period=monthly HTTP/1.1" 200 52
INFO 2026-06-10 10:25:05,344 basehttp "GET /api/v1/financials/budgets/?year=2026&status=active&period=monthly HTTP/1.1" 200 52
INFO 2026-06-10 10:25:05,344 basehttp "GET /api/v1/financials/budgets/?year=2026&status=active&period=monthly HTTP/1.1" 200 52
INFO 2026-06-10 10:25:05,492 basehttp "GET /api/v1/sales/customers/ HTTP/1.1" 200 52
INFO 2026-06-10 10:25:05,492 basehttp "GET /api/v1/sales/customers/ HTTP/1.1" 200 52
INFO 2026-06-10 10:25:05,524 basehttp "GET /api/v1/financials/transactions/ HTTP/1.1" 200 52
INFO 2026-06-10 10:25:05,524 basehttp "GET /api/v1/financials/transactions/ HTTP/1.1" 200 52
INFO 2026-06-10 10:25:05,528 basehttp "GET /api/v1/financials/cash-flow/ HTTP/1.1" 200 1681
INFO 2026-06-10 10:25:05,528 basehttp "GET /api/v1/financials/cash-flow/ HTTP/1.1" 200 1681
INFO 2026-06-10 10:25:05,536 basehttp "GET /api/v1/bi/financial/profit-loss/ HTTP/1.1" 200 77
INFO 2026-06-10 10:25:05,536 basehttp "GET /api/v1/bi/financial/profit-loss/ HTTP/1.1" 200 77
INFO 2026-06-10 10:25:05,569 basehttp "GET /api/v1/financials/petty-cash/ HTTP/1.1" 200 52
INFO 2026-06-10 10:25:05,569 basehttp "GET /api/v1/financials/petty-cash/ HTTP/1.1" 200 52
INFO 2026-06-10 10:25:05,590 basehttp "GET /api/v1/financials/loans/ HTTP/1.1" 200 52
INFO 2026-06-10 10:25:05,590 basehttp "GET /api/v1/financials/loans/ HTTP/1.1" 200 52
INFO 2026-06-10 10:25:05,619 basehttp "GET /api/v1/financials/invoices/ HTTP/1.1" 200 52
INFO 2026-06-10 10:25:05,629 basehttp "GET /api/v1/sales/sales/?page_size=500 HTTP/1.1" 200 52
INFO 2026-06-10 10:25:05,619 basehttp "GET /api/v1/financials/invoices/ HTTP/1.1" 200 52
INFO 2026-06-10 10:25:05,629 basehttp "GET /api/v1/sales/sales/?page_size=500 HTTP/1.1" 200 52
INFO 2026-06-10 10:25:05,659 basehttp "GET /api/v1/hr/payroll/ HTTP/1.1" 200 52
INFO 2026-06-10 10:25:05,659 basehttp "GET /api/v1/hr/payroll/ HTTP/1.1" 200 52
INFO 2026-06-10 10:25:05,807 basehttp "GET /api/v1/financials/cash-flow/ HTTP/1.1" 200 1681
INFO 2026-06-10 10:25:05,807 basehttp "GET /api/v1/financials/cash-flow/ HTTP/1.1" 200 1681
INFO 2026-06-10 10:25:05,809 basehttp "GET /api/v1/sales/customers/ HTTP/1.1" 200 52
INFO 2026-06-10 10:25:05,809 basehttp "GET /api/v1/sales/customers/ HTTP/1.1" 200 52
INFO 2026-06-10 10:25:05,810 basehttp "GET /api/v1/financials/transactions/ HTTP/1.1" 200 52
INFO 2026-06-10 10:25:05,846 basehttp "GET /api/v1/bi/financial/profit-loss/ HTTP/1.1" 200 77
INFO 2026-06-10 10:25:05,810 basehttp "GET /api/v1/financials/transactions/ HTTP/1.1" 200 52
INFO 2026-06-10 10:25:05,846 basehttp "GET /api/v1/bi/financial/profit-loss/ HTTP/1.1" 200 77
INFO 2026-06-10 10:25:05,856 basehttp "GET /api/v1/financials/loans/ HTTP/1.1" 200 52
INFO 2026-06-10 10:25:05,874 basehttp "GET /api/v1/financials/petty-cash/ HTTP/1.1" 200 52
INFO 2026-06-10 10:25:05,856 basehttp "GET /api/v1/financials/loans/ HTTP/1.1" 200 52
INFO 2026-06-10 10:25:05,874 basehttp "GET /api/v1/financials/petty-cash/ HTTP/1.1" 200 52
INFO 2026-06-10 10:25:05,897 basehttp "GET /api/v1/hr/payroll/ HTTP/1.1" 200 52
INFO 2026-06-10 10:25:05,897 basehttp "GET /api/v1/hr/payroll/ HTTP/1.1" 200 52
INFO 2026-06-10 10:25:05,910 basehttp "GET /api/v1/sales/sales/?page_size=500 HTTP/1.1" 200 52
INFO 2026-06-10 10:25:05,910 basehttp "GET /api/v1/sales/sales/?page_size=500 HTTP/1.1" 200 52
INFO 2026-06-10 10:25:05,918 basehttp "GET /api/v1/financials/invoices/ HTTP/1.1" 200 52
INFO 2026-06-10 10:25:05,918 basehttp "GET /api/v1/financials/invoices/ HTTP/1.1" 200 52
INFO 2026-06-10 10:25:22,780 basehttp "GET /api/v1/sales/customers/ HTTP/1.1" 200 52
INFO 2026-06-10 10:25:22,780 basehttp "GET /api/v1/sales/customers/ HTTP/1.1" 200 52
INFO 2026-06-10 10:25:22,786 basehttp "GET /api/v1/inventory/products/ HTTP/1.1" 200 52
INFO 2026-06-10 10:25:22,786 basehttp "GET /api/v1/inventory/products/ HTTP/1.1" 200 52
INFO 2026-06-10 10:25:22,879 basehttp "GET /api/v1/sales/customers/ HTTP/1.1" 200 52
INFO 2026-06-10 10:25:22,879 basehttp "GET /api/v1/sales/customers/ HTTP/1.1" 200 52
INFO 2026-06-10 10:25:22,898 basehttp "GET /api/v1/inventory/products/ HTTP/1.1" 200 52
INFO 2026-06-10 10:25:22,898 basehttp "GET /api/v1/inventory/products/ HTTP/1.1" 200 52
INFO 2026-06-10 10:33:16,245 basehttp "GET /api/v1/inventory/products/ HTTP/1.1" 200 52
INFO 2026-06-10 10:33:16,245 basehttp "GET /api/v1/inventory/products/ HTTP/1.1" 200 52
INFO 2026-06-10 10:33:16,277 basehttp "GET /api/v1/sales/customers/ HTTP/1.1" 200 52
INFO 2026-06-10 10:33:16,277 basehttp "GET /api/v1/sales/customers/ HTTP/1.1" 200 52
INFO 2026-06-10 10:33:16,308 basehttp "GET /api/v1/sales/customers/ HTTP/1.1" 200 52
INFO 2026-06-10 10:33:16,308 basehttp "GET /api/v1/sales/customers/ HTTP/1.1" 200 52
INFO 2026-06-10 10:33:16,360 basehttp "GET /api/v1/inventory/products/ HTTP/1.1" 200 52
INFO 2026-06-10 10:33:16,360 basehttp "GET /api/v1/inventory/products/ HTTP/1.1" 200 52
INFO 2026-06-10 10:33:48,468 basehttp "GET /api/v1/inventory/products/ HTTP/1.1" 200 52
INFO 2026-06-10 10:33:48,468 basehttp "GET /api/v1/inventory/products/ HTTP/1.1" 200 52
INFO 2026-06-10 10:33:48,534 basehttp "GET /api/v1/inventory/products/ HTTP/1.1" 200 52
INFO 2026-06-10 10:33:48,534 basehttp "GET /api/v1/inventory/products/ HTTP/1.1" 200 52
INFO 2026-06-10 10:33:48,540 basehttp "GET /api/v1/sales/customers/ HTTP/1.1" 200 52
INFO 2026-06-10 10:33:48,540 basehttp "GET /api/v1/sales/customers/ HTTP/1.1" 200 52
INFO 2026-06-10 10:33:48,607 basehttp "GET /api/v1/sales/customers/ HTTP/1.1" 200 52
INFO 2026-06-10 10:33:48,607 basehttp "GET /api/v1/sales/customers/ HTTP/1.1" 200 52
INFO 2026-06-10 10:36:21,043 basehttp "POST /api/v1/auth/login/ HTTP/1.1" 200 788
INFO 2026-06-10 10:36:21,043 basehttp "POST /api/v1/auth/login/ HTTP/1.1" 200 788
INFO 2026-06-10 10:36:21,729 basehttp "GET /api/v1/sales/sales/?start_date=2026-06-10&end_date=2026-06-10&page_size=100 HTTP/1.1" 200 52
INFO 2026-06-10 10:36:21,729 basehttp "GET /api/v1/sales/sales/?start_date=2026-06-10&end_date=2026-06-10&page_size=100 HTTP/1.1" 200 52
INFO 2026-06-10 10:36:21,772 basehttp "GET /api/v1/hr/payroll/ HTTP/1.1" 200 52
INFO 2026-06-10 10:36:21,772 basehttp "GET /api/v1/hr/payroll/ HTTP/1.1" 200 52
INFO 2026-06-10 10:36:21,786 basehttp "GET /api/v1/financials/transactions/?start_date=2026-06-10&end_date=2026-06-10&page_size=100 HTTP/1.1" 200 52
INFO 2026-06-10 10:36:21,815 basehttp "GET /api/v1/financials/petty-cash/?start_date=2026-06-10&end_date=2026-06-10&page_size=100 HTTP/1.1" 200 52
INFO 2026-06-10 10:36:21,786 basehttp "GET /api/v1/financials/transactions/?start_date=2026-06-10&end_date=2026-06-10&page_size=100 HTTP/1.1" 200 52
INFO 2026-06-10 10:36:21,815 basehttp "GET /api/v1/financials/petty-cash/?start_date=2026-06-10&end_date=2026-06-10&page_size=100 HTTP/1.1" 200 52
INFO 2026-06-10 10:36:21,871 basehttp "GET /api/v1/financials/transactions/?start_date=2026-06-10&end_date=2026-06-10&page_size=100 HTTP/1.1" 200 52
INFO 2026-06-10 10:36:21,871 basehttp "GET /api/v1/financials/transactions/?start_date=2026-06-10&end_date=2026-06-10&page_size=100 HTTP/1.1" 200 52
INFO 2026-06-10 10:36:21,879 basehttp "GET /api/v1/sales/sales/?start_date=2026-06-10&end_date=2026-06-10&page_size=100 HTTP/1.1" 200 52
INFO 2026-06-10 10:36:21,879 basehttp "GET /api/v1/sales/sales/?start_date=2026-06-10&end_date=2026-06-10&page_size=100 HTTP/1.1" 200 52
INFO 2026-06-10 10:36:21,886 basehttp "GET /api/v1/financials/petty-cash/?start_date=2026-06-10&end_date=2026-06-10&page_size=100 HTTP/1.1" 200 52
INFO 2026-06-10 10:36:21,886 basehttp "GET /api/v1/financials/petty-cash/?start_date=2026-06-10&end_date=2026-06-10&page_size=100 HTTP/1.1" 200 52
INFO 2026-06-10 10:36:21,917 basehttp "GET /api/v1/hr/payroll/ HTTP/1.1" 200 52
INFO 2026-06-10 10:36:21,917 basehttp "GET /api/v1/hr/payroll/ HTTP/1.1" 200 52
INFO 2026-06-10 10:36:21,950 basehttp "GET /api/v1/financials/invoices/?status=paid&start_date=2026-06-10&end_date=2026-06-10&page_size=100 HTTP/1.1" 200 52
INFO 2026-06-10 10:36:21,950 basehttp "GET /api/v1/financials/invoices/?status=paid&start_date=2026-06-10&end_date=2026-06-10&page_size=100 HTTP/1.1" 200 52
INFO 2026-06-10 10:36:21,999 basehttp "GET /api/v1/financials/invoices/?status=paid&start_date=2026-06-10&end_date=2026-06-10&page_size=100 HTTP/1.1" 200 52
INFO 2026-06-10 10:36:21,999 basehttp "GET /api/v1/financials/invoices/?status=paid&start_date=2026-06-10&end_date=2026-06-10&page_size=100 HTTP/1.1" 200 52
INFO 2026-06-10 11:13:07,541 basehttp "OPTIONS /api/v1/bi/dashboard/available-months/ HTTP/1.1" 200 0
INFO 2026-06-10 11:13:07,541 basehttp "OPTIONS /api/v1/bi/dashboard/available-months/ HTTP/1.1" 200 0
WARNING 2026-06-10 11:13:07,588 basehttp "GET /api/v1/bi/dashboard/available-months/ HTTP/1.1" 401 183
WARNING 2026-06-10 11:13:07,588 basehttp "GET /api/v1/bi/dashboard/available-months/ HTTP/1.1" 401 183
INFO 2026-06-10 11:13:07,594 basehttp "OPTIONS /api/v1/bi/dashboard/available-months/ HTTP/1.1" 200 0
INFO 2026-06-10 11:13:07,598 basehttp "OPTIONS /api/v1/auth/refresh/ HTTP/1.1" 200 0
INFO 2026-06-10 11:13:07,598 basehttp "OPTIONS /api/v1/auth/refresh/ HTTP/1.1" 200 0
INFO 2026-06-10 11:13:07,594 basehttp "OPTIONS /api/v1/bi/dashboard/available-months/ HTTP/1.1" 200 0
WARNING 2026-06-10 11:13:07,641 basehttp "GET /api/v1/bi/dashboard/available-months/ HTTP/1.1" 401 183
WARNING 2026-06-10 11:13:07,641 basehttp "GET /api/v1/bi/dashboard/available-months/ HTTP/1.1" 401 183
INFO 2026-06-10 11:13:07,672 basehttp "POST /api/v1/auth/refresh/ HTTP/1.1" 200 483
INFO 2026-06-10 11:13:07,672 basehttp "POST /api/v1/auth/refresh/ HTTP/1.1" 200 483
INFO 2026-06-10 11:13:07,720 basehttp "GET /api/v1/bi/dashboard/available-months/ HTTP/1.1" 200 116
INFO 2026-06-10 11:13:07,728 basehttp "OPTIONS /api/v1/bi/financial/summary/ HTTP/1.1" 200 0
INFO 2026-06-10 11:13:07,720 basehttp "GET /api/v1/bi/dashboard/available-months/ HTTP/1.1" 200 116
INFO 2026-06-10 11:13:07,728 basehttp "OPTIONS /api/v1/bi/financial/summary/ HTTP/1.1" 200 0
INFO 2026-06-10 11:13:07,762 basehttp "GET /api/v1/bi/financial/profit-loss/ HTTP/1.1" 200 77
INFO 2026-06-10 11:13:07,762 basehttp "GET /api/v1/bi/financial/profit-loss/ HTTP/1.1" 200 77
INFO 2026-06-10 11:13:07,907 basehttp "GET /api/v1/bi/dashboard/available-months/ HTTP/1.1" 200 116
INFO 2026-06-10 11:13:07,907 basehttp "GET /api/v1/bi/dashboard/available-months/ HTTP/1.1" 200 116
INFO 2026-06-10 11:13:07,994 basehttp "GET /api/v1/bi/financial/summary/ HTTP/1.1" 200 321
INFO 2026-06-10 11:13:07,994 basehttp "GET /api/v1/bi/financial/summary/ HTTP/1.1" 200 321
INFO 2026-06-10 11:13:08,101 basehttp "GET /api/v1/bi/executive/ HTTP/1.1" 200 2128
INFO 2026-06-10 11:13:08,101 basehttp "GET /api/v1/bi/executive/ HTTP/1.1" 200 2128
INFO 2026-06-10 11:13:30,577 basehttp "GET /api/v1/bi/dashboard/available-months/ HTTP/1.1" 200 116
INFO 2026-06-10 11:13:30,577 basehttp "GET /api/v1/bi/dashboard/available-months/ HTTP/1.1" 200 116
INFO 2026-06-10 11:13:30,669 basehttp "OPTIONS /api/v1/bi/dashboard/?month=2026-06 HTTP/1.1" 200 0
INFO 2026-06-10 11:13:30,670 basehttp "OPTIONS /api/v1/bi/dashboard/alerts/ HTTP/1.1" 200 0
INFO 2026-06-10 11:13:30,671 basehttp "OPTIONS /api/v1/bi/dashboard/trends/?days=30 HTTP/1.1" 200 0
INFO 2026-06-10 11:13:30,669 basehttp "OPTIONS /api/v1/bi/dashboard/?month=2026-06 HTTP/1.1" 200 0
INFO 2026-06-10 11:13:30,670 basehttp "OPTIONS /api/v1/bi/dashboard/alerts/ HTTP/1.1" 200 0
INFO 2026-06-10 11:13:30,671 basehttp "OPTIONS /api/v1/bi/dashboard/trends/?days=30 HTTP/1.1" 200 0
INFO 2026-06-10 11:13:30,741 basehttp "GET /api/v1/bi/dashboard/available-months/ HTTP/1.1" 200 116
INFO 2026-06-10 11:13:30,741 basehttp "GET /api/v1/bi/dashboard/available-months/ HTTP/1.1" 200 116
INFO 2026-06-10 11:13:30,828 basehttp "GET /api/v1/bi/dashboard/alerts/ HTTP/1.1" 200 23
INFO 2026-06-10 11:13:30,828 basehttp "GET /api/v1/bi/dashboard/alerts/ HTTP/1.1" 200 23
INFO 2026-06-10 11:13:30,882 basehttp "GET /api/v1/bi/dashboard/?month=2026-06 HTTP/1.1" 200 843
INFO 2026-06-10 11:13:30,882 basehttp "GET /api/v1/bi/dashboard/?month=2026-06 HTTP/1.1" 200 843
INFO 2026-06-10 11:13:31,026 basehttp "GET /api/v1/bi/dashboard/trends/?days=30 HTTP/1.1" 200 1127
INFO 2026-06-10 11:13:31,026 basehttp "GET /api/v1/bi/dashboard/trends/?days=30 HTTP/1.1" 200 1127
INFO 2026-06-10 11:13:47,719 basehttp "GET /api/v1/financials/budgets/?year=2026&status=active&period=monthly HTTP/1.1" 200 52
INFO 2026-06-10 11:13:47,719 basehttp "GET /api/v1/financials/budgets/?year=2026&status=active&period=monthly HTTP/1.1" 200 52
INFO 2026-06-10 11:13:47,840 basehttp "GET /api/v1/financials/budgets/?year=2026&status=active&period=monthly HTTP/1.1" 200 52
INFO 2026-06-10 11:13:47,840 basehttp "GET /api/v1/financials/budgets/?year=2026&status=active&period=monthly HTTP/1.1" 200 52
INFO 2026-06-10 11:13:47,863 basehttp "GET /api/v1/financials/transactions/ HTTP/1.1" 200 52
INFO 2026-06-10 11:13:47,865 basehttp "GET /api/v1/sales/customers/ HTTP/1.1" 200 52
INFO 2026-06-10 11:13:47,863 basehttp "GET /api/v1/financials/transactions/ HTTP/1.1" 200 52
INFO 2026-06-10 11:13:47,865 basehttp "GET /api/v1/sales/customers/ HTTP/1.1" 200 52
INFO 2026-06-10 11:13:47,900 basehttp "GET /api/v1/financials/cash-flow/ HTTP/1.1" 200 1681
INFO 2026-06-10 11:13:47,900 basehttp "GET /api/v1/financials/cash-flow/ HTTP/1.1" 200 1681
INFO 2026-06-10 11:13:47,908 basehttp "GET /api/v1/financials/loans/ HTTP/1.1" 200 52
INFO 2026-06-10 11:13:47,902 basehttp "GET /api/v1/bi/financial/profit-loss/ HTTP/1.1" 200 77
INFO 2026-06-10 11:13:47,908 basehttp "GET /api/v1/financials/loans/ HTTP/1.1" 200 52
INFO 2026-06-10 11:13:47,936 basehttp "OPTIONS /api/v1/hr/payroll/ HTTP/1.1" 200 0
INFO 2026-06-10 11:13:47,902 basehttp "GET /api/v1/bi/financial/profit-loss/ HTTP/1.1" 200 77
INFO 2026-06-10 11:13:47,936 basehttp "OPTIONS /api/v1/hr/payroll/ HTTP/1.1" 200 0
INFO 2026-06-10 11:13:47,957 basehttp "OPTIONS /api/v1/hr/payroll/ HTTP/1.1" 200 0
INFO 2026-06-10 11:13:47,957 basehttp "OPTIONS /api/v1/hr/payroll/ HTTP/1.1" 200 0
INFO 2026-06-10 11:13:47,980 basehttp "GET /api/v1/financials/petty-cash/ HTTP/1.1" 200 52
INFO 2026-06-10 11:13:47,980 basehttp "GET /api/v1/financials/petty-cash/ HTTP/1.1" 200 52
INFO 2026-06-10 11:13:47,998 basehttp "GET /api/v1/financials/invoices/ HTTP/1.1" 200 52
INFO 2026-06-10 11:13:47,998 basehttp "GET /api/v1/financials/invoices/ HTTP/1.1" 200 52
INFO 2026-06-10 11:13:48,048 basehttp "GET /api/v1/sales/sales/?page_size=500 HTTP/1.1" 200 52
INFO 2026-06-10 11:13:48,049 basehttp "GET /api/v1/sales/customers/ HTTP/1.1" 200 52
INFO 2026-06-10 11:13:48,048 basehttp "GET /api/v1/sales/sales/?page_size=500 HTTP/1.1" 200 52
INFO 2026-06-10 11:13:48,049 basehttp "GET /api/v1/sales/customers/ HTTP/1.1" 200 52
INFO 2026-06-10 11:13:48,060 basehttp "GET /api/v1/financials/transactions/ HTTP/1.1" 200 52
INFO 2026-06-10 11:13:48,060 basehttp "GET /api/v1/financials/transactions/ HTTP/1.1" 200 52
INFO 2026-06-10 11:13:48,107 basehttp "GET /api/v1/financials/loans/ HTTP/1.1" 200 52
INFO 2026-06-10 11:13:48,107 basehttp "GET /api/v1/financials/loans/ HTTP/1.1" 200 52
INFO 2026-06-10 11:13:48,117 basehttp "GET /api/v1/bi/financial/profit-loss/ HTTP/1.1" 200 77
INFO 2026-06-10 11:13:48,117 basehttp "GET /api/v1/bi/financial/profit-loss/ HTTP/1.1" 200 77
INFO 2026-06-10 11:13:48,191 basehttp "GET /api/v1/hr/payroll/ HTTP/1.1" 200 52
INFO 2026-06-10 11:13:48,191 basehttp "GET /api/v1/hr/payroll/ HTTP/1.1" 200 52
INFO 2026-06-10 11:13:48,346 basehttp "GET /api/v1/financials/cash-flow/ HTTP/1.1" 200 1681
INFO 2026-06-10 11:13:48,346 basehttp "GET /api/v1/financials/cash-flow/ HTTP/1.1" 200 1681
INFO 2026-06-10 11:13:48,592 basehttp "GET /api/v1/financials/petty-cash/ HTTP/1.1" 200 52
INFO 2026-06-10 11:13:48,592 basehttp "GET /api/v1/financials/petty-cash/ HTTP/1.1" 200 52
INFO 2026-06-10 11:13:48,605 basehttp "GET /api/v1/financials/invoices/ HTTP/1.1" 200 52
INFO 2026-06-10 11:13:48,606 basehttp "GET /api/v1/sales/sales/?page_size=500 HTTP/1.1" 200 52
INFO 2026-06-10 11:13:48,605 basehttp "GET /api/v1/financials/invoices/ HTTP/1.1" 200 52
INFO 2026-06-10 11:13:48,606 basehttp "GET /api/v1/sales/sales/?page_size=500 HTTP/1.1" 200 52
INFO 2026-06-10 11:13:48,621 basehttp "GET /api/v1/hr/payroll/ HTTP/1.1" 200 52
INFO 2026-06-10 11:13:48,621 basehttp "GET /api/v1/hr/payroll/ HTTP/1.1" 200 52
INFO 2026-06-10 11:15:40,517 basehttp "GET /api/v1/financials/budgets/?year=2026&status=active&period=monthly HTTP/1.1" 200 52
INFO 2026-06-10 11:15:40,517 basehttp "GET /api/v1/financials/budgets/?year=2026&status=active&period=monthly HTTP/1.1" 200 52
INFO 2026-06-10 11:15:40,720 basehttp "GET /api/v1/sales/customers/ HTTP/1.1" 200 52
INFO 2026-06-10 11:15:40,720 basehttp "GET /api/v1/sales/customers/ HTTP/1.1" 200 52
INFO 2026-06-10 11:15:40,739 basehttp "GET /api/v1/financials/petty-cash/ HTTP/1.1" 200 52
INFO 2026-06-10 11:15:40,739 basehttp "GET /api/v1/financials/petty-cash/ HTTP/1.1" 200 52
INFO 2026-06-10 11:15:40,760 basehttp "GET /api/v1/financials/loans/ HTTP/1.1" 200 52
INFO 2026-06-10 11:15:40,760 basehttp "GET /api/v1/financials/loans/ HTTP/1.1" 200 52
INFO 2026-06-10 11:15:40,792 basehttp "GET /api/v1/financials/transactions/ HTTP/1.1" 200 52
INFO 2026-06-10 11:15:40,792 basehttp "GET /api/v1/financials/transactions/ HTTP/1.1" 200 52
INFO 2026-06-10 11:15:40,832 basehttp "GET /api/v1/hr/payroll/ HTTP/1.1" 200 52
INFO 2026-06-10 11:15:40,832 basehttp "GET /api/v1/hr/payroll/ HTTP/1.1" 200 52
INFO 2026-06-10 11:15:40,897 basehttp "GET /api/v1/financials/invoices/ HTTP/1.1" 200 52
INFO 2026-06-10 11:15:40,897 basehttp "GET /api/v1/financials/invoices/ HTTP/1.1" 200 52
INFO 2026-06-10 11:15:40,926 basehttp "GET /api/v1/financials/cash-flow/ HTTP/1.1" 200 1681
INFO 2026-06-10 11:15:40,926 basehttp "GET /api/v1/financials/cash-flow/ HTTP/1.1" 200 1681
INFO 2026-06-10 11:15:40,937 basehttp "GET /api/v1/sales/sales/?page_size=500 HTTP/1.1" 200 52
INFO 2026-06-10 11:15:40,937 basehttp "GET /api/v1/sales/sales/?page_size=500 HTTP/1.1" 200 52
INFO 2026-06-10 11:15:41,072 basehttp "GET /api/v1/bi/financial/profit-loss/ HTTP/1.1" 200 77
INFO 2026-06-10 11:15:41,072 basehttp "GET /api/v1/bi/financial/profit-loss/ HTTP/1.1" 200 77
INFO 2026-06-10 11:15:51,511 basehttp "OPTIONS /api/v1/financials/budgets/?year=2026 HTTP/1.1" 200 0
INFO 2026-06-10 11:15:51,511 basehttp "OPTIONS /api/v1/financials/budgets/?year=2026 HTTP/1.1" 200 0
INFO 2026-06-10 11:15:51,518 basehttp "OPTIONS /api/v1/financials/budgets/?year=2026 HTTP/1.1" 200 0
INFO 2026-06-10 11:15:51,518 basehttp "OPTIONS /api/v1/financials/budgets/?year=2026 HTTP/1.1" 200 0
INFO 2026-06-10 11:15:51,760 basehttp "GET /api/v1/financials/budgets/?year=2026 HTTP/1.1" 200 52
INFO 2026-06-10 11:15:51,760 basehttp "GET /api/v1/financials/budgets/?year=2026 HTTP/1.1" 200 52
INFO 2026-06-10 11:15:51,822 basehttp "GET /api/v1/financials/budgets/?year=2026 HTTP/1.1" 200 52
INFO 2026-06-10 11:15:51,822 basehttp "GET /api/v1/financials/budgets/?year=2026 HTTP/1.1" 200 52
INFO 2026-06-10 11:16:04,689 basehttp "OPTIONS /api/v1/financials/loans/?page=1&page_size=20 HTTP/1.1" 200 0
INFO 2026-06-10 11:16:04,690 basehttp "OPTIONS /api/v1/financials/loans/?page=1&page_size=20 HTTP/1.1" 200 0
INFO 2026-06-10 11:16:04,689 basehttp "OPTIONS /api/v1/financials/loans/?page=1&page_size=20 HTTP/1.1" 200 0
INFO 2026-06-10 11:16:04,690 basehttp "OPTIONS /api/v1/financials/loans/?page=1&page_size=20 HTTP/1.1" 200 0
INFO 2026-06-10 11:16:04,707 basehttp "GET /api/v1/financials/loans/?page=1&page_size=20 HTTP/1.1" 200 52
INFO 2026-06-10 11:16:04,707 basehttp "GET /api/v1/financials/loans/?page=1&page_size=20 HTTP/1.1" 200 52
INFO 2026-06-10 11:16:04,787 basehttp "GET /api/v1/financials/loans/?page=1&page_size=20 HTTP/1.1" 200 52
INFO 2026-06-10 11:16:04,787 basehttp "GET /api/v1/financials/loans/?page=1&page_size=20 HTTP/1.1" 200 52
INFO 2026-06-10 11:16:09,913 basehttp "OPTIONS /api/v1/financials/petty-cash/?page=1&page_size=20 HTTP/1.1" 200 0
INFO 2026-06-10 11:16:09,913 basehttp "OPTIONS /api/v1/financials/petty-cash/?page=1&page_size=20 HTTP/1.1" 200 0
INFO 2026-06-10 11:16:09,922 basehttp "OPTIONS /api/v1/financials/petty-cash/?page=1&page_size=20 HTTP/1.1" 200 0
INFO 2026-06-10 11:16:09,922 basehttp "OPTIONS /api/v1/financials/petty-cash/?page=1&page_size=20 HTTP/1.1" 200 0
INFO 2026-06-10 11:16:10,018 basehttp "GET /api/v1/financials/petty-cash/?page=1&page_size=20 HTTP/1.1" 200 52
INFO 2026-06-10 11:16:10,018 basehttp "GET /api/v1/financials/petty-cash/?page=1&page_size=20 HTTP/1.1" 200 52
INFO 2026-06-10 11:16:10,131 basehttp "GET /api/v1/financials/petty-cash/?page=1&page_size=20 HTTP/1.1" 200 52
INFO 2026-06-10 11:16:10,131 basehttp "GET /api/v1/financials/petty-cash/?page=1&page_size=20 HTTP/1.1" 200 52
INFO 2026-06-10 11:16:25,158 basehttp "OPTIONS /api/v1/financials/invoices/?page=1&page_size=20&status=&start_date=&end_date= HTTP/1.1" 200 0
INFO 2026-06-10 11:16:25,158 basehttp "OPTIONS /api/v1/financials/invoices/?page=1&page_size=20&status=&start_date=&end_date= HTTP/1.1" 200 0
INFO 2026-06-10 11:16:25,160 basehttp "OPTIONS /api/v1/financials/invoices/?page=1&page_size=20&status=&start_date=&end_date= HTTP/1.1" 200 0
INFO 2026-06-10 11:16:25,160 basehttp "OPTIONS /api/v1/financials/invoices/?page=1&page_size=20&status=&start_date=&end_date= HTTP/1.1" 200 0
INFO 2026-06-10 11:16:25,245 basehttp "GET /api/v1/financials/invoices/?page=1&page_size=20&status=&start_date=&end_date= HTTP/1.1" 200 52
INFO 2026-06-10 11:16:25,238 basehttp "GET /api/v1/inventory/products/ HTTP/1.1" 200 52
INFO 2026-06-10 11:16:25,323 basehttp "GET /api/v1/sales/customers/ HTTP/1.1" 200 52
INFO 2026-06-10 11:16:25,245 basehttp "GET /api/v1/financials/invoices/?page=1&page_size=20&status=&start_date=&end_date= HTTP/1.1" 200 52
INFO 2026-06-10 11:16:25,238 basehttp "GET /api/v1/inventory/products/ HTTP/1.1" 200 52
INFO 2026-06-10 11:16:25,323 basehttp "GET /api/v1/sales/customers/ HTTP/1.1" 200 52
INFO 2026-06-10 11:16:25,403 basehttp "GET /api/v1/inventory/products/ HTTP/1.1" 200 52
INFO 2026-06-10 11:16:25,403 basehttp "GET /api/v1/inventory/products/ HTTP/1.1" 200 52
INFO 2026-06-10 11:16:25,429 basehttp "GET /api/v1/sales/customers/ HTTP/1.1" 200 52
INFO 2026-06-10 11:16:25,429 basehttp "GET /api/v1/sales/customers/ HTTP/1.1" 200 52
INFO 2026-06-10 11:16:25,470 basehttp "GET /api/v1/financials/invoices/?page=1&page_size=20&status=&start_date=&end_date= HTTP/1.1" 200 52
INFO 2026-06-10 11:16:25,470 basehttp "GET /api/v1/financials/invoices/?page=1&page_size=20&status=&start_date=&end_date= HTTP/1.1" 200 52
INFO 2026-06-10 11:16:34,749 basehttp "OPTIONS /api/v1/financials/transactions/?page=1&page_size=20 HTTP/1.1" 200 0
INFO 2026-06-10 11:16:34,749 basehttp "OPTIONS /api/v1/financials/transactions/?page=1&page_size=20 HTTP/1.1" 200 0
INFO 2026-06-10 11:16:34,749 basehttp "OPTIONS /api/v1/financials/transactions/?page=1&page_size=20 HTTP/1.1" 200 0
INFO 2026-06-10 11:16:34,749 basehttp "OPTIONS /api/v1/financials/transactions/?page=1&page_size=20 HTTP/1.1" 200 0
INFO 2026-06-10 11:16:34,859 basehttp "GET /api/v1/financials/transactions/?page=1&page_size=20 HTTP/1.1" 200 52
INFO 2026-06-10 11:16:34,859 basehttp "GET /api/v1/financials/transactions/?page=1&page_size=20 HTTP/1.1" 200 52
INFO 2026-06-10 11:16:34,971 basehttp "GET /api/v1/financials/transactions/?page=1&page_size=20 HTTP/1.1" 200 52
INFO 2026-06-10 11:16:34,971 basehttp "GET /api/v1/financials/transactions/?page=1&page_size=20 HTTP/1.1" 200 52
INFO 2026-06-10 11:37:41,641 autoreload /Users/j/Desktop/BizSMART/Backend/core/views.py changed, reloading.
INFO 2026-06-10 11:37:41,641 autoreload /Users/j/Desktop/BizSMART/Backend/core/views.py changed, reloading.
INFO 2026-06-10 11:37:44,240 autoreload Watching for file changes with StatReloader
INFO 2026-06-10 11:37:44,240 autoreload Watching for file changes with StatReloader
INFO 2026-06-10 11:38:21,061 autoreload /Users/j/Desktop/BizSMART/Backend/core/views.py changed, reloading.
INFO 2026-06-10 11:38:21,061 autoreload /Users/j/Desktop/BizSMART/Backend/core/views.py changed, reloading.
INFO 2026-06-10 11:38:22,624 autoreload Watching for file changes with StatReloader
INFO 2026-06-10 11:38:22,624 autoreload Watching for file changes with StatReloader
INFO 2026-06-10 11:50:46,865 autoreload Watching for file changes with StatReloader
INFO 2026-06-10 11:50:46,865 autoreload Watching for file changes with StatReloader
INFO 2026-06-10 11:51:33,135 autoreload /Users/j/Desktop/BizSMART/Backend/core/models.py changed, reloading.
INFO 2026-06-10 11:51:33,135 autoreload /Users/j/Desktop/BizSMART/Backend/core/models.py changed, reloading.
INFO 2026-06-10 11:51:35,011 autoreload Watching for file changes with StatReloader
INFO 2026-06-10 11:51:35,011 autoreload Watching for file changes with StatReloader
INFO 2026-06-10 11:54:22,587 autoreload /Users/j/Desktop/BizSMART/Backend/core/views.py changed, reloading.
INFO 2026-06-10 11:54:22,587 autoreload /Users/j/Desktop/BizSMART/Backend/core/views.py changed, reloading.
INFO 2026-06-10 11:54:25,080 autoreload Watching for file changes with StatReloader
INFO 2026-06-10 11:54:25,080 autoreload Watching for file changes with StatReloader
INFO 2026-06-10 11:55:36,365 autoreload /Users/j/Desktop/BizSMART/Backend/core/views.py changed, reloading.
INFO 2026-06-10 11:55:36,365 autoreload /Users/j/Desktop/BizSMART/Backend/core/views.py changed, reloading.
INFO 2026-06-10 11:55:38,406 autoreload Watching for file changes with StatReloader
INFO 2026-06-10 11:55:38,406 autoreload Watching for file changes with StatReloader
INFO 2026-06-10 11:57:09,445 autoreload /Users/j/Desktop/BizSMART/Backend/core/views.py changed, reloading.
INFO 2026-06-10 11:57:09,445 autoreload /Users/j/Desktop/BizSMART/Backend/core/views.py changed, reloading.
INFO 2026-06-10 11:57:10,972 autoreload Watching for file changes with StatReloader
INFO 2026-06-10 11:57:10,972 autoreload Watching for file changes with StatReloader
INFO 2026-06-10 12:00:31,950 autoreload /Users/j/Desktop/BizSMART/Backend/core/urls.py changed, reloading.
INFO 2026-06-10 12:00:31,950 autoreload /Users/j/Desktop/BizSMART/Backend/core/urls.py changed, reloading.
INFO 2026-06-10 12:00:33,646 autoreload Watching for file changes with StatReloader
INFO 2026-06-10 12:00:33,646 autoreload Watching for file changes with StatReloader
INFO 2026-06-10 12:01:17,413 autoreload /Users/j/Desktop/BizSMART/Backend/core/urls.py changed, reloading.
INFO 2026-06-10 12:01:17,413 autoreload /Users/j/Desktop/BizSMART/Backend/core/urls.py changed, reloading.
INFO 2026-06-10 12:01:18,996 autoreload Watching for file changes with StatReloader
INFO 2026-06-10 12:01:18,996 autoreload Watching for file changes with StatReloader
INFO 2026-06-10 12:01:37,926 autoreload /Users/j/Desktop/BizSMART/Backend/core/urls.py changed, reloading.
INFO 2026-06-10 12:01:37,926 autoreload /Users/j/Desktop/BizSMART/Backend/core/urls.py changed, reloading.
INFO 2026-06-10 12:01:39,550 autoreload Watching for file changes with StatReloader
INFO 2026-06-10 12:01:39,550 autoreload Watching for file changes with StatReloader
INFO 2026-06-10 12:02:12,732 autoreload /Users/j/Desktop/BizSMART/Backend/core/urls.py changed, reloading.
INFO 2026-06-10 12:02:12,732 autoreload /Users/j/Desktop/BizSMART/Backend/core/urls.py changed, reloading.
INFO 2026-06-10 12:02:14,969 autoreload Watching for file changes with StatReloader
INFO 2026-06-10 12:02:14,969 autoreload Watching for file changes with StatReloader
INFO 2026-06-10 12:02:22,808 autoreload /Users/j/Desktop/BizSMART/Backend/core/urls.py changed, reloading.
INFO 2026-06-10 12:02:22,808 autoreload /Users/j/Desktop/BizSMART/Backend/core/urls.py changed, reloading.
INFO 2026-06-10 12:02:24,497 autoreload Watching for file changes with StatReloader
INFO 2026-06-10 12:02:24,497 autoreload Watching for file changes with StatReloader
INFO 2026-06-10 12:04:40,728 autoreload /Users/j/Desktop/BizSMART/Backend/bizsmart_backend/settings.py changed, reloading.
INFO 2026-06-10 12:04:40,728 autoreload /Users/j/Desktop/BizSMART/Backend/bizsmart_backend/settings.py changed, reloading.
INFO 2026-06-10 12:04:42,669 autoreload Watching for file changes with StatReloader
INFO 2026-06-10 12:04:42,669 autoreload Watching for file changes with StatReloader
INFO 2026-06-10 12:05:08,989 autoreload Watching for file changes with StatReloader
INFO 2026-06-10 12:05:08,989 autoreload Watching for file changes with StatReloader
INFO 2026-06-10 12:06:35,890 autoreload /Users/j/Desktop/BizSMART/Backend/core/permissions.py changed, reloading.
INFO 2026-06-10 12:06:35,890 autoreload /Users/j/Desktop/BizSMART/Backend/core/permissions.py changed, reloading.
INFO 2026-06-10 12:06:38,752 autoreload Watching for file changes with StatReloader
INFO 2026-06-10 12:06:38,752 autoreload Watching for file changes with StatReloader
INFO 2026-06-10 12:07:27,218 autoreload /Users/j/Desktop/BizSMART/Backend/core/admin.py changed, reloading.
INFO 2026-06-10 12:07:27,218 autoreload /Users/j/Desktop/BizSMART/Backend/core/admin.py changed, reloading.
INFO 2026-06-10 12:07:29,269 autoreload Watching for file changes with StatReloader
INFO 2026-06-10 12:07:29,269 autoreload Watching for file changes with StatReloader
INFO 2026-06-10 12:09:22,180 autoreload /Users/j/Desktop/BizSMART/Backend/core/views.py changed, reloading.
INFO 2026-06-10 12:09:22,180 autoreload /Users/j/Desktop/BizSMART/Backend/core/views.py changed, reloading.
INFO 2026-06-10 12:09:24,354 autoreload Watching for file changes with StatReloader
INFO 2026-06-10 12:09:24,354 autoreload Watching for file changes with StatReloader
INFO 2026-06-10 12:10:01,385 autoreload /Users/j/Desktop/BizSMART/Backend/core/views.py changed, reloading.
INFO 2026-06-10 12:10:01,385 autoreload /Users/j/Desktop/BizSMART/Backend/core/views.py changed, reloading.
INFO 2026-06-10 12:10:03,570 autoreload Watching for file changes with StatReloader
INFO 2026-06-10 12:10:03,570 autoreload Watching for file changes with StatReloader
INFO 2026-06-10 12:13:43,063 autoreload /Users/j/Desktop/BizSMART/Backend/core/views.py changed, reloading.
INFO 2026-06-10 12:13:43,063 autoreload /Users/j/Desktop/BizSMART/Backend/core/views.py changed, reloading.
INFO 2026-06-10 12:13:44,811 autoreload Watching for file changes with StatReloader
INFO 2026-06-10 12:13:44,811 autoreload Watching for file changes with StatReloader
INFO 2026-06-10 12:14:04,453 autoreload /Users/j/Desktop/BizSMART/Backend/core/views.py changed, reloading.
INFO 2026-06-10 12:14:04,453 autoreload /Users/j/Desktop/BizSMART/Backend/core/views.py changed, reloading.
INFO 2026-06-10 12:14:07,235 autoreload Watching for file changes with StatReloader
INFO 2026-06-10 12:14:07,235 autoreload Watching for file changes with StatReloader
INFO 2026-06-10 12:14:54,827 autoreload /Users/j/Desktop/BizSMART/Backend/core/views.py changed, reloading.
INFO 2026-06-10 12:14:54,827 autoreload /Users/j/Desktop/BizSMART/Backend/core/views.py changed, reloading.
INFO 2026-06-10 12:14:56,381 autoreload Watching for file changes with StatReloader
INFO 2026-06-10 12:14:56,381 autoreload Watching for file changes with StatReloader
INFO 2026-06-10 12:21:00,204 autoreload Watching for file changes with StatReloader
INFO 2026-06-10 12:21:00,204 autoreload Watching for file changes with StatReloader
INFO 2026-06-10 12:22:27,195 autoreload Watching for file changes with StatReloader
INFO 2026-06-10 12:22:27,195 autoreload Watching for file changes with StatReloader
INFO 2026-06-10 12:22:45,212 middleware → GET /api/docs/ | User: Anonymous | IP: 127.0.0.1
INFO 2026-06-10 12:22:45,212 middleware → GET /api/docs/ | User: Anonymous | IP: 127.0.0.1
INFO 2026-06-10 12:22:45,316 middleware ← GET /api/docs/ | Status: 200 | Duration: 0.11s
INFO 2026-06-10 12:22:45,316 middleware ← GET /api/docs/ | Status: 200 | Duration: 0.11s
INFO 2026-06-10 12:22:45,318 basehttp "GET /api/docs/ HTTP/1.1" 200 4645
INFO 2026-06-10 12:22:45,318 basehttp "GET /api/docs/ HTTP/1.1" 200 4645
INFO 2026-06-10 12:22:45,903 middleware → GET /api/schema/ | User: Anonymous | IP: 127.0.0.1
INFO 2026-06-10 12:22:45,903 middleware → GET /api/schema/ | User: Anonymous | IP: 127.0.0.1
INFO 2026-06-10 12:22:47,072 middleware ← GET /api/schema/ | Status: 200 | Duration: 1.17s
INFO 2026-06-10 12:22:47,072 middleware ← GET /api/schema/ | Status: 200 | Duration: 1.17s
INFO 2026-06-10 12:22:47,075 basehttp "GET /api/schema/ HTTP/1.1" 200 406093
INFO 2026-06-10 12:22:47,075 basehttp "GET /api/schema/ HTTP/1.1" 200 406093
INFO 2026-06-10 12:23:55,386 middleware → POST /api/v1/auth/login/ | User: Anonymous | IP: 127.0.0.1
INFO 2026-06-10 12:23:55,386 middleware → POST /api/v1/auth/login/ | User: Anonymous | IP: 127.0.0.1
INFO 2026-06-10 12:23:56,540 middleware ← POST /api/v1/auth/login/ | Status: 200 | Duration: 1.15s
INFO 2026-06-10 12:23:56,540 middleware ← POST /api/v1/auth/login/ | Status: 200 | Duration: 1.15s
INFO 2026-06-10 12:23:56,541 basehttp "POST /api/v1/auth/login/ HTTP/1.1" 200 788
INFO 2026-06-10 12:23:56,541 basehttp "POST /api/v1/auth/login/ HTTP/1.1" 200 788
INFO 2026-06-10 12:24:18,677 middleware → GET /api/v1/auth/audit-logs/ | User: Anonymous | IP: 127.0.0.1
INFO 2026-06-10 12:24:18,677 middleware → GET /api/v1/auth/audit-logs/ | User: Anonymous | IP: 127.0.0.1
INFO 2026-06-10 12:24:18,732 middleware ← GET /api/v1/auth/audit-logs/ | Status: 200 | Duration: 0.05s
INFO 2026-06-10 12:24:18,732 middleware ← GET /api/v1/auth/audit-logs/ | Status: 200 | Duration: 0.05s
INFO 2026-06-10 12:24:18,734 basehttp "GET /api/v1/auth/audit-logs/ HTTP/1.1" 200 52
INFO 2026-06-10 12:24:18,734 basehttp "GET /api/v1/auth/audit-logs/ HTTP/1.1" 200 52
INFO 2026-06-10 12:24:29,822 middleware → GET /api/v1/auth/audit-logs/actions/ | User: Anonymous | IP: 127.0.0.1
INFO 2026-06-10 12:24:29,822 middleware → GET /api/v1/auth/audit-logs/actions/ | User: Anonymous | IP: 127.0.0.1
INFO 2026-06-10 12:24:29,837 middleware ← GET /api/v1/auth/audit-logs/actions/ | Status: 404 | Duration: 0.02s
INFO 2026-06-10 12:24:29,837 middleware ← GET /api/v1/auth/audit-logs/actions/ | Status: 404 | Duration: 0.02s
WARNING 2026-06-10 12:24:29,886 basehttp "GET /api/v1/auth/audit-logs/actions/ HTTP/1.1" 404 23
WARNING 2026-06-10 12:24:29,886 basehttp "GET /api/v1/auth/audit-logs/actions/ HTTP/1.1" 404 23
INFO 2026-06-10 12:24:39,301 middleware → GET /api/v1/auth/audit-logs/my_logs/ | User: Anonymous | IP: 127.0.0.1
INFO 2026-06-10 12:24:39,301 middleware → GET /api/v1/auth/audit-logs/my_logs/ | User: Anonymous | IP: 127.0.0.1
INFO 2026-06-10 12:24:39,361 middleware ← GET /api/v1/auth/audit-logs/my_logs/ | Status: 200 | Duration: 0.06s
INFO 2026-06-10 12:24:39,361 middleware ← GET /api/v1/auth/audit-logs/my_logs/ | Status: 200 | Duration: 0.06s
INFO 2026-06-10 12:24:39,364 basehttp "GET /api/v1/auth/audit-logs/my_logs/ HTTP/1.1" 200 52
INFO 2026-06-10 12:24:39,364 basehttp "GET /api/v1/auth/audit-logs/my_logs/ HTTP/1.1" 200 52
INFO 2026-06-10 12:35:57,089 middleware → POST /api/v1/auth/refresh/ | User: Anonymous | IP: 127.0.0.1
INFO 2026-06-10 12:35:57,089 middleware → POST /api/v1/auth/refresh/ | User: Anonymous | IP: 127.0.0.1
INFO 2026-06-10 12:35:57,093 middleware → POST /api/v1/auth/refresh/ | User: Anonymous | IP: 127.0.0.1
INFO 2026-06-10 12:35:57,093 middleware → POST /api/v1/auth/refresh/ | User: Anonymous | IP: 127.0.0.1
INFO 2026-06-10 12:35:57,149 middleware ← POST /api/v1/auth/refresh/ | Status: 401 | Duration: 0.06s
INFO 2026-06-10 12:35:57,149 middleware ← POST /api/v1/auth/refresh/ | Status: 401 | Duration: 0.06s
WARNING 2026-06-10 12:35:57,153 basehttp "POST /api/v1/auth/refresh/ HTTP/1.1" 401 58
WARNING 2026-06-10 12:35:57,153 basehttp "POST /api/v1/auth/refresh/ HTTP/1.1" 401 58
INFO 2026-06-10 12:35:57,174 middleware → POST /api/v1/auth/refresh/ | User: Anonymous | IP: 127.0.0.1
INFO 2026-06-10 12:35:57,174 middleware → POST /api/v1/auth/refresh/ | User: Anonymous | IP: 127.0.0.1
INFO 2026-06-10 12:35:57,202 middleware ← POST /api/v1/auth/refresh/ | Status: 401 | Duration: 0.11s
INFO 2026-06-10 12:35:57,202 middleware ← POST /api/v1/auth/refresh/ | Status: 401 | Duration: 0.11s
WARNING 2026-06-10 12:35:57,205 basehttp "POST /api/v1/auth/refresh/ HTTP/1.1" 401 58
WARNING 2026-06-10 12:35:57,205 basehttp "POST /api/v1/auth/refresh/ HTTP/1.1" 401 58
INFO 2026-06-10 12:35:57,211 middleware ← POST /api/v1/auth/refresh/ | Status: 401 | Duration: 0.04s
INFO 2026-06-10 12:35:57,211 middleware ← POST /api/v1/auth/refresh/ | Status: 401 | Duration: 0.04s
WARNING 2026-06-10 12:35:57,213 basehttp "POST /api/v1/auth/refresh/ HTTP/1.1" 401 58
WARNING 2026-06-10 12:35:57,213 basehttp "POST /api/v1/auth/refresh/ HTTP/1.1" 401 58
INFO 2026-06-10 12:37:40,728 basehttp "OPTIONS /api/v1/auth/login/ HTTP/1.1" 200 0
INFO 2026-06-10 12:37:40,728 basehttp "OPTIONS /api/v1/auth/login/ HTTP/1.1" 200 0
INFO 2026-06-10 12:37:40,730 middleware → POST /api/v1/auth/login/ | User: Anonymous | IP: 127.0.0.1
INFO 2026-06-10 12:37:40,730 middleware → POST /api/v1/auth/login/ | User: Anonymous | IP: 127.0.0.1
INFO 2026-06-10 12:37:41,724 middleware ← POST /api/v1/auth/login/ | Status: 200 | Duration: 0.99s
INFO 2026-06-10 12:37:41,724 middleware ← POST /api/v1/auth/login/ | Status: 200 | Duration: 0.99s
INFO 2026-06-10 12:37:41,726 basehttp "POST /api/v1/auth/login/ HTTP/1.1" 200 788
INFO 2026-06-10 12:37:41,726 basehttp "POST /api/v1/auth/login/ HTTP/1.1" 200 788
INFO 2026-06-10 12:37:44,918 basehttp "OPTIONS /api/v1/inventory/products/ HTTP/1.1" 200 0
INFO 2026-06-10 12:37:44,918 basehttp "OPTIONS /api/v1/inventory/products/ HTTP/1.1" 200 0
INFO 2026-06-10 12:37:44,926 middleware → GET /api/v1/inventory/products/ | User: Anonymous | IP: 127.0.0.1
INFO 2026-06-10 12:37:44,926 middleware → GET /api/v1/inventory/products/ | User: Anonymous | IP: 127.0.0.1
INFO 2026-06-10 12:37:44,937 basehttp "OPTIONS /api/v1/sales/customers/ HTTP/1.1" 200 0
INFO 2026-06-10 12:37:44,937 basehttp "OPTIONS /api/v1/sales/customers/ HTTP/1.1" 200 0
INFO 2026-06-10 12:37:44,950 middleware → GET /api/v1/sales/customers/ | User: Anonymous | IP: 127.0.0.1
INFO 2026-06-10 12:37:44,950 middleware → GET /api/v1/sales/customers/ | User: Anonymous | IP: 127.0.0.1
INFO 2026-06-10 12:37:44,966 basehttp "OPTIONS /api/v1/sales/customers/ HTTP/1.1" 200 0
INFO 2026-06-10 12:37:44,966 basehttp "OPTIONS /api/v1/sales/customers/ HTTP/1.1" 200 0
INFO 2026-06-10 12:37:45,048 middleware ← GET /api/v1/sales/customers/ | Status: 200 | Duration: 0.10s
INFO 2026-06-10 12:37:45,048 middleware ← GET /api/v1/sales/customers/ | Status: 200 | Duration: 0.10s
INFO 2026-06-10 12:37:45,049 basehttp "GET /api/v1/sales/customers/ HTTP/1.1" 200 52
INFO 2026-06-10 12:37:45,049 basehttp "GET /api/v1/sales/customers/ HTTP/1.1" 200 52
INFO 2026-06-10 12:37:45,053 middleware → GET /api/v1/sales/customers/ | User: Anonymous | IP: 127.0.0.1
INFO 2026-06-10 12:37:45,053 middleware → GET /api/v1/sales/customers/ | User: Anonymous | IP: 127.0.0.1
INFO 2026-06-10 12:37:45,067 middleware ← GET /api/v1/inventory/products/ | Status: 200 | Duration: 0.14s
INFO 2026-06-10 12:37:45,067 middleware ← GET /api/v1/inventory/products/ | Status: 200 | Duration: 0.14s
INFO 2026-06-10 12:37:45,079 basehttp "GET /api/v1/inventory/products/ HTTP/1.1" 200 52
INFO 2026-06-10 12:37:45,079 basehttp "GET /api/v1/inventory/products/ HTTP/1.1" 200 52
INFO 2026-06-10 12:37:45,112 middleware → GET /api/v1/inventory/products/ | User: Anonymous | IP: 127.0.0.1
INFO 2026-06-10 12:37:45,112 middleware → GET /api/v1/inventory/products/ | User: Anonymous | IP: 127.0.0.1
INFO 2026-06-10 12:37:45,157 middleware ← GET /api/v1/sales/customers/ | Status: 200 | Duration: 0.10s
INFO 2026-06-10 12:37:45,157 middleware ← GET /api/v1/sales/customers/ | Status: 200 | Duration: 0.10s
INFO 2026-06-10 12:37:45,160 basehttp "GET /api/v1/sales/customers/ HTTP/1.1" 200 52
INFO 2026-06-10 12:37:45,160 basehttp "GET /api/v1/sales/customers/ HTTP/1.1" 200 52
INFO 2026-06-10 12:37:45,171 middleware ← GET /api/v1/inventory/products/ | Status: 200 | Duration: 0.06s
INFO 2026-06-10 12:37:45,171 middleware ← GET /api/v1/inventory/products/ | Status: 200 | Duration: 0.06s
INFO 2026-06-10 12:37:45,173 basehttp "GET /api/v1/inventory/products/ HTTP/1.1" 200 52
INFO 2026-06-10 12:37:45,173 basehttp "GET /api/v1/inventory/products/ HTTP/1.1" 200 52
INFO 2026-06-10 12:39:26,691 basehttp "OPTIONS /api/v1/financials/transactions/?start_date=2026-06-10&end_date=2026-06-10&page_size=100 HTTP/1.1" 200 0
INFO 2026-06-10 12:39:26,693 basehttp "OPTIONS /api/v1/sales/sales/?start_date=2026-06-10&end_date=2026-06-10&page_size=100 HTTP/1.1" 200 0
INFO 2026-06-10 12:39:26,694 basehttp "OPTIONS /api/v1/financials/petty-cash/?start_date=2026-06-10&end_date=2026-06-10&page_size=100 HTTP/1.1" 200 0
INFO 2026-06-10 12:39:26,691 basehttp "OPTIONS /api/v1/financials/transactions/?start_date=2026-06-10&end_date=2026-06-10&page_size=100 HTTP/1.1" 200 0
INFO 2026-06-10 12:39:26,693 basehttp "OPTIONS /api/v1/sales/sales/?start_date=2026-06-10&end_date=2026-06-10&page_size=100 HTTP/1.1" 200 0
INFO 2026-06-10 12:39:26,704 middleware → GET /api/v1/hr/payroll/ | User: Anonymous | IP: 127.0.0.1
INFO 2026-06-10 12:39:26,707 basehttp "OPTIONS /api/v1/financials/transactions/?start_date=2026-06-10&end_date=2026-06-10&page_size=100 HTTP/1.1" 200 0
INFO 2026-06-10 12:39:26,694 basehttp "OPTIONS /api/v1/financials/petty-cash/?start_date=2026-06-10&end_date=2026-06-10&page_size=100 HTTP/1.1" 200 0
INFO 2026-06-10 12:39:26,712 basehttp "OPTIONS /api/v1/sales/sales/?start_date=2026-06-10&end_date=2026-06-10&page_size=100 HTTP/1.1" 200 0
INFO 2026-06-10 12:39:26,712 basehttp "OPTIONS /api/v1/sales/sales/?start_date=2026-06-10&end_date=2026-06-10&page_size=100 HTTP/1.1" 200 0
INFO 2026-06-10 12:39:26,715 middleware → GET /api/v1/sales/sales/ | User: Anonymous | IP: 127.0.0.1
INFO 2026-06-10 12:39:26,704 middleware → GET /api/v1/hr/payroll/ | User: Anonymous | IP: 127.0.0.1
INFO 2026-06-10 12:39:26,707 basehttp "OPTIONS /api/v1/financials/transactions/?start_date=2026-06-10&end_date=2026-06-10&page_size=100 HTTP/1.1" 200 0
INFO 2026-06-10 12:39:26,724 middleware → GET /api/v1/financials/transactions/ | User: Anonymous | IP: 127.0.0.1
INFO 2026-06-10 12:39:26,718 basehttp "OPTIONS /api/v1/financials/petty-cash/?start_date=2026-06-10&end_date=2026-06-10&page_size=100 HTTP/1.1" 200 0
INFO 2026-06-10 12:39:26,715 middleware → GET /api/v1/sales/sales/ | User: Anonymous | IP: 127.0.0.1
INFO 2026-06-10 12:39:26,760 middleware → GET /api/v1/financials/petty-cash/ | User: Anonymous | IP: 127.0.0.1
INFO 2026-06-10 12:39:26,724 middleware → GET /api/v1/financials/transactions/ | User: Anonymous | IP: 127.0.0.1
INFO 2026-06-10 12:39:26,718 basehttp "OPTIONS /api/v1/financials/petty-cash/?start_date=2026-06-10&end_date=2026-06-10&page_size=100 HTTP/1.1" 200 0
INFO 2026-06-10 12:39:26,760 middleware → GET /api/v1/financials/petty-cash/ | User: Anonymous | IP: 127.0.0.1
INFO 2026-06-10 12:39:26,878 middleware ← GET /api/v1/hr/payroll/ | Status: 200 | Duration: 0.17s
INFO 2026-06-10 12:39:26,878 middleware ← GET /api/v1/hr/payroll/ | Status: 200 | Duration: 0.17s
INFO 2026-06-10 12:39:26,879 basehttp "GET /api/v1/hr/payroll/ HTTP/1.1" 200 52
INFO 2026-06-10 12:39:26,879 basehttp "GET /api/v1/hr/payroll/ HTTP/1.1" 200 52
INFO 2026-06-10 12:39:26,886 middleware → GET /api/v1/hr/payroll/ | User: Anonymous | IP: 127.0.0.1
INFO 2026-06-10 12:39:26,886 middleware → GET /api/v1/hr/payroll/ | User: Anonymous | IP: 127.0.0.1
INFO 2026-06-10 12:39:26,893 middleware ← GET /api/v1/financials/petty-cash/ | Status: 200 | Duration: 0.13s
INFO 2026-06-10 12:39:26,893 middleware ← GET /api/v1/financials/petty-cash/ | Status: 200 | Duration: 0.13s
INFO 2026-06-10 12:39:26,913 middleware ← GET /api/v1/financials/transactions/ | Status: 200 | Duration: 0.19s
INFO 2026-06-10 12:39:26,913 middleware ← GET /api/v1/financials/transactions/ | Status: 200 | Duration: 0.19s
INFO 2026-06-10 12:39:26,918 basehttp "GET /api/v1/financials/petty-cash/?start_date=2026-06-10&end_date=2026-06-10&page_size=100 HTTP/1.1" 200 52
INFO 2026-06-10 12:39:26,918 basehttp "GET /api/v1/financials/petty-cash/?start_date=2026-06-10&end_date=2026-06-10&page_size=100 HTTP/1.1" 200 52
INFO 2026-06-10 12:39:26,939 middleware → GET /api/v1/financials/petty-cash/ | User: Anonymous | IP: 127.0.0.1
INFO 2026-06-10 12:39:26,939 middleware → GET /api/v1/financials/petty-cash/ | User: Anonymous | IP: 127.0.0.1
INFO 2026-06-10 12:39:26,928 basehttp "GET /api/v1/financials/transactions/?start_date=2026-06-10&end_date=2026-06-10&page_size=100 HTTP/1.1" 200 52
INFO 2026-06-10 12:39:26,928 basehttp "GET /api/v1/financials/transactions/?start_date=2026-06-10&end_date=2026-06-10&page_size=100 HTTP/1.1" 200 52
INFO 2026-06-10 12:39:26,955 middleware → GET /api/v1/financials/transactions/ | User: Anonymous | IP: 127.0.0.1
INFO 2026-06-10 12:39:26,955 middleware → GET /api/v1/financials/transactions/ | User: Anonymous | IP: 127.0.0.1
INFO 2026-06-10 12:39:27,030 middleware ← GET /api/v1/financials/petty-cash/ | Status: 200 | Duration: 0.09s
INFO 2026-06-10 12:39:27,030 middleware ← GET /api/v1/financials/petty-cash/ | Status: 200 | Duration: 0.09s
INFO 2026-06-10 12:39:27,054 middleware ← GET /api/v1/sales/sales/ | Status: 200 | Duration: 0.34s
INFO 2026-06-10 12:39:27,054 middleware ← GET /api/v1/sales/sales/ | Status: 200 | Duration: 0.34s
INFO 2026-06-10 12:39:27,061 basehttp "GET /api/v1/sales/sales/?start_date=2026-06-10&end_date=2026-06-10&page_size=100 HTTP/1.1" 200 52
INFO 2026-06-10 12:39:27,061 basehttp "GET /api/v1/sales/sales/?start_date=2026-06-10&end_date=2026-06-10&page_size=100 HTTP/1.1" 200 52
INFO 2026-06-10 12:39:27,067 middleware → GET /api/v1/sales/sales/ | User: Anonymous | IP: 127.0.0.1
INFO 2026-06-10 12:39:27,056 basehttp "GET /api/v1/financials/petty-cash/?start_date=2026-06-10&end_date=2026-06-10&page_size=100 HTTP/1.1" 200 52
INFO 2026-06-10 12:39:27,056 basehttp "GET /api/v1/financials/petty-cash/?start_date=2026-06-10&end_date=2026-06-10&page_size=100 HTTP/1.1" 200 52
INFO 2026-06-10 12:39:27,067 middleware → GET /api/v1/sales/sales/ | User: Anonymous | IP: 127.0.0.1
INFO 2026-06-10 12:39:27,101 basehttp "OPTIONS /api/v1/financials/invoices/?status=paid&start_date=2026-06-10&end_date=2026-06-10&page_size=100 HTTP/1.1" 200 0
INFO 2026-06-10 12:39:27,101 basehttp "OPTIONS /api/v1/financials/invoices/?status=paid&start_date=2026-06-10&end_date=2026-06-10&page_size=100 HTTP/1.1" 200 0
INFO 2026-06-10 12:39:27,142 middleware → GET /api/v1/financials/invoices/ | User: Anonymous | IP: 127.0.0.1
INFO 2026-06-10 12:39:27,144 middleware ← GET /api/v1/hr/payroll/ | Status: 200 | Duration: 0.26s
INFO 2026-06-10 12:39:27,144 middleware ← GET /api/v1/hr/payroll/ | Status: 200 | Duration: 0.26s
INFO 2026-06-10 12:39:27,145 middleware ← GET /api/v1/financials/transactions/ | Status: 200 | Duration: 0.19s
INFO 2026-06-10 12:39:27,145 middleware ← GET /api/v1/financials/transactions/ | Status: 200 | Duration: 0.19s
INFO 2026-06-10 12:39:27,164 middleware ← GET /api/v1/sales/sales/ | Status: 200 | Duration: 0.10s
INFO 2026-06-10 12:39:27,142 middleware → GET /api/v1/financials/invoices/ | User: Anonymous | IP: 127.0.0.1
INFO 2026-06-10 12:39:27,170 basehttp "GET /api/v1/hr/payroll/ HTTP/1.1" 200 52
INFO 2026-06-10 12:39:27,175 basehttp "GET /api/v1/financials/transactions/?start_date=2026-06-10&end_date=2026-06-10&page_size=100 HTTP/1.1" 200 52
INFO 2026-06-10 12:39:27,175 basehttp "GET /api/v1/financials/transactions/?start_date=2026-06-10&end_date=2026-06-10&page_size=100 HTTP/1.1" 200 52
INFO 2026-06-10 12:39:27,170 basehttp "GET /api/v1/hr/payroll/ HTTP/1.1" 200 52
INFO 2026-06-10 12:39:27,164 middleware ← GET /api/v1/sales/sales/ | Status: 200 | Duration: 0.10s
INFO 2026-06-10 12:39:27,227 basehttp "GET /api/v1/sales/sales/?start_date=2026-06-10&end_date=2026-06-10&page_size=100 HTTP/1.1" 200 52
INFO 2026-06-10 12:39:27,227 basehttp "GET /api/v1/sales/sales/?start_date=2026-06-10&end_date=2026-06-10&page_size=100 HTTP/1.1" 200 52
INFO 2026-06-10 12:39:27,262 middleware ← GET /api/v1/financials/invoices/ | Status: 200 | Duration: 0.12s
INFO 2026-06-10 12:39:27,262 middleware ← GET /api/v1/financials/invoices/ | Status: 200 | Duration: 0.12s
INFO 2026-06-10 12:39:27,267 basehttp "GET /api/v1/financials/invoices/?status=paid&start_date=2026-06-10&end_date=2026-06-10&page_size=100 HTTP/1.1" 200 52
INFO 2026-06-10 12:39:27,267 basehttp "GET /api/v1/financials/invoices/?status=paid&start_date=2026-06-10&end_date=2026-06-10&page_size=100 HTTP/1.1" 200 52
INFO 2026-06-10 12:39:27,292 middleware → GET /api/v1/financials/invoices/ | User: Anonymous | IP: 127.0.0.1
INFO 2026-06-10 12:39:27,292 middleware → GET /api/v1/financials/invoices/ | User: Anonymous | IP: 127.0.0.1
INFO 2026-06-10 12:39:27,358 middleware ← GET /api/v1/financials/invoices/ | Status: 200 | Duration: 0.07s
INFO 2026-06-10 12:39:27,358 middleware ← GET /api/v1/financials/invoices/ | Status: 200 | Duration: 0.07s
INFO 2026-06-10 12:39:27,365 basehttp "GET /api/v1/financials/invoices/?status=paid&start_date=2026-06-10&end_date=2026-06-10&page_size=100 HTTP/1.1" 200 52
INFO 2026-06-10 12:39:27,365 basehttp "GET /api/v1/financials/invoices/?status=paid&start_date=2026-06-10&end_date=2026-06-10&page_size=100 HTTP/1.1" 200 52
INFO 2026-06-10 12:39:43,502 middleware → POST /api/v1/auth/login/ | User: Anonymous | IP: 127.0.0.1
INFO 2026-06-10 12:39:43,502 middleware → POST /api/v1/auth/login/ | User: Anonymous | IP: 127.0.0.1
INFO 2026-06-10 12:39:45,007 middleware ← POST /api/v1/auth/login/ | Status: 200 | Duration: 1.50s
INFO 2026-06-10 12:39:45,007 middleware ← POST /api/v1/auth/login/ | Status: 200 | Duration: 1.50s
INFO 2026-06-10 12:39:45,012 basehttp "POST /api/v1/auth/login/ HTTP/1.1" 200 788
INFO 2026-06-10 12:39:45,012 basehttp "POST /api/v1/auth/login/ HTTP/1.1" 200 788
INFO 2026-06-10 12:39:45,729 middleware → GET /api/v1/inventory/products/ | User: Anonymous | IP: 127.0.0.1
INFO 2026-06-10 12:39:45,732 middleware → GET /api/v1/sales/customers/ | User: Anonymous | IP: 127.0.0.1
INFO 2026-06-10 12:39:45,729 middleware → GET /api/v1/inventory/products/ | User: Anonymous | IP: 127.0.0.1
INFO 2026-06-10 12:39:45,732 middleware → GET /api/v1/sales/customers/ | User: Anonymous | IP: 127.0.0.1
INFO 2026-06-10 12:39:45,807 middleware ← GET /api/v1/sales/customers/ | Status: 200 | Duration: 0.08s
INFO 2026-06-10 12:39:45,809 middleware ← GET /api/v1/inventory/products/ | Status: 200 | Duration: 0.08s
INFO 2026-06-10 12:39:45,807 middleware ← GET /api/v1/sales/customers/ | Status: 200 | Duration: 0.08s
INFO 2026-06-10 12:39:45,809 middleware ← GET /api/v1/inventory/products/ | Status: 200 | Duration: 0.08s
INFO 2026-06-10 12:39:45,814 basehttp "GET /api/v1/sales/customers/ HTTP/1.1" 200 52
INFO 2026-06-10 12:39:45,814 basehttp "GET /api/v1/sales/customers/ HTTP/1.1" 200 52
INFO 2026-06-10 12:39:45,819 basehttp "GET /api/v1/inventory/products/ HTTP/1.1" 200 52
INFO 2026-06-10 12:39:45,823 middleware → GET /api/v1/sales/customers/ | User: Anonymous | IP: 127.0.0.1
INFO 2026-06-10 12:39:45,819 basehttp "GET /api/v1/inventory/products/ HTTP/1.1" 200 52
INFO 2026-06-10 12:39:45,823 middleware → GET /api/v1/sales/customers/ | User: Anonymous | IP: 127.0.0.1
INFO 2026-06-10 12:39:45,958 middleware → GET /api/v1/inventory/products/ | User: Anonymous | IP: 127.0.0.1
INFO 2026-06-10 12:39:45,958 middleware → GET /api/v1/inventory/products/ | User: Anonymous | IP: 127.0.0.1
INFO 2026-06-10 12:39:46,059 middleware ← GET /api/v1/inventory/products/ | Status: 200 | Duration: 0.10s
INFO 2026-06-10 12:39:46,059 middleware ← GET /api/v1/inventory/products/ | Status: 200 | Duration: 0.10s
INFO 2026-06-10 12:39:46,069 middleware ← GET /api/v1/sales/customers/ | Status: 200 | Duration: 0.25s
INFO 2026-06-10 12:39:46,069 middleware ← GET /api/v1/sales/customers/ | Status: 200 | Duration: 0.25s
INFO 2026-06-10 12:39:46,078 basehttp "GET /api/v1/inventory/products/ HTTP/1.1" 200 52
INFO 2026-06-10 12:39:46,078 basehttp "GET /api/v1/inventory/products/ HTTP/1.1" 200 52
INFO 2026-06-10 12:39:46,080 basehttp "GET /api/v1/sales/customers/ HTTP/1.1" 200 52
INFO 2026-06-10 12:39:46,080 basehttp "GET /api/v1/sales/customers/ HTTP/1.1" 200 52
INFO 2026-06-10 12:40:10,943 middleware → GET /admin/core/user/add/ | User: admin@bizsmart.com | IP: 127.0.0.1
INFO 2026-06-10 12:40:10,943 middleware → GET /admin/core/user/add/ | User: admin@bizsmart.com | IP: 127.0.0.1
INFO 2026-06-10 12:40:11,502 middleware ← GET /admin/core/user/add/ | Status: 200 | Duration: 0.59s
INFO 2026-06-10 12:40:11,502 middleware ← GET /admin/core/user/add/ | Status: 200 | Duration: 0.59s
INFO 2026-06-10 12:40:11,505 basehttp "GET /admin/core/user/add/ HTTP/1.1" 200 23619
INFO 2026-06-10 12:40:11,505 basehttp "GET /admin/core/user/add/ HTTP/1.1" 200 23619
INFO 2026-06-10 12:40:11,624 middleware → GET /admin/jsi18n/ | User: admin@bizsmart.com | IP: 127.0.0.1
INFO 2026-06-10 12:40:11,624 middleware → GET /admin/jsi18n/ | User: admin@bizsmart.com | IP: 127.0.0.1
INFO 2026-06-10 12:40:11,634 middleware ← GET /admin/jsi18n/ | Status: 200 | Duration: 0.02s
INFO 2026-06-10 12:40:11,634 middleware ← GET /admin/jsi18n/ | Status: 200 | Duration: 0.02s
INFO 2026-06-10 12:40:11,639 basehttp "GET /admin/jsi18n/ HTTP/1.1" 200 3343
INFO 2026-06-10 12:40:11,639 basehttp "GET /admin/jsi18n/ HTTP/1.1" 200 3343
INFO 2026-06-10 12:40:13,753 middleware → GET /admin/core/role/ | User: admin@bizsmart.com | IP: 127.0.0.1
INFO 2026-06-10 12:40:13,753 middleware → GET /admin/core/role/ | User: admin@bizsmart.com | IP: 127.0.0.1
INFO 2026-06-10 12:40:13,889 middleware ← GET /admin/core/role/ | Status: 200 | Duration: 0.15s
INFO 2026-06-10 12:40:13,889 middleware ← GET /admin/core/role/ | Status: 200 | Duration: 0.15s
INFO 2026-06-10 12:40:13,891 basehttp "GET /admin/core/role/ HTTP/1.1" 200 18258
INFO 2026-06-10 12:40:13,891 basehttp "GET /admin/core/role/ HTTP/1.1" 200 18258
INFO 2026-06-10 12:40:13,955 middleware → GET /admin/jsi18n/ | User: admin@bizsmart.com | IP: 127.0.0.1
INFO 2026-06-10 12:40:13,955 middleware → GET /admin/jsi18n/ | User: admin@bizsmart.com | IP: 127.0.0.1
INFO 2026-06-10 12:40:13,964 middleware ← GET /admin/jsi18n/ | Status: 200 | Duration: 0.02s
INFO 2026-06-10 12:40:13,964 middleware ← GET /admin/jsi18n/ | Status: 200 | Duration: 0.02s
INFO 2026-06-10 12:40:14,009 basehttp "GET /admin/jsi18n/ HTTP/1.1" 200 3343
INFO 2026-06-10 12:40:14,009 basehttp "GET /admin/jsi18n/ HTTP/1.1" 200 3343
INFO 2026-06-10 12:40:16,084 middleware → GET /admin/core/role/add/ | User: admin@bizsmart.com | IP: 127.0.0.1
INFO 2026-06-10 12:40:16,084 middleware → GET /admin/core/role/add/ | User: admin@bizsmart.com | IP: 127.0.0.1
INFO 2026-06-10 12:40:16,166 middleware ← GET /admin/core/role/add/ | Status: 200 | Duration: 0.09s
INFO 2026-06-10 12:40:16,166 middleware ← GET /admin/core/role/add/ | Status: 200 | Duration: 0.09s
INFO 2026-06-10 12:40:16,168 basehttp "GET /admin/core/role/add/ HTTP/1.1" 200 18322
INFO 2026-06-10 12:40:16,168 basehttp "GET /admin/core/role/add/ HTTP/1.1" 200 18322
INFO 2026-06-10 12:40:16,225 middleware → GET /admin/jsi18n/ | User: admin@bizsmart.com | IP: 127.0.0.1
INFO 2026-06-10 12:40:16,225 middleware → GET /admin/jsi18n/ | User: admin@bizsmart.com | IP: 127.0.0.1
INFO 2026-06-10 12:40:16,228 middleware ← GET /admin/jsi18n/ | Status: 200 | Duration: 0.02s
INFO 2026-06-10 12:40:16,228 middleware ← GET /admin/jsi18n/ | Status: 200 | Duration: 0.02s
INFO 2026-06-10 12:40:16,236 basehttp "GET /admin/jsi18n/ HTTP/1.1" 200 3343
INFO 2026-06-10 12:40:16,236 basehttp "GET /admin/jsi18n/ HTTP/1.1" 200 3343
INFO 2026-06-10 12:40:21,290 middleware → POST /admin/core/role/add/ | User: admin@bizsmart.com | IP: 127.0.0.1
INFO 2026-06-10 12:40:21,290 middleware → POST /admin/core/role/add/ | User: admin@bizsmart.com | IP: 127.0.0.1
INFO 2026-06-10 12:40:21,343 logging_utils AUDIT: admin@bizsmart.com - CREATE - auth - POST /admin/core/role/add/
INFO 2026-06-10 12:40:21,343 logging_utils AUDIT: admin@bizsmart.com - CREATE - auth - POST /admin/core/role/add/
INFO 2026-06-10 12:40:21,344 middleware ← POST /admin/core/role/add/ | Status: 302 | Duration: 0.07s
INFO 2026-06-10 12:40:21,344 middleware ← POST /admin/core/role/add/ | Status: 302 | Duration: 0.07s
INFO 2026-06-10 12:40:21,347 basehttp "POST /admin/core/role/add/ HTTP/1.1" 302 0
INFO 2026-06-10 12:40:21,347 basehttp "POST /admin/core/role/add/ HTTP/1.1" 302 0
INFO 2026-06-10 12:40:21,367 middleware → GET /admin/core/role/ | User: admin@bizsmart.com | IP: 127.0.0.1
INFO 2026-06-10 12:40:21,367 middleware → GET /admin/core/role/ | User: admin@bizsmart.com | IP: 127.0.0.1
INFO 2026-06-10 12:40:21,419 middleware ← GET /admin/core/role/ | Status: 200 | Duration: 0.06s
INFO 2026-06-10 12:40:21,419 middleware ← GET /admin/core/role/ | Status: 200 | Duration: 0.06s
INFO 2026-06-10 12:40:21,422 basehttp "GET /admin/core/role/ HTTP/1.1" 200 18701
INFO 2026-06-10 12:40:21,422 basehttp "GET /admin/core/role/ HTTP/1.1" 200 18701
INFO 2026-06-10 12:40:21,539 middleware → GET /admin/jsi18n/ | User: admin@bizsmart.com | IP: 127.0.0.1
INFO 2026-06-10 12:40:21,539 middleware → GET /admin/jsi18n/ | User: admin@bizsmart.com | IP: 127.0.0.1
INFO 2026-06-10 12:40:21,560 middleware ← GET /admin/jsi18n/ | Status: 200 | Duration: 0.04s
INFO 2026-06-10 12:40:21,560 middleware ← GET /admin/jsi18n/ | Status: 200 | Duration: 0.04s
INFO 2026-06-10 12:40:21,584 basehttp "GET /admin/jsi18n/ HTTP/1.1" 200 3343
INFO 2026-06-10 12:40:21,584 basehttp "GET /admin/jsi18n/ HTTP/1.1" 200 3343
INFO 2026-06-10 12:40:24,227 middleware → GET /admin/core/user/ | User: admin@bizsmart.com | IP: 127.0.0.1
INFO 2026-06-10 12:40:24,227 middleware → GET /admin/core/user/ | User: admin@bizsmart.com | IP: 127.0.0.1
INFO 2026-06-10 12:40:24,401 middleware ← GET /admin/core/user/ | Status: 200 | Duration: 0.22s
INFO 2026-06-10 12:40:24,401 middleware ← GET /admin/core/user/ | Status: 200 | Duration: 0.22s
INFO 2026-06-10 12:40:24,464 basehttp "GET /admin/core/user/ HTTP/1.1" 200 20940
INFO 2026-06-10 12:40:24,464 basehttp "GET /admin/core/user/ HTTP/1.1" 200 20940
INFO 2026-06-10 12:40:24,518 middleware → GET /admin/jsi18n/ | User: admin@bizsmart.com | IP: 127.0.0.1
INFO 2026-06-10 12:40:24,518 middleware → GET /admin/jsi18n/ | User: admin@bizsmart.com | IP: 127.0.0.1
INFO 2026-06-10 12:40:24,522 middleware ← GET /admin/jsi18n/ | Status: 200 | Duration: 0.01s
INFO 2026-06-10 12:40:24,522 middleware ← GET /admin/jsi18n/ | Status: 200 | Duration: 0.01s
INFO 2026-06-10 12:40:24,556 basehttp "GET /admin/jsi18n/ HTTP/1.1" 200 3343
INFO 2026-06-10 12:40:24,556 basehttp "GET /admin/jsi18n/ HTTP/1.1" 200 3343
INFO 2026-06-10 12:40:26,053 middleware → GET /admin/core/user/add/ | User: admin@bizsmart.com | IP: 127.0.0.1
INFO 2026-06-10 12:40:26,053 middleware → GET /admin/core/user/add/ | User: admin@bizsmart.com | IP: 127.0.0.1
INFO 2026-06-10 12:40:26,173 middleware ← GET /admin/core/user/add/ | Status: 200 | Duration: 0.14s
INFO 2026-06-10 12:40:26,173 middleware ← GET /admin/core/user/add/ | Status: 200 | Duration: 0.14s
INFO 2026-06-10 12:40:26,183 basehttp "GET /admin/core/user/add/ HTTP/1.1" 200 23664
INFO 2026-06-10 12:40:26,183 basehttp "GET /admin/core/user/add/ HTTP/1.1" 200 23664
INFO 2026-06-10 12:40:26,285 middleware → GET /admin/jsi18n/ | User: admin@bizsmart.com | IP: 127.0.0.1
INFO 2026-06-10 12:40:26,285 middleware → GET /admin/jsi18n/ | User: admin@bizsmart.com | IP: 127.0.0.1
INFO 2026-06-10 12:40:26,310 middleware ← GET /admin/jsi18n/ | Status: 200 | Duration: 0.06s
INFO 2026-06-10 12:40:26,310 middleware ← GET /admin/jsi18n/ | Status: 200 | Duration: 0.06s
INFO 2026-06-10 12:40:26,313 basehttp "GET /admin/jsi18n/ HTTP/1.1" 200 3343
INFO 2026-06-10 12:40:26,313 basehttp "GET /admin/jsi18n/ HTTP/1.1" 200 3343
INFO 2026-06-10 12:41:17,834 middleware → POST /admin/core/user/add/ | User: admin@bizsmart.com | IP: 127.0.0.1
INFO 2026-06-10 12:41:17,834 middleware → POST /admin/core/user/add/ | User: admin@bizsmart.com | IP: 127.0.0.1
INFO 2026-06-10 12:41:19,442 logging_utils AUDIT: admin@bizsmart.com - CREATE - auth - POST /admin/core/user/add/
INFO 2026-06-10 12:41:19,442 logging_utils AUDIT: admin@bizsmart.com - CREATE - auth - POST /admin/core/user/add/
INFO 2026-06-10 12:41:19,443 middleware ← POST /admin/core/user/add/ | Status: 302 | Duration: 1.62s
INFO 2026-06-10 12:41:19,443 middleware ← POST /admin/core/user/add/ | Status: 302 | Duration: 1.62s
INFO 2026-06-10 12:41:19,446 basehttp "POST /admin/core/user/add/ HTTP/1.1" 302 0
INFO 2026-06-10 12:41:19,446 basehttp "POST /admin/core/user/add/ HTTP/1.1" 302 0
INFO 2026-06-10 12:41:19,461 middleware → GET /admin/core/user/2/change/ | User: admin@bizsmart.com | IP: 127.0.0.1
INFO 2026-06-10 12:41:19,461 middleware → GET /admin/core/user/2/change/ | User: admin@bizsmart.com | IP: 127.0.0.1
INFO 2026-06-10 12:41:19,631 middleware ← GET /admin/core/user/2/change/ | Status: 200 | Duration: 0.18s
INFO 2026-06-10 12:41:19,631 middleware ← GET /admin/core/user/2/change/ | Status: 200 | Duration: 0.18s
INFO 2026-06-10 12:41:19,633 basehttp "GET /admin/core/user/2/change/ HTTP/1.1" 200 44154
INFO 2026-06-10 12:41:19,633 basehttp "GET /admin/core/user/2/change/ HTTP/1.1" 200 44154
INFO 2026-06-10 12:41:19,722 middleware → GET /admin/jsi18n/ | User: admin@bizsmart.com | IP: 127.0.0.1
INFO 2026-06-10 12:41:19,722 middleware → GET /admin/jsi18n/ | User: admin@bizsmart.com | IP: 127.0.0.1
INFO 2026-06-10 12:41:19,729 middleware ← GET /admin/jsi18n/ | Status: 200 | Duration: 0.02s
INFO 2026-06-10 12:41:19,729 middleware ← GET /admin/jsi18n/ | Status: 200 | Duration: 0.02s
INFO 2026-06-10 12:41:19,731 basehttp "GET /admin/jsi18n/ HTTP/1.1" 200 3343
INFO 2026-06-10 12:41:19,731 basehttp "GET /admin/jsi18n/ HTTP/1.1" 200 3343
INFO 2026-06-10 12:41:50,426 middleware → POST /admin/core/user/2/change/ | User: admin@bizsmart.com | IP: 127.0.0.1
INFO 2026-06-10 12:41:50,426 middleware → POST /admin/core/user/2/change/ | User: admin@bizsmart.com | IP: 127.0.0.1
INFO 2026-06-10 12:41:50,526 logging_utils AUDIT: admin@bizsmart.com - CREATE - auth - POST /admin/core/user/2/change/
INFO 2026-06-10 12:41:50,526 logging_utils AUDIT: admin@bizsmart.com - CREATE - auth - POST /admin/core/user/2/change/
INFO 2026-06-10 12:41:50,529 middleware ← POST /admin/core/user/2/change/ | Status: 302 | Duration: 0.12s
INFO 2026-06-10 12:41:50,529 middleware ← POST /admin/core/user/2/change/ | Status: 302 | Duration: 0.12s
INFO 2026-06-10 12:41:50,546 basehttp "POST /admin/core/user/2/change/ HTTP/1.1" 302 0
INFO 2026-06-10 12:41:50,546 basehttp "POST /admin/core/user/2/change/ HTTP/1.1" 302 0
INFO 2026-06-10 12:41:50,577 middleware → GET /admin/core/user/ | User: admin@bizsmart.com | IP: 127.0.0.1
INFO 2026-06-10 12:41:50,577 middleware → GET /admin/core/user/ | User: admin@bizsmart.com | IP: 127.0.0.1
INFO 2026-06-10 12:41:50,737 middleware ← GET /admin/core/user/ | Status: 200 | Duration: 0.18s
INFO 2026-06-10 12:41:50,737 middleware ← GET /admin/core/user/ | Status: 200 | Duration: 0.18s
INFO 2026-06-10 12:41:50,754 basehttp "GET /admin/core/user/ HTTP/1.1" 200 21806
INFO 2026-06-10 12:41:50,754 basehttp "GET /admin/core/user/ HTTP/1.1" 200 21806
INFO 2026-06-10 12:41:50,834 basehttp "GET /static/admin/img/icon-no.svg HTTP/1.1" 304 0
INFO 2026-06-10 12:41:50,834 basehttp "GET /static/admin/img/icon-no.svg HTTP/1.1" 304 0
INFO 2026-06-10 12:41:50,863 middleware → GET /admin/jsi18n/ | User: admin@bizsmart.com | IP: 127.0.0.1
INFO 2026-06-10 12:41:50,863 middleware → GET /admin/jsi18n/ | User: admin@bizsmart.com | IP: 127.0.0.1
INFO 2026-06-10 12:41:50,868 middleware ← GET /admin/jsi18n/ | Status: 200 | Duration: 0.02s
INFO 2026-06-10 12:41:50,868 middleware ← GET /admin/jsi18n/ | Status: 200 | Duration: 0.02s
INFO 2026-06-10 12:41:50,872 basehttp "GET /admin/jsi18n/ HTTP/1.1" 200 3343
INFO 2026-06-10 12:41:50,872 basehttp "GET /admin/jsi18n/ HTTP/1.1" 200 3343
INFO 2026-06-10 12:42:12,766 middleware → POST /api/v1/auth/login/ | User: Anonymous | IP: 127.0.0.1
INFO 2026-06-10 12:42:12,766 middleware → POST /api/v1/auth/login/ | User: Anonymous | IP: 127.0.0.1
INFO 2026-06-10 12:42:14,286 middleware ← POST /api/v1/auth/login/ | Status: 200 | Duration: 1.52s
INFO 2026-06-10 12:42:14,286 middleware ← POST /api/v1/auth/login/ | Status: 200 | Duration: 1.52s
INFO 2026-06-10 12:42:14,288 basehttp "POST /api/v1/auth/login/ HTTP/1.1" 200 797
INFO 2026-06-10 12:42:14,288 basehttp "POST /api/v1/auth/login/ HTTP/1.1" 200 797
INFO 2026-06-10 12:42:24,704 middleware → GET /api/v1/bi/dashboard/available-months/ | User: Anonymous | IP: 127.0.0.1
INFO 2026-06-10 12:42:24,704 middleware → GET /api/v1/bi/dashboard/available-months/ | User: Anonymous | IP: 127.0.0.1
INFO 2026-06-10 12:42:24,751 middleware ← GET /api/v1/bi/dashboard/available-months/ | Status: 200 | Duration: 0.05s
INFO 2026-06-10 12:42:24,751 middleware ← GET /api/v1/bi/dashboard/available-months/ | Status: 200 | Duration: 0.05s
INFO 2026-06-10 12:42:24,754 basehttp "GET /api/v1/bi/dashboard/available-months/ HTTP/1.1" 200 116
INFO 2026-06-10 12:42:24,754 basehttp "GET /api/v1/bi/dashboard/available-months/ HTTP/1.1" 200 116
INFO 2026-06-10 12:42:24,759 middleware → GET /api/v1/bi/dashboard/available-months/ | User: Anonymous | IP: 127.0.0.1
INFO 2026-06-10 12:42:24,759 middleware → GET /api/v1/bi/dashboard/available-months/ | User: Anonymous | IP: 127.0.0.1
INFO 2026-06-10 12:42:24,800 middleware ← GET /api/v1/bi/dashboard/available-months/ | Status: 200 | Duration: 0.04s
INFO 2026-06-10 12:42:24,800 middleware ← GET /api/v1/bi/dashboard/available-months/ | Status: 200 | Duration: 0.04s
INFO 2026-06-10 12:42:24,803 basehttp "GET /api/v1/bi/dashboard/available-months/ HTTP/1.1" 200 116
INFO 2026-06-10 12:42:24,803 basehttp "GET /api/v1/bi/dashboard/available-months/ HTTP/1.1" 200 116
INFO 2026-06-10 12:42:24,845 middleware → GET /api/v1/bi/financial/summary/ | User: Anonymous | IP: 127.0.0.1
INFO 2026-06-10 12:42:24,845 middleware → GET /api/v1/bi/financial/summary/ | User: Anonymous | IP: 127.0.0.1
INFO 2026-06-10 12:42:24,854 basehttp "OPTIONS /api/v1/bi/financial/profit-loss/ HTTP/1.1" 200 0
INFO 2026-06-10 12:42:24,854 basehttp "OPTIONS /api/v1/bi/financial/profit-loss/ HTTP/1.1" 200 0
INFO 2026-06-10 12:42:24,858 middleware → GET /api/v1/bi/financial/profit-loss/ | User: Anonymous | IP: 127.0.0.1
INFO 2026-06-10 12:42:24,858 middleware → GET /api/v1/bi/financial/profit-loss/ | User: Anonymous | IP: 127.0.0.1
INFO 2026-06-10 12:42:24,871 middleware ← GET /api/v1/bi/financial/summary/ | Status: 403 | Duration: 0.03s
INFO 2026-06-10 12:42:24,871 middleware ← GET /api/v1/bi/financial/summary/ | Status: 403 | Duration: 0.03s
WARNING 2026-06-10 12:42:24,875 basehttp "GET /api/v1/bi/financial/summary/ HTTP/1.1" 403 63
WARNING 2026-06-10 12:42:24,875 basehttp "GET /api/v1/bi/financial/summary/ HTTP/1.1" 403 63
INFO 2026-06-10 12:42:24,888 middleware ← GET /api/v1/bi/financial/profit-loss/ | Status: 403 | Duration: 0.03s
INFO 2026-06-10 12:42:24,888 middleware ← GET /api/v1/bi/financial/profit-loss/ | Status: 403 | Duration: 0.03s
WARNING 2026-06-10 12:42:24,890 basehttp "GET /api/v1/bi/financial/profit-loss/ HTTP/1.1" 403 63
WARNING 2026-06-10 12:42:24,890 basehttp "GET /api/v1/bi/financial/profit-loss/ HTTP/1.1" 403 63
INFO 2026-06-10 12:42:24,927 basehttp "OPTIONS /api/v1/bi/executive/ HTTP/1.1" 200 0
INFO 2026-06-10 12:42:24,927 basehttp "OPTIONS /api/v1/bi/executive/ HTTP/1.1" 200 0
INFO 2026-06-10 12:42:24,934 middleware → GET /api/v1/bi/executive/ | User: Anonymous | IP: 127.0.0.1
INFO 2026-06-10 12:42:24,934 middleware → GET /api/v1/bi/executive/ | User: Anonymous | IP: 127.0.0.1
INFO 2026-06-10 12:42:25,229 middleware ← GET /api/v1/bi/executive/ | Status: 200 | Duration: 0.30s
INFO 2026-06-10 12:42:25,229 middleware ← GET /api/v1/bi/executive/ | Status: 200 | Duration: 0.30s
INFO 2026-06-10 12:42:25,231 basehttp "GET /api/v1/bi/executive/ HTTP/1.1" 200 2128
INFO 2026-06-10 12:42:25,231 basehttp "GET /api/v1/bi/executive/ HTTP/1.1" 200 2128
INFO 2026-06-10 12:42:44,997 basehttp "OPTIONS /api/v1/auth/profile/ HTTP/1.1" 200 0
INFO 2026-06-10 12:42:44,997 basehttp "OPTIONS /api/v1/auth/profile/ HTTP/1.1" 200 0
INFO 2026-06-10 12:42:45,001 basehttp "OPTIONS /api/v1/auth/profile/ HTTP/1.1" 200 0
INFO 2026-06-10 12:42:45,005 middleware → GET /api/v1/auth/profile/ | User: Anonymous | IP: 127.0.0.1
INFO 2026-06-10 12:42:45,005 middleware → GET /api/v1/auth/profile/ | User: Anonymous | IP: 127.0.0.1
INFO 2026-06-10 12:42:45,001 basehttp "OPTIONS /api/v1/auth/profile/ HTTP/1.1" 200 0
INFO 2026-06-10 12:42:45,159 middleware ← GET /api/v1/auth/profile/ | Status: 200 | Duration: 0.15s
INFO 2026-06-10 12:42:45,159 middleware ← GET /api/v1/auth/profile/ | Status: 200 | Duration: 0.15s
INFO 2026-06-10 12:42:45,165 basehttp "GET /api/v1/auth/profile/ HTTP/1.1" 200 277
INFO 2026-06-10 12:42:45,165 basehttp "GET /api/v1/auth/profile/ HTTP/1.1" 200 277
INFO 2026-06-10 12:42:45,184 middleware → GET /api/v1/auth/profile/ | User: Anonymous | IP: 127.0.0.1
INFO 2026-06-10 12:42:45,184 middleware → GET /api/v1/auth/profile/ | User: Anonymous | IP: 127.0.0.1
INFO 2026-06-10 12:42:45,301 middleware ← GET /api/v1/auth/profile/ | Status: 200 | Duration: 0.12s
INFO 2026-06-10 12:42:45,301 middleware ← GET /api/v1/auth/profile/ | Status: 200 | Duration: 0.12s
INFO 2026-06-10 12:42:45,310 basehttp "GET /api/v1/auth/profile/ HTTP/1.1" 200 277
INFO 2026-06-10 12:42:45,310 basehttp "GET /api/v1/auth/profile/ HTTP/1.1" 200 277
INFO 2026-06-10 12:42:55,189 middleware → GET /api/v1/sales/sales/ | User: Anonymous | IP: 127.0.0.1
INFO 2026-06-10 12:42:55,193 middleware → GET /api/v1/financials/transactions/ | User: Anonymous | IP: 127.0.0.1
INFO 2026-06-10 12:42:55,198 middleware → GET /api/v1/hr/payroll/ | User: Anonymous | IP: 127.0.0.1
INFO 2026-06-10 12:42:55,200 middleware → GET /api/v1/financials/petty-cash/ | User: Anonymous | IP: 127.0.0.1
INFO 2026-06-10 12:42:55,189 middleware → GET /api/v1/sales/sales/ | User: Anonymous | IP: 127.0.0.1
INFO 2026-06-10 12:42:55,193 middleware → GET /api/v1/financials/transactions/ | User: Anonymous | IP: 127.0.0.1
INFO 2026-06-10 12:42:55,198 middleware → GET /api/v1/hr/payroll/ | User: Anonymous | IP: 127.0.0.1
INFO 2026-06-10 12:42:55,200 middleware → GET /api/v1/financials/petty-cash/ | User: Anonymous | IP: 127.0.0.1
INFO 2026-06-10 12:42:55,256 middleware ← GET /api/v1/financials/transactions/ | Status: 200 | Duration: 0.06s
INFO 2026-06-10 12:42:55,256 middleware ← GET /api/v1/financials/transactions/ | Status: 200 | Duration: 0.06s
INFO 2026-06-10 12:42:55,266 middleware ← GET /api/v1/financials/petty-cash/ | Status: 200 | Duration: 0.07s
INFO 2026-06-10 12:42:55,266 middleware ← GET /api/v1/financials/petty-cash/ | Status: 200 | Duration: 0.07s
INFO 2026-06-10 12:42:55,270 basehttp "GET /api/v1/financials/petty-cash/?start_date=2026-06-10&end_date=2026-06-10&page_size=100 HTTP/1.1" 200 52
INFO 2026-06-10 12:42:55,270 basehttp "GET /api/v1/financials/petty-cash/?start_date=2026-06-10&end_date=2026-06-10&page_size=100 HTTP/1.1" 200 52
INFO 2026-06-10 12:42:55,272 basehttp "GET /api/v1/financials/transactions/?start_date=2026-06-10&end_date=2026-06-10&page_size=100 HTTP/1.1" 200 52
INFO 2026-06-10 12:42:55,276 middleware → GET /api/v1/financials/petty-cash/ | User: Anonymous | IP: 127.0.0.1
INFO 2026-06-10 12:42:55,272 basehttp "GET /api/v1/financials/transactions/?start_date=2026-06-10&end_date=2026-06-10&page_size=100 HTTP/1.1" 200 52
INFO 2026-06-10 12:42:55,276 middleware → GET /api/v1/financials/petty-cash/ | User: Anonymous | IP: 127.0.0.1
INFO 2026-06-10 12:42:55,288 middleware → GET /api/v1/financials/transactions/ | User: Anonymous | IP: 127.0.0.1
INFO 2026-06-10 12:42:55,288 middleware → GET /api/v1/financials/transactions/ | User: Anonymous | IP: 127.0.0.1
INFO 2026-06-10 12:42:55,310 middleware ← GET /api/v1/hr/payroll/ | Status: 200 | Duration: 0.11s
INFO 2026-06-10 12:42:55,310 middleware ← GET /api/v1/hr/payroll/ | Status: 200 | Duration: 0.11s
INFO 2026-06-10 12:42:55,320 basehttp "GET /api/v1/hr/payroll/ HTTP/1.1" 200 52
INFO 2026-06-10 12:42:55,320 basehttp "GET /api/v1/hr/payroll/ HTTP/1.1" 200 52
INFO 2026-06-10 12:42:55,328 middleware → GET /api/v1/hr/payroll/ | User: Anonymous | IP: 127.0.0.1
INFO 2026-06-10 12:42:55,328 middleware → GET /api/v1/hr/payroll/ | User: Anonymous | IP: 127.0.0.1
INFO 2026-06-10 12:42:55,380 middleware ← GET /api/v1/sales/sales/ | Status: 200 | Duration: 0.19s
INFO 2026-06-10 12:42:55,380 middleware ← GET /api/v1/sales/sales/ | Status: 200 | Duration: 0.19s
INFO 2026-06-10 12:42:55,387 basehttp "GET /api/v1/sales/sales/?start_date=2026-06-10&end_date=2026-06-10&page_size=100 HTTP/1.1" 200 52
INFO 2026-06-10 12:42:55,391 middleware → GET /api/v1/sales/sales/ | User: Anonymous | IP: 127.0.0.1
INFO 2026-06-10 12:42:55,387 basehttp "GET /api/v1/sales/sales/?start_date=2026-06-10&end_date=2026-06-10&page_size=100 HTTP/1.1" 200 52
INFO 2026-06-10 12:42:55,391 middleware → GET /api/v1/sales/sales/ | User: Anonymous | IP: 127.0.0.1
INFO 2026-06-10 12:42:55,404 middleware → GET /api/v1/financials/invoices/ | User: Anonymous | IP: 127.0.0.1
INFO 2026-06-10 12:42:55,404 middleware → GET /api/v1/financials/invoices/ | User: Anonymous | IP: 127.0.0.1
INFO 2026-06-10 12:42:55,428 middleware ← GET /api/v1/financials/transactions/ | Status: 200 | Duration: 0.14s
INFO 2026-06-10 12:42:55,430 middleware ← GET /api/v1/financials/petty-cash/ | Status: 200 | Duration: 0.15s
INFO 2026-06-10 12:42:55,430 middleware ← GET /api/v1/financials/petty-cash/ | Status: 200 | Duration: 0.15s
INFO 2026-06-10 12:42:55,438 basehttp "GET /api/v1/financials/petty-cash/?start_date=2026-06-10&end_date=2026-06-10&page_size=100 HTTP/1.1" 200 52
INFO 2026-06-10 12:42:55,438 basehttp "GET /api/v1/financials/petty-cash/?start_date=2026-06-10&end_date=2026-06-10&page_size=100 HTTP/1.1" 200 52
INFO 2026-06-10 12:42:55,428 middleware ← GET /api/v1/financials/transactions/ | Status: 200 | Duration: 0.14s
INFO 2026-06-10 12:42:55,457 basehttp "GET /api/v1/financials/transactions/?start_date=2026-06-10&end_date=2026-06-10&page_size=100 HTTP/1.1" 200 52
INFO 2026-06-10 12:42:55,457 basehttp "GET /api/v1/financials/transactions/?start_date=2026-06-10&end_date=2026-06-10&page_size=100 HTTP/1.1" 200 52
INFO 2026-06-10 12:42:55,478 middleware ← GET /api/v1/sales/sales/ | Status: 200 | Duration: 0.09s
INFO 2026-06-10 12:42:55,478 middleware ← GET /api/v1/sales/sales/ | Status: 200 | Duration: 0.09s
INFO 2026-06-10 12:42:55,484 basehttp "GET /api/v1/sales/sales/?start_date=2026-06-10&end_date=2026-06-10&page_size=100 HTTP/1.1" 200 52
INFO 2026-06-10 12:42:55,482 middleware ← GET /api/v1/financials/invoices/ | Status: 200 | Duration: 0.08s
INFO 2026-06-10 12:42:55,484 basehttp "GET /api/v1/sales/sales/?start_date=2026-06-10&end_date=2026-06-10&page_size=100 HTTP/1.1" 200 52
INFO 2026-06-10 12:42:55,482 middleware ← GET /api/v1/financials/invoices/ | Status: 200 | Duration: 0.08s
INFO 2026-06-10 12:42:55,497 basehttp "GET /api/v1/financials/invoices/?status=paid&start_date=2026-06-10&end_date=2026-06-10&page_size=100 HTTP/1.1" 200 52
INFO 2026-06-10 12:42:55,497 basehttp "GET /api/v1/financials/invoices/?status=paid&start_date=2026-06-10&end_date=2026-06-10&page_size=100 HTTP/1.1" 200 52
INFO 2026-06-10 12:42:55,532 middleware ← GET /api/v1/hr/payroll/ | Status: 200 | Duration: 0.20s
INFO 2026-06-10 12:42:55,532 middleware ← GET /api/v1/hr/payroll/ | Status: 200 | Duration: 0.20s
INFO 2026-06-10 12:42:55,538 basehttp "GET /api/v1/hr/payroll/ HTTP/1.1" 200 52
INFO 2026-06-10 12:42:55,538 basehttp "GET /api/v1/hr/payroll/ HTTP/1.1" 200 52
INFO 2026-06-10 12:42:55,557 middleware → GET /api/v1/financials/invoices/ | User: Anonymous | IP: 127.0.0.1
INFO 2026-06-10 12:42:55,557 middleware → GET /api/v1/financials/invoices/ | User: Anonymous | IP: 127.0.0.1
INFO 2026-06-10 12:42:55,595 middleware ← GET /api/v1/financials/invoices/ | Status: 200 | Duration: 0.04s
INFO 2026-06-10 12:42:55,595 middleware ← GET /api/v1/financials/invoices/ | Status: 200 | Duration: 0.04s
INFO 2026-06-10 12:42:55,597 basehttp "GET /api/v1/financials/invoices/?status=paid&start_date=2026-06-10&end_date=2026-06-10&page_size=100 HTTP/1.1" 200 52
INFO 2026-06-10 12:42:55,597 basehttp "GET /api/v1/financials/invoices/?status=paid&start_date=2026-06-10&end_date=2026-06-10&page_size=100 HTTP/1.1" 200 52
INFO 2026-06-10 12:42:58,818 middleware → GET /api/v1/financials/transactions/ | User: Anonymous | IP: 127.0.0.1
INFO 2026-06-10 12:42:58,818 middleware → GET /api/v1/financials/transactions/ | User: Anonymous | IP: 127.0.0.1
INFO 2026-06-10 12:42:58,862 middleware ← GET /api/v1/financials/transactions/ | Status: 200 | Duration: 0.04s
INFO 2026-06-10 12:42:58,862 middleware ← GET /api/v1/financials/transactions/ | Status: 200 | Duration: 0.04s
INFO 2026-06-10 12:42:58,869 basehttp "GET /api/v1/financials/transactions/?page=1&page_size=20 HTTP/1.1" 200 52
INFO 2026-06-10 12:42:58,869 basehttp "GET /api/v1/financials/transactions/?page=1&page_size=20 HTTP/1.1" 200 52
INFO 2026-06-10 12:42:58,902 middleware → GET /api/v1/financials/transactions/ | User: Anonymous | IP: 127.0.0.1
INFO 2026-06-10 12:42:58,902 middleware → GET /api/v1/financials/transactions/ | User: Anonymous | IP: 127.0.0.1
INFO 2026-06-10 12:42:58,945 middleware ← GET /api/v1/financials/transactions/ | Status: 200 | Duration: 0.04s
INFO 2026-06-10 12:42:58,945 middleware ← GET /api/v1/financials/transactions/ | Status: 200 | Duration: 0.04s
INFO 2026-06-10 12:42:58,947 basehttp "GET /api/v1/financials/transactions/?page=1&page_size=20 HTTP/1.1" 200 52
INFO 2026-06-10 12:42:58,947 basehttp "GET /api/v1/financials/transactions/?page=1&page_size=20 HTTP/1.1" 200 52
INFO 2026-06-10 12:44:27,444 middleware → POST /api/v1/auth/login/ | User: Anonymous | IP: 127.0.0.1
INFO 2026-06-10 12:44:27,444 middleware → POST /api/v1/auth/login/ | User: Anonymous | IP: 127.0.0.1
INFO 2026-06-10 12:44:29,371 logging_utils AUDIT: auditor@bizsmart.com - CREATE - auth - POST /api/v1/auth/login/
INFO 2026-06-10 12:44:29,371 logging_utils AUDIT: auditor@bizsmart.com - CREATE - auth - POST /api/v1/auth/login/
INFO 2026-06-10 12:44:29,375 middleware ← POST /api/v1/auth/login/ | Status: 401 | Duration: 1.93s
INFO 2026-06-10 12:44:29,375 middleware ← POST /api/v1/auth/login/ | Status: 401 | Duration: 1.93s
WARNING 2026-06-10 12:44:29,400 basehttp "POST /api/v1/auth/login/ HTTP/1.1" 401 50
WARNING 2026-06-10 12:44:29,400 basehttp "POST /api/v1/auth/login/ HTTP/1.1" 401 50
INFO 2026-06-10 12:44:29,418 middleware → POST /api/v1/auth/refresh/ | User: Anonymous | IP: 127.0.0.1
INFO 2026-06-10 12:44:29,418 middleware → POST /api/v1/auth/refresh/ | User: Anonymous | IP: 127.0.0.1
INFO 2026-06-10 12:44:29,472 middleware ← POST /api/v1/auth/refresh/ | Status: 200 | Duration: 0.05s
INFO 2026-06-10 12:44:29,472 middleware ← POST /api/v1/auth/refresh/ | Status: 200 | Duration: 0.05s
INFO 2026-06-10 12:44:29,475 basehttp "POST /api/v1/auth/refresh/ HTTP/1.1" 200 483
INFO 2026-06-10 12:44:29,475 basehttp "POST /api/v1/auth/refresh/ HTTP/1.1" 200 483
INFO 2026-06-10 12:44:29,493 middleware → POST /api/v1/auth/login/ | User: Anonymous | IP: 127.0.0.1
INFO 2026-06-10 12:44:29,493 middleware → POST /api/v1/auth/login/ | User: Anonymous | IP: 127.0.0.1
INFO 2026-06-10 12:44:31,132 logging_utils AUDIT: auditor@bizsmart.com - CREATE - auth - POST /api/v1/auth/login/
INFO 2026-06-10 12:44:31,132 logging_utils AUDIT: auditor@bizsmart.com - CREATE - auth - POST /api/v1/auth/login/
INFO 2026-06-10 12:44:31,132 middleware ← POST /api/v1/auth/login/ | Status: 401 | Duration: 1.64s
INFO 2026-06-10 12:44:31,132 middleware ← POST /api/v1/auth/login/ | Status: 401 | Duration: 1.64s
WARNING 2026-06-10 12:44:31,134 basehttp "POST /api/v1/auth/login/ HTTP/1.1" 401 50
WARNING 2026-06-10 12:44:31,134 basehttp "POST /api/v1/auth/login/ HTTP/1.1" 401 50
INFO 2026-06-10 12:44:40,581 middleware → POST /api/v1/auth/login/ | User: Anonymous | IP: 127.0.0.1
INFO 2026-06-10 12:44:40,581 middleware → POST /api/v1/auth/login/ | User: Anonymous | IP: 127.0.0.1
INFO 2026-06-10 12:44:42,302 logging_utils AUDIT: auditor@bizsmart.com - LOGIN - auth - User auditor@bizsmart.com logged in
INFO 2026-06-10 12:44:42,302 logging_utils AUDIT: auditor@bizsmart.com - LOGIN - auth - User auditor@bizsmart.com logged in
INFO 2026-06-10 12:44:42,315 logging_utils AUDIT: auditor@bizsmart.com - CREATE - auth - POST /api/v1/auth/login/
INFO 2026-06-10 12:44:42,315 logging_utils AUDIT: auditor@bizsmart.com - CREATE - auth - POST /api/v1/auth/login/
INFO 2026-06-10 12:44:42,320 logging_utils AUDIT: auditor@bizsmart.com - LOGIN - auth - User logged in
INFO 2026-06-10 12:44:42,320 logging_utils AUDIT: auditor@bizsmart.com - LOGIN - auth - User logged in
INFO 2026-06-10 12:44:42,321 middleware ← POST /api/v1/auth/login/ | Status: 200 | Duration: 1.74s
INFO 2026-06-10 12:44:42,321 middleware ← POST /api/v1/auth/login/ | Status: 200 | Duration: 1.74s
INFO 2026-06-10 12:44:42,324 basehttp "POST /api/v1/auth/login/ HTTP/1.1" 200 797
INFO 2026-06-10 12:44:42,324 basehttp "POST /api/v1/auth/login/ HTTP/1.1" 200 797
INFO 2026-06-10 12:44:44,909 middleware → GET /api/v1/bi/dashboard/available-months/ | User: Anonymous | IP: 127.0.0.1
INFO 2026-06-10 12:44:44,909 middleware → GET /api/v1/bi/dashboard/available-months/ | User: Anonymous | IP: 127.0.0.1
INFO 2026-06-10 12:44:45,010 middleware ← GET /api/v1/bi/dashboard/available-months/ | Status: 200 | Duration: 0.10s
INFO 2026-06-10 12:44:45,010 middleware ← GET /api/v1/bi/dashboard/available-months/ | Status: 200 | Duration: 0.10s
INFO 2026-06-10 12:44:45,021 basehttp "GET /api/v1/bi/dashboard/available-months/ HTTP/1.1" 200 116
INFO 2026-06-10 12:44:45,021 basehttp "GET /api/v1/bi/dashboard/available-months/ HTTP/1.1" 200 116
INFO 2026-06-10 12:44:45,060 middleware → GET /api/v1/bi/executive/ | User: Anonymous | IP: 127.0.0.1
INFO 2026-06-10 12:44:45,062 middleware → GET /api/v1/bi/financial/summary/ | User: Anonymous | IP: 127.0.0.1
INFO 2026-06-10 12:44:45,060 middleware → GET /api/v1/bi/executive/ | User: Anonymous | IP: 127.0.0.1
INFO 2026-06-10 12:44:45,070 middleware → GET /api/v1/bi/financial/profit-loss/ | User: Anonymous | IP: 127.0.0.1
INFO 2026-06-10 12:44:45,062 middleware → GET /api/v1/bi/financial/summary/ | User: Anonymous | IP: 127.0.0.1
INFO 2026-06-10 12:44:45,070 middleware → GET /api/v1/bi/financial/profit-loss/ | User: Anonymous | IP: 127.0.0.1
INFO 2026-06-10 12:44:45,100 middleware ← GET /api/v1/bi/financial/profit-loss/ | Status: 403 | Duration: 0.03s
INFO 2026-06-10 12:44:45,100 middleware ← GET /api/v1/bi/financial/profit-loss/ | Status: 403 | Duration: 0.03s
WARNING 2026-06-10 12:44:45,107 basehttp "GET /api/v1/bi/financial/profit-loss/ HTTP/1.1" 403 63
WARNING 2026-06-10 12:44:45,107 basehttp "GET /api/v1/bi/financial/profit-loss/ HTTP/1.1" 403 63
INFO 2026-06-10 12:44:45,124 middleware ← GET /api/v1/bi/financial/summary/ | Status: 403 | Duration: 0.06s
INFO 2026-06-10 12:44:45,124 middleware ← GET /api/v1/bi/financial/summary/ | Status: 403 | Duration: 0.06s
INFO 2026-06-10 12:44:45,067 middleware → GET /api/v1/bi/dashboard/available-months/ | User: Anonymous | IP: 127.0.0.1
WARNING 2026-06-10 12:44:45,133 basehttp "GET /api/v1/bi/financial/summary/ HTTP/1.1" 403 63
INFO 2026-06-10 12:44:45,067 middleware → GET /api/v1/bi/dashboard/available-months/ | User: Anonymous | IP: 127.0.0.1
WARNING 2026-06-10 12:44:45,133 basehttp "GET /api/v1/bi/financial/summary/ HTTP/1.1" 403 63
INFO 2026-06-10 12:44:45,247 middleware ← GET /api/v1/bi/dashboard/available-months/ | Status: 200 | Duration: 0.18s
INFO 2026-06-10 12:44:45,247 middleware ← GET /api/v1/bi/dashboard/available-months/ | Status: 200 | Duration: 0.18s
INFO 2026-06-10 12:44:45,275 basehttp "GET /api/v1/bi/dashboard/available-months/ HTTP/1.1" 200 116
INFO 2026-06-10 12:44:45,275 basehttp "GET /api/v1/bi/dashboard/available-months/ HTTP/1.1" 200 116
INFO 2026-06-10 12:44:45,588 middleware ← GET /api/v1/bi/executive/ | Status: 200 | Duration: 0.53s
INFO 2026-06-10 12:44:45,588 middleware ← GET /api/v1/bi/executive/ | Status: 200 | Duration: 0.53s
INFO 2026-06-10 12:44:45,614 basehttp "GET /api/v1/bi/executive/ HTTP/1.1" 200 2128
INFO 2026-06-10 12:44:45,614 basehttp "GET /api/v1/bi/executive/ HTTP/1.1" 200 2128
INFO 2026-06-10 12:45:00,935 basehttp "OPTIONS /api/v1/audit/audit-logs/actions/ HTTP/1.1" 200 0
INFO 2026-06-10 12:45:00,935 basehttp "OPTIONS /api/v1/audit/audit-logs/actions/ HTTP/1.1" 200 0
INFO 2026-06-10 12:45:00,945 basehttp "OPTIONS /api/v1/audit/audit-logs/?start_date=&end_date=&action=&module=&page=1&page_size=50 HTTP/1.1" 200 0
INFO 2026-06-10 12:45:00,945 basehttp "OPTIONS /api/v1/audit/audit-logs/?start_date=&end_date=&action=&module=&page=1&page_size=50 HTTP/1.1" 200 0
INFO 2026-06-10 12:45:00,998 basehttp "OPTIONS /api/v1/audit/audit-logs/stats/ HTTP/1.1" 200 0
INFO 2026-06-10 12:45:00,998 basehttp "OPTIONS /api/v1/audit/audit-logs/stats/ HTTP/1.1" 200 0
INFO 2026-06-10 12:45:00,955 basehttp "OPTIONS /api/v1/audit/audit-logs/modules/ HTTP/1.1" 200 0
INFO 2026-06-10 12:45:00,955 basehttp "OPTIONS /api/v1/audit/audit-logs/modules/ HTTP/1.1" 200 0
INFO 2026-06-10 12:45:01,007 middleware → GET /api/v1/audit/audit-logs/actions/ | User: Anonymous | IP: 127.0.0.1
INFO 2026-06-10 12:45:01,007 middleware → GET /api/v1/audit/audit-logs/actions/ | User: Anonymous | IP: 127.0.0.1
INFO 2026-06-10 12:45:01,003 basehttp "OPTIONS /api/v1/audit/audit-logs/actions/ HTTP/1.1" 200 0
INFO 2026-06-10 12:45:00,989 basehttp "OPTIONS /api/v1/audit/audit-logs/stats/ HTTP/1.1" 200 0
INFO 2026-06-10 12:45:00,993 basehttp "OPTIONS /api/v1/audit/audit-logs/?start_date=&end_date=&action=&module=&page=1&page_size=50 HTTP/1.1" 200 0
INFO 2026-06-10 12:45:00,974 basehttp "OPTIONS /api/v1/audit/audit-logs/modules/ HTTP/1.1" 200 0
INFO 2026-06-10 12:45:01,003 basehttp "OPTIONS /api/v1/audit/audit-logs/actions/ HTTP/1.1" 200 0
INFO 2026-06-10 12:45:00,989 basehttp "OPTIONS /api/v1/audit/audit-logs/stats/ HTTP/1.1" 200 0
INFO 2026-06-10 12:45:00,993 basehttp "OPTIONS /api/v1/audit/audit-logs/?start_date=&end_date=&action=&module=&page=1&page_size=50 HTTP/1.1" 200 0
INFO 2026-06-10 12:45:00,974 basehttp "OPTIONS /api/v1/audit/audit-logs/modules/ HTTP/1.1" 200 0
INFO 2026-06-10 12:45:01,029 middleware → GET /api/v1/audit/audit-logs/modules/ | User: Anonymous | IP: 127.0.0.1
INFO 2026-06-10 12:45:01,034 middleware → GET /api/v1/audit/audit-logs/stats/ | User: Anonymous | IP: 127.0.0.1
INFO 2026-06-10 12:45:01,037 middleware → GET /api/v1/audit/audit-logs/ | User: Anonymous | IP: 127.0.0.1
INFO 2026-06-10 12:45:01,029 middleware → GET /api/v1/audit/audit-logs/modules/ | User: Anonymous | IP: 127.0.0.1
INFO 2026-06-10 12:45:01,034 middleware → GET /api/v1/audit/audit-logs/stats/ | User: Anonymous | IP: 127.0.0.1
INFO 2026-06-10 12:45:01,037 middleware → GET /api/v1/audit/audit-logs/ | User: Anonymous | IP: 127.0.0.1
INFO 2026-06-10 12:45:01,415 middleware ← GET /api/v1/audit/audit-logs/stats/ | Status: 404 | Duration: 0.38s
INFO 2026-06-10 12:45:01,420 middleware ← GET /api/v1/audit/audit-logs/actions/ | Status: 404 | Duration: 0.41s
INFO 2026-06-10 12:45:01,432 middleware ← GET /api/v1/audit/audit-logs/modules/ | Status: 404 | Duration: 0.40s
INFO 2026-06-10 12:45:01,435 middleware ← GET /api/v1/audit/audit-logs/ | Status: 404 | Duration: 0.40s
INFO 2026-06-10 12:45:01,415 middleware ← GET /api/v1/audit/audit-logs/stats/ | Status: 404 | Duration: 0.38s
INFO 2026-06-10 12:45:01,420 middleware ← GET /api/v1/audit/audit-logs/actions/ | Status: 404 | Duration: 0.41s
INFO 2026-06-10 12:45:01,432 middleware ← GET /api/v1/audit/audit-logs/modules/ | Status: 404 | Duration: 0.40s
INFO 2026-06-10 12:45:01,435 middleware ← GET /api/v1/audit/audit-logs/ | Status: 404 | Duration: 0.40s
WARNING 2026-06-10 12:45:01,458 basehttp "GET /api/v1/audit/audit-logs/stats/ HTTP/1.1" 404 3361
WARNING 2026-06-10 12:45:01,458 basehttp "GET /api/v1/audit/audit-logs/stats/ HTTP/1.1" 404 3361
WARNING 2026-06-10 12:45:01,469 basehttp "GET /api/v1/audit/audit-logs/modules/ HTTP/1.1" 404 3367
WARNING 2026-06-10 12:45:01,469 basehttp "GET /api/v1/audit/audit-logs/modules/ HTTP/1.1" 404 3367
INFO 2026-06-10 12:45:01,484 middleware → GET /api/v1/audit/audit-logs/actions/ | User: Anonymous | IP: 127.0.0.1
INFO 2026-06-10 12:45:01,528 middleware → GET /api/v1/audit/audit-logs/ | User: Anonymous | IP: 127.0.0.1
WARNING 2026-06-10 12:45:01,480 basehttp "GET /api/v1/audit/audit-logs/?start_date=&end_date=&action=&module=&page=1&page_size=50 HTTP/1.1" 404 3421
WARNING 2026-06-10 12:45:01,480 basehttp "GET /api/v1/audit/audit-logs/?start_date=&end_date=&action=&module=&page=1&page_size=50 HTTP/1.1" 404 3421
INFO 2026-06-10 12:45:01,484 middleware → GET /api/v1/audit/audit-logs/actions/ | User: Anonymous | IP: 127.0.0.1
INFO 2026-06-10 12:45:01,528 middleware → GET /api/v1/audit/audit-logs/ | User: Anonymous | IP: 127.0.0.1
INFO 2026-06-10 12:45:01,534 middleware → GET /api/v1/audit/audit-logs/modules/ | User: Anonymous | IP: 127.0.0.1
INFO 2026-06-10 12:45:01,548 middleware → GET /api/v1/audit/audit-logs/stats/ | User: Anonymous | IP: 127.0.0.1
INFO 2026-06-10 12:45:01,587 middleware ← GET /api/v1/audit/audit-logs/ | Status: 404 | Duration: 0.06s
INFO 2026-06-10 12:45:01,587 middleware ← GET /api/v1/audit/audit-logs/ | Status: 404 | Duration: 0.06s
INFO 2026-06-10 12:45:01,583 middleware ← GET /api/v1/audit/audit-logs/actions/ | Status: 404 | Duration: 0.10s
INFO 2026-06-10 12:45:01,583 middleware ← GET /api/v1/audit/audit-logs/actions/ | Status: 404 | Duration: 0.10s
WARNING 2026-06-10 12:45:01,593 basehttp "GET /api/v1/audit/audit-logs/?start_date=&end_date=&action=&module=&page=1&page_size=50 HTTP/1.1" 404 3421
WARNING 2026-06-10 12:45:01,593 basehttp "GET /api/v1/audit/audit-logs/?start_date=&end_date=&action=&module=&page=1&page_size=50 HTTP/1.1" 404 3421
INFO 2026-06-10 12:45:01,534 middleware → GET /api/v1/audit/audit-logs/modules/ | User: Anonymous | IP: 127.0.0.1
WARNING 2026-06-10 12:45:01,549 basehttp "GET /api/v1/audit/audit-logs/actions/ HTTP/1.1" 404 3367
INFO 2026-06-10 12:45:01,548 middleware → GET /api/v1/audit/audit-logs/stats/ | User: Anonymous | IP: 127.0.0.1
WARNING 2026-06-10 12:45:01,594 basehttp "GET /api/v1/audit/audit-logs/actions/ HTTP/1.1" 404 3367
WARNING 2026-06-10 12:45:01,594 basehttp "GET /api/v1/audit/audit-logs/actions/ HTTP/1.1" 404 3367
WARNING 2026-06-10 12:45:01,549 basehttp "GET /api/v1/audit/audit-logs/actions/ HTTP/1.1" 404 3367
INFO 2026-06-10 12:45:01,745 middleware ← GET /api/v1/audit/audit-logs/stats/ | Status: 404 | Duration: 0.20s
INFO 2026-06-10 12:45:01,745 middleware ← GET /api/v1/audit/audit-logs/stats/ | Status: 404 | Duration: 0.20s
WARNING 2026-06-10 12:45:01,758 basehttp "GET /api/v1/audit/audit-logs/stats/ HTTP/1.1" 404 3361
WARNING 2026-06-10 12:45:01,758 basehttp "GET /api/v1/audit/audit-logs/stats/ HTTP/1.1" 404 3361
INFO 2026-06-10 12:45:01,821 middleware ← GET /api/v1/audit/audit-logs/modules/ | Status: 404 | Duration: 0.29s
INFO 2026-06-10 12:45:01,821 middleware ← GET /api/v1/audit/audit-logs/modules/ | Status: 404 | Duration: 0.29s
WARNING 2026-06-10 12:45:01,847 basehttp "GET /api/v1/audit/audit-logs/modules/ HTTP/1.1" 404 3367
WARNING 2026-06-10 12:45:01,847 basehttp "GET /api/v1/audit/audit-logs/modules/ HTTP/1.1" 404 3367
INFO 2026-06-10 12:45:03,485 middleware → GET /api/v1/bi/dashboard/available-months/ | User: Anonymous | IP: 127.0.0.1
INFO 2026-06-10 12:45:03,485 middleware → GET /api/v1/bi/dashboard/available-months/ | User: Anonymous | IP: 127.0.0.1
INFO 2026-06-10 12:45:03,557 middleware ← GET /api/v1/bi/dashboard/available-months/ | Status: 200 | Duration: 0.07s
INFO 2026-06-10 12:45:03,557 middleware ← GET /api/v1/bi/dashboard/available-months/ | Status: 200 | Duration: 0.07s
INFO 2026-06-10 12:45:03,559 basehttp "GET /api/v1/bi/dashboard/available-months/ HTTP/1.1" 200 116
INFO 2026-06-10 12:45:03,559 basehttp "GET /api/v1/bi/dashboard/available-months/ HTTP/1.1" 200 116
INFO 2026-06-10 12:45:03,575 middleware → GET /api/v1/bi/dashboard/available-months/ | User: Anonymous | IP: 127.0.0.1
INFO 2026-06-10 12:45:03,575 middleware → GET /api/v1/bi/dashboard/available-months/ | User: Anonymous | IP: 127.0.0.1
INFO 2026-06-10 12:45:03,617 middleware ← GET /api/v1/bi/dashboard/available-months/ | Status: 200 | Duration: 0.04s
INFO 2026-06-10 12:45:03,617 middleware ← GET /api/v1/bi/dashboard/available-months/ | Status: 200 | Duration: 0.04s
INFO 2026-06-10 12:45:03,620 basehttp "GET /api/v1/bi/dashboard/available-months/ HTTP/1.1" 200 116
INFO 2026-06-10 12:45:03,620 basehttp "GET /api/v1/bi/dashboard/available-months/ HTTP/1.1" 200 116
INFO 2026-06-10 12:45:03,686 middleware → GET /api/v1/bi/executive/ | User: Anonymous | IP: 127.0.0.1
INFO 2026-06-10 12:45:03,686 middleware → GET /api/v1/bi/executive/ | User: Anonymous | IP: 127.0.0.1
INFO 2026-06-10 12:45:03,728 middleware → GET /api/v1/bi/financial/summary/ | User: Anonymous | IP: 127.0.0.1
INFO 2026-06-10 12:45:03,728 middleware → GET /api/v1/bi/financial/summary/ | User: Anonymous | IP: 127.0.0.1
INFO 2026-06-10 12:45:03,745 middleware ← GET /api/v1/bi/financial/summary/ | Status: 403 | Duration: 0.02s
INFO 2026-06-10 12:45:03,745 middleware ← GET /api/v1/bi/financial/summary/ | Status: 403 | Duration: 0.02s
WARNING 2026-06-10 12:45:03,752 basehttp "GET /api/v1/bi/financial/summary/ HTTP/1.1" 403 63
WARNING 2026-06-10 12:45:03,752 basehttp "GET /api/v1/bi/financial/summary/ HTTP/1.1" 403 63
INFO 2026-06-10 12:45:03,749 middleware → GET /api/v1/bi/financial/profit-loss/ | User: Anonymous | IP: 127.0.0.1
INFO 2026-06-10 12:45:03,749 middleware → GET /api/v1/bi/financial/profit-loss/ | User: Anonymous | IP: 127.0.0.1
INFO 2026-06-10 12:45:03,781 middleware ← GET /api/v1/bi/financial/profit-loss/ | Status: 403 | Duration: 0.03s
INFO 2026-06-10 12:45:03,781 middleware ← GET /api/v1/bi/financial/profit-loss/ | Status: 403 | Duration: 0.03s
WARNING 2026-06-10 12:45:03,783 basehttp "GET /api/v1/bi/financial/profit-loss/ HTTP/1.1" 403 63
WARNING 2026-06-10 12:45:03,783 basehttp "GET /api/v1/bi/financial/profit-loss/ HTTP/1.1" 403 63
INFO 2026-06-10 12:45:04,112 middleware ← GET /api/v1/bi/executive/ | Status: 200 | Duration: 0.43s
INFO 2026-06-10 12:45:04,112 middleware ← GET /api/v1/bi/executive/ | Status: 200 | Duration: 0.43s
INFO 2026-06-10 12:45:04,115 basehttp "GET /api/v1/bi/executive/ HTTP/1.1" 200 2128
INFO 2026-06-10 12:45:04,115 basehttp "GET /api/v1/bi/executive/ HTTP/1.1" 200 2128
INFO 2026-06-10 12:45:39,181 middleware → GET /api/v1/auth/profile/ | User: Anonymous | IP: 127.0.0.1
INFO 2026-06-10 12:45:39,181 middleware → GET /api/v1/auth/profile/ | User: Anonymous | IP: 127.0.0.1
INFO 2026-06-10 12:45:39,260 middleware ← GET /api/v1/auth/profile/ | Status: 200 | Duration: 0.08s
INFO 2026-06-10 12:45:39,260 middleware ← GET /api/v1/auth/profile/ | Status: 200 | Duration: 0.08s
INFO 2026-06-10 12:45:39,264 basehttp "GET /api/v1/auth/profile/ HTTP/1.1" 200 277
INFO 2026-06-10 12:45:39,264 basehttp "GET /api/v1/auth/profile/ HTTP/1.1" 200 277
INFO 2026-06-10 12:45:39,276 middleware → GET /api/v1/auth/profile/ | User: Anonymous | IP: 127.0.0.1
INFO 2026-06-10 12:45:39,276 middleware → GET /api/v1/auth/profile/ | User: Anonymous | IP: 127.0.0.1
INFO 2026-06-10 12:45:39,299 middleware ← GET /api/v1/auth/profile/ | Status: 200 | Duration: 0.03s
INFO 2026-06-10 12:45:39,299 middleware ← GET /api/v1/auth/profile/ | Status: 200 | Duration: 0.03s
INFO 2026-06-10 12:45:39,304 basehttp "GET /api/v1/auth/profile/ HTTP/1.1" 200 277
INFO 2026-06-10 12:45:39,304 basehttp "GET /api/v1/auth/profile/ HTTP/1.1" 200 277
INFO 2026-06-10 12:46:35,233 middleware → GET /api/v1/audit/audit-logs/modules/ | User: Anonymous | IP: 127.0.0.1
INFO 2026-06-10 12:46:35,233 middleware → GET /api/v1/audit/audit-logs/modules/ | User: Anonymous | IP: 127.0.0.1
INFO 2026-06-10 12:46:35,239 middleware → GET /api/v1/audit/audit-logs/actions/ | User: Anonymous | IP: 127.0.0.1
INFO 2026-06-10 12:46:35,239 middleware → GET /api/v1/audit/audit-logs/actions/ | User: Anonymous | IP: 127.0.0.1
INFO 2026-06-10 12:46:35,241 middleware → GET /api/v1/audit/audit-logs/ | User: Anonymous | IP: 127.0.0.1
INFO 2026-06-10 12:46:35,241 middleware → GET /api/v1/audit/audit-logs/ | User: Anonymous | IP: 127.0.0.1
INFO 2026-06-10 12:46:35,255 middleware → GET /api/v1/audit/audit-logs/stats/ | User: Anonymous | IP: 127.0.0.1
INFO 2026-06-10 12:46:35,255 middleware → GET /api/v1/audit/audit-logs/stats/ | User: Anonymous | IP: 127.0.0.1
INFO 2026-06-10 12:46:35,272 middleware ← GET /api/v1/audit/audit-logs/ | Status: 404 | Duration: 0.03s
INFO 2026-06-10 12:46:35,272 middleware ← GET /api/v1/audit/audit-logs/ | Status: 404 | Duration: 0.03s
WARNING 2026-06-10 12:46:35,284 basehttp "GET /api/v1/audit/audit-logs/?start_date=&end_date=&action=&module=&page=1&page_size=50 HTTP/1.1" 404 3421
WARNING 2026-06-10 12:46:35,284 basehttp "GET /api/v1/audit/audit-logs/?start_date=&end_date=&action=&module=&page=1&page_size=50 HTTP/1.1" 404 3421
INFO 2026-06-10 12:46:35,288 middleware → GET /api/v1/audit/audit-logs/ | User: Anonymous | IP: 127.0.0.1
INFO 2026-06-10 12:46:35,288 middleware → GET /api/v1/audit/audit-logs/ | User: Anonymous | IP: 127.0.0.1
INFO 2026-06-10 12:46:35,309 middleware ← GET /api/v1/audit/audit-logs/modules/ | Status: 404 | Duration: 0.08s
INFO 2026-06-10 12:46:35,309 middleware ← GET /api/v1/audit/audit-logs/modules/ | Status: 404 | Duration: 0.08s
WARNING 2026-06-10 12:46:35,336 basehttp "GET /api/v1/audit/audit-logs/modules/ HTTP/1.1" 404 3367
WARNING 2026-06-10 12:46:35,336 basehttp "GET /api/v1/audit/audit-logs/modules/ HTTP/1.1" 404 3367
INFO 2026-06-10 12:46:35,339 middleware → GET /api/v1/audit/audit-logs/modules/ | User: Anonymous | IP: 127.0.0.1
INFO 2026-06-10 12:46:35,339 middleware → GET /api/v1/audit/audit-logs/modules/ | User: Anonymous | IP: 127.0.0.1
INFO 2026-06-10 12:46:35,377 middleware ← GET /api/v1/audit/audit-logs/actions/ | Status: 404 | Duration: 0.14s
INFO 2026-06-10 12:46:35,377 middleware ← GET /api/v1/audit/audit-logs/actions/ | Status: 404 | Duration: 0.14s
INFO 2026-06-10 12:46:35,383 middleware ← GET /api/v1/audit/audit-logs/ | Status: 404 | Duration: 0.10s
WARNING 2026-06-10 12:46:35,387 basehttp "GET /api/v1/audit/audit-logs/actions/ HTTP/1.1" 404 3367
INFO 2026-06-10 12:46:35,383 middleware ← GET /api/v1/audit/audit-logs/ | Status: 404 | Duration: 0.10s
INFO 2026-06-10 12:46:35,392 middleware ← GET /api/v1/audit/audit-logs/stats/ | Status: 404 | Duration: 0.14s
WARNING 2026-06-10 12:46:35,387 basehttp "GET /api/v1/audit/audit-logs/actions/ HTTP/1.1" 404 3367
WARNING 2026-06-10 12:46:35,396 basehttp "GET /api/v1/audit/audit-logs/?start_date=&end_date=&action=&module=&page=1&page_size=50 HTTP/1.1" 404 3421
INFO 2026-06-10 12:46:35,392 middleware ← GET /api/v1/audit/audit-logs/stats/ | Status: 404 | Duration: 0.14s
INFO 2026-06-10 12:46:35,403 middleware → GET /api/v1/audit/audit-logs/actions/ | User: Anonymous | IP: 127.0.0.1
INFO 2026-06-10 12:46:35,403 middleware → GET /api/v1/audit/audit-logs/actions/ | User: Anonymous | IP: 127.0.0.1
WARNING 2026-06-10 12:46:35,407 basehttp "GET /api/v1/audit/audit-logs/stats/ HTTP/1.1" 404 3361
WARNING 2026-06-10 12:46:35,396 basehttp "GET /api/v1/audit/audit-logs/?start_date=&end_date=&action=&module=&page=1&page_size=50 HTTP/1.1" 404 3421
WARNING 2026-06-10 12:46:35,407 basehttp "GET /api/v1/audit/audit-logs/stats/ HTTP/1.1" 404 3361
INFO 2026-06-10 12:46:35,431 middleware ← GET /api/v1/audit/audit-logs/actions/ | Status: 404 | Duration: 0.03s
INFO 2026-06-10 12:46:35,433 middleware → GET /api/v1/audit/audit-logs/stats/ | User: Anonymous | IP: 127.0.0.1
INFO 2026-06-10 12:46:35,431 middleware ← GET /api/v1/audit/audit-logs/actions/ | Status: 404 | Duration: 0.03s
INFO 2026-06-10 12:46:35,433 middleware → GET /api/v1/audit/audit-logs/stats/ | User: Anonymous | IP: 127.0.0.1
WARNING 2026-06-10 12:46:35,436 basehttp "GET /api/v1/audit/audit-logs/actions/ HTTP/1.1" 404 3367
WARNING 2026-06-10 12:46:35,436 basehttp "GET /api/v1/audit/audit-logs/actions/ HTTP/1.1" 404 3367
INFO 2026-06-10 12:46:35,463 middleware ← GET /api/v1/audit/audit-logs/stats/ | Status: 404 | Duration: 0.03s
INFO 2026-06-10 12:46:35,470 middleware ← GET /api/v1/audit/audit-logs/modules/ | Status: 404 | Duration: 0.13s
INFO 2026-06-10 12:46:35,470 middleware ← GET /api/v1/audit/audit-logs/modules/ | Status: 404 | Duration: 0.13s
INFO 2026-06-10 12:46:35,463 middleware ← GET /api/v1/audit/audit-logs/stats/ | Status: 404 | Duration: 0.03s
WARNING 2026-06-10 12:46:35,479 basehttp "GET /api/v1/audit/audit-logs/stats/ HTTP/1.1" 404 3361
WARNING 2026-06-10 12:46:35,479 basehttp "GET /api/v1/audit/audit-logs/stats/ HTTP/1.1" 404 3361
WARNING 2026-06-10 12:46:35,482 basehttp "GET /api/v1/audit/audit-logs/modules/ HTTP/1.1" 404 3367
WARNING 2026-06-10 12:46:35,482 basehttp "GET /api/v1/audit/audit-logs/modules/ HTTP/1.1" 404 3367
INFO 2026-06-10 12:46:36,904 middleware → GET /api/v1/bi/dashboard/available-months/ | User: Anonymous | IP: 127.0.0.1
INFO 2026-06-10 12:46:36,904 middleware → GET /api/v1/bi/dashboard/available-months/ | User: Anonymous | IP: 127.0.0.1
INFO 2026-06-10 12:46:36,944 middleware ← GET /api/v1/bi/dashboard/available-months/ | Status: 200 | Duration: 0.04s
INFO 2026-06-10 12:46:36,944 middleware ← GET /api/v1/bi/dashboard/available-months/ | Status: 200 | Duration: 0.04s
INFO 2026-06-10 12:46:36,950 basehttp "GET /api/v1/bi/dashboard/available-months/ HTTP/1.1" 200 116
INFO 2026-06-10 12:46:36,950 basehttp "GET /api/v1/bi/dashboard/available-months/ HTTP/1.1" 200 116
INFO 2026-06-10 12:46:36,956 middleware → GET /api/v1/bi/dashboard/available-months/ | User: Anonymous | IP: 127.0.0.1
INFO 2026-06-10 12:46:36,956 middleware → GET /api/v1/bi/dashboard/available-months/ | User: Anonymous | IP: 127.0.0.1
INFO 2026-06-10 12:46:36,985 middleware → GET /api/v1/bi/executive/ | User: Anonymous | IP: 127.0.0.1
INFO 2026-06-10 12:46:36,985 middleware → GET /api/v1/bi/executive/ | User: Anonymous | IP: 127.0.0.1
INFO 2026-06-10 12:46:36,992 middleware → GET /api/v1/bi/financial/profit-loss/ | User: Anonymous | IP: 127.0.0.1
INFO 2026-06-10 12:46:36,992 middleware → GET /api/v1/bi/financial/profit-loss/ | User: Anonymous | IP: 127.0.0.1
INFO 2026-06-10 12:46:37,011 middleware → GET /api/v1/bi/financial/summary/ | User: Anonymous | IP: 127.0.0.1
INFO 2026-06-10 12:46:37,011 middleware → GET /api/v1/bi/financial/summary/ | User: Anonymous | IP: 127.0.0.1
INFO 2026-06-10 12:46:37,033 middleware ← GET /api/v1/bi/financial/profit-loss/ | Status: 403 | Duration: 0.04s
INFO 2026-06-10 12:46:37,033 middleware ← GET /api/v1/bi/financial/profit-loss/ | Status: 403 | Duration: 0.04s
INFO 2026-06-10 12:46:37,043 middleware ← GET /api/v1/bi/financial/summary/ | Status: 403 | Duration: 0.03s
INFO 2026-06-10 12:46:37,043 middleware ← GET /api/v1/bi/financial/summary/ | Status: 403 | Duration: 0.03s
WARNING 2026-06-10 12:46:37,044 basehttp "GET /api/v1/bi/financial/profit-loss/ HTTP/1.1" 403 63
WARNING 2026-06-10 12:46:37,044 basehttp "GET /api/v1/bi/financial/profit-loss/ HTTP/1.1" 403 63
WARNING 2026-06-10 12:46:37,064 basehttp "GET /api/v1/bi/financial/summary/ HTTP/1.1" 403 63
WARNING 2026-06-10 12:46:37,064 basehttp "GET /api/v1/bi/financial/summary/ HTTP/1.1" 403 63
INFO 2026-06-10 12:46:37,079 middleware ← GET /api/v1/bi/dashboard/available-months/ | Status: 200 | Duration: 0.12s
INFO 2026-06-10 12:46:37,079 middleware ← GET /api/v1/bi/dashboard/available-months/ | Status: 200 | Duration: 0.12s
INFO 2026-06-10 12:46:37,088 basehttp "GET /api/v1/bi/dashboard/available-months/ HTTP/1.1" 200 116
INFO 2026-06-10 12:46:37,088 basehttp "GET /api/v1/bi/dashboard/available-months/ HTTP/1.1" 200 116
INFO 2026-06-10 12:46:37,327 middleware ← GET /api/v1/bi/executive/ | Status: 200 | Duration: 0.34s
INFO 2026-06-10 12:46:37,327 middleware ← GET /api/v1/bi/executive/ | Status: 200 | Duration: 0.34s
INFO 2026-06-10 12:46:37,328 basehttp "GET /api/v1/bi/executive/ HTTP/1.1" 200 2128
INFO 2026-06-10 12:46:37,328 basehttp "GET /api/v1/bi/executive/ HTTP/1.1" 200 2128
INFO 2026-06-10 12:48:59,419 middleware → POST /api/v1/auth/login/ | User: Anonymous | IP: 127.0.0.1
INFO 2026-06-10 12:48:59,419 middleware → POST /api/v1/auth/login/ | User: Anonymous | IP: 127.0.0.1
INFO 2026-06-10 12:49:00,572 middleware ← POST /api/v1/auth/login/ | Status: 200 | Duration: 1.15s
INFO 2026-06-10 12:49:00,572 middleware ← POST /api/v1/auth/login/ | Status: 200 | Duration: 1.15s
INFO 2026-06-10 12:49:00,575 basehttp "POST /api/v1/auth/login/ HTTP/1.1" 200 788
INFO 2026-06-10 12:49:00,575 basehttp "POST /api/v1/auth/login/ HTTP/1.1" 200 788
INFO 2026-06-10 12:49:03,501 middleware → GET /api/v1/inventory/products/ | User: Anonymous | IP: 127.0.0.1
INFO 2026-06-10 12:49:03,502 middleware → GET /api/v1/sales/customers/ | User: Anonymous | IP: 127.0.0.1
INFO 2026-06-10 12:49:03,501 middleware → GET /api/v1/inventory/products/ | User: Anonymous | IP: 127.0.0.1
INFO 2026-06-10 12:49:03,502 middleware → GET /api/v1/sales/customers/ | User: Anonymous | IP: 127.0.0.1
INFO 2026-06-10 12:49:03,539 middleware ← GET /api/v1/sales/customers/ | Status: 200 | Duration: 0.04s
INFO 2026-06-10 12:49:03,539 middleware ← GET /api/v1/sales/customers/ | Status: 200 | Duration: 0.04s
INFO 2026-06-10 12:49:03,544 basehttp "GET /api/v1/sales/customers/ HTTP/1.1" 200 52
INFO 2026-06-10 12:49:03,549 middleware ← GET /api/v1/inventory/products/ | Status: 200 | Duration: 0.05s
INFO 2026-06-10 12:49:03,544 basehttp "GET /api/v1/sales/customers/ HTTP/1.1" 200 52
INFO 2026-06-10 12:49:03,549 middleware ← GET /api/v1/inventory/products/ | Status: 200 | Duration: 0.05s
INFO 2026-06-10 12:49:03,559 middleware → GET /api/v1/sales/customers/ | User: Anonymous | IP: 127.0.0.1
INFO 2026-06-10 12:49:03,559 middleware → GET /api/v1/sales/customers/ | User: Anonymous | IP: 127.0.0.1
INFO 2026-06-10 12:49:03,565 basehttp "GET /api/v1/inventory/products/ HTTP/1.1" 200 52
INFO 2026-06-10 12:49:03,565 basehttp "GET /api/v1/inventory/products/ HTTP/1.1" 200 52
INFO 2026-06-10 12:49:03,570 middleware → GET /api/v1/inventory/products/ | User: Anonymous | IP: 127.0.0.1
INFO 2026-06-10 12:49:03,570 middleware → GET /api/v1/inventory/products/ | User: Anonymous | IP: 127.0.0.1
INFO 2026-06-10 12:49:03,612 middleware ← GET /api/v1/inventory/products/ | Status: 200 | Duration: 0.04s
INFO 2026-06-10 12:49:03,614 middleware ← GET /api/v1/sales/customers/ | Status: 200 | Duration: 0.05s
INFO 2026-06-10 12:49:03,612 middleware ← GET /api/v1/inventory/products/ | Status: 200 | Duration: 0.04s
INFO 2026-06-10 12:49:03,614 middleware ← GET /api/v1/sales/customers/ | Status: 200 | Duration: 0.05s
INFO 2026-06-10 12:49:03,618 basehttp "GET /api/v1/sales/customers/ HTTP/1.1" 200 52
INFO 2026-06-10 12:49:03,618 basehttp "GET /api/v1/sales/customers/ HTTP/1.1" 200 52
INFO 2026-06-10 12:49:03,625 basehttp "GET /api/v1/inventory/products/ HTTP/1.1" 200 52
INFO 2026-06-10 12:49:03,625 basehttp "GET /api/v1/inventory/products/ HTTP/1.1" 200 52
INFO 2026-06-10 12:56:25,220 autoreload Watching for file changes with StatReloader
INFO 2026-06-10 12:56:25,220 autoreload Watching for file changes with StatReloader
INFO 2026-06-10 12:56:35,016 middleware → GET /api/v1/auth/audit-logs/ | User: Anonymous | IP: 127.0.0.1
INFO 2026-06-10 12:56:35,016 middleware → GET /api/v1/auth/audit-logs/ | User: Anonymous | IP: 127.0.0.1
INFO 2026-06-10 12:56:35,083 middleware ← GET /api/v1/auth/audit-logs/ | Status: 401 | Duration: 0.07s
INFO 2026-06-10 12:56:35,083 middleware ← GET /api/v1/auth/audit-logs/ | Status: 401 | Duration: 0.07s
WARNING 2026-06-10 12:56:35,088 basehttp "GET /api/v1/auth/audit-logs/ HTTP/1.1" 401 183
WARNING 2026-06-10 12:56:35,088 basehttp "GET /api/v1/auth/audit-logs/ HTTP/1.1" 401 183
INFO 2026-06-10 12:56:48,295 middleware → POST /api/v1/auth/login/ | User: Anonymous | IP: 127.0.0.1
INFO 2026-06-10 12:56:48,295 middleware → POST /api/v1/auth/login/ | User: Anonymous | IP: 127.0.0.1
INFO 2026-06-10 12:56:49,376 middleware ← POST /api/v1/auth/login/ | Status: 200 | Duration: 1.08s
INFO 2026-06-10 12:56:49,376 middleware ← POST /api/v1/auth/login/ | Status: 200 | Duration: 1.08s
INFO 2026-06-10 12:56:49,380 basehttp "POST /api/v1/auth/login/ HTTP/1.1" 200 788
INFO 2026-06-10 12:56:49,380 basehttp "POST /api/v1/auth/login/ HTTP/1.1" 200 788
INFO 2026-06-10 12:57:14,836 middleware → GET /api/v1/auth/audit-logs/ | User: Anonymous | IP: 127.0.0.1
INFO 2026-06-10 12:57:14,836 middleware → GET /api/v1/auth/audit-logs/ | User: Anonymous | IP: 127.0.0.1
INFO 2026-06-10 12:57:14,917 middleware ← GET /api/v1/auth/audit-logs/ | Status: 200 | Duration: 0.08s
INFO 2026-06-10 12:57:14,917 middleware ← GET /api/v1/auth/audit-logs/ | Status: 200 | Duration: 0.08s
INFO 2026-06-10 12:57:14,920 basehttp "GET /api/v1/auth/audit-logs/ HTTP/1.1" 200 4373
INFO 2026-06-10 12:57:14,920 basehttp "GET /api/v1/auth/audit-logs/ HTTP/1.1" 200 4373
INFO 2026-06-10 12:59:18,195 middleware → GET /api/v1/auth/audit-logs/actions/ | User: Anonymous | IP: 127.0.0.1
INFO 2026-06-10 12:59:18,195 middleware → GET /api/v1/auth/audit-logs/actions/ | User: Anonymous | IP: 127.0.0.1
INFO 2026-06-10 12:59:18,230 middleware ← GET /api/v1/auth/audit-logs/actions/ | Status: 404 | Duration: 0.04s
INFO 2026-06-10 12:59:18,230 middleware ← GET /api/v1/auth/audit-logs/actions/ | Status: 404 | Duration: 0.04s
WARNING 2026-06-10 12:59:18,232 basehttp "GET /api/v1/auth/audit-logs/actions/ HTTP/1.1" 404 23
WARNING 2026-06-10 12:59:18,232 basehttp "GET /api/v1/auth/audit-logs/actions/ HTTP/1.1" 404 23
INFO 2026-06-10 13:33:44,164 middleware → POST /api/v1/auth/login/ | User: Anonymous | IP: 127.0.0.1
INFO 2026-06-10 13:33:44,164 middleware → POST /api/v1/auth/login/ | User: Anonymous | IP: 127.0.0.1
INFO 2026-06-10 13:33:44,201 middleware ← POST /api/v1/auth/login/ | Status: 401 | Duration: 0.04s
INFO 2026-06-10 13:33:44,201 middleware ← POST /api/v1/auth/login/ | Status: 401 | Duration: 0.04s
WARNING 2026-06-10 13:33:44,202 basehttp "POST /api/v1/auth/login/ HTTP/1.1" 401 183
WARNING 2026-06-10 13:33:44,202 basehttp "POST /api/v1/auth/login/ HTTP/1.1" 401 183
INFO 2026-06-10 13:33:44,238 basehttp "OPTIONS /api/v1/auth/refresh/ HTTP/1.1" 200 0
INFO 2026-06-10 13:33:44,238 basehttp "OPTIONS /api/v1/auth/refresh/ HTTP/1.1" 200 0
INFO 2026-06-10 13:33:44,241 middleware → POST /api/v1/auth/refresh/ | User: Anonymous | IP: 127.0.0.1
INFO 2026-06-10 13:33:44,241 middleware → POST /api/v1/auth/refresh/ | User: Anonymous | IP: 127.0.0.1
INFO 2026-06-10 13:33:44,259 middleware ← POST /api/v1/auth/refresh/ | Status: 200 | Duration: 0.02s
INFO 2026-06-10 13:33:44,259 middleware ← POST /api/v1/auth/refresh/ | Status: 200 | Duration: 0.02s
INFO 2026-06-10 13:33:44,260 basehttp "POST /api/v1/auth/refresh/ HTTP/1.1" 200 483
INFO 2026-06-10 13:33:44,260 basehttp "POST /api/v1/auth/refresh/ HTTP/1.1" 200 483
INFO 2026-06-10 13:33:44,267 middleware → POST /api/v1/auth/login/ | User: Anonymous | IP: 127.0.0.1
INFO 2026-06-10 13:33:44,267 middleware → POST /api/v1/auth/login/ | User: Anonymous | IP: 127.0.0.1
INFO 2026-06-10 13:33:45,282 logging_utils AUDIT: admin@bizsmart.com - LOGIN - auth - User admin@bizsmart.com logged in
INFO 2026-06-10 13:33:45,282 logging_utils AUDIT: admin@bizsmart.com - LOGIN - auth - User admin@bizsmart.com logged in
INFO 2026-06-10 13:33:45,292 logging_utils AUDIT: admin@bizsmart.com - CREATE - auth - POST /api/v1/auth/login/
INFO 2026-06-10 13:33:45,292 logging_utils AUDIT: admin@bizsmart.com - CREATE - auth - POST /api/v1/auth/login/
INFO 2026-06-10 13:33:45,295 logging_utils AUDIT: admin@bizsmart.com - LOGIN - auth - User logged in
INFO 2026-06-10 13:33:45,295 logging_utils AUDIT: admin@bizsmart.com - LOGIN - auth - User logged in
INFO 2026-06-10 13:33:45,296 middleware ← POST /api/v1/auth/login/ | Status: 200 | Duration: 1.03s
INFO 2026-06-10 13:33:45,296 middleware ← POST /api/v1/auth/login/ | Status: 200 | Duration: 1.03s
INFO 2026-06-10 13:33:45,297 basehttp "POST /api/v1/auth/login/ HTTP/1.1" 200 788
INFO 2026-06-10 13:33:45,297 basehttp "POST /api/v1/auth/login/ HTTP/1.1" 200 788
INFO 2026-06-10 13:33:46,681 middleware → GET /api/v1/sales/customers/ | User: Anonymous | IP: 127.0.0.1
INFO 2026-06-10 13:33:46,681 middleware → GET /api/v1/sales/customers/ | User: Anonymous | IP: 127.0.0.1
INFO 2026-06-10 13:33:46,687 middleware → GET /api/v1/inventory/products/ | User: Anonymous | IP: 127.0.0.1
INFO 2026-06-10 13:33:46,687 middleware → GET /api/v1/inventory/products/ | User: Anonymous | IP: 127.0.0.1
INFO 2026-06-10 13:33:46,841 middleware ← GET /api/v1/inventory/products/ | Status: 200 | Duration: 0.15s
INFO 2026-06-10 13:33:46,841 middleware ← GET /api/v1/inventory/products/ | Status: 200 | Duration: 0.15s
INFO 2026-06-10 13:33:46,851 middleware ← GET /api/v1/sales/customers/ | Status: 200 | Duration: 0.17s
INFO 2026-06-10 13:33:46,855 middleware → GET /api/v1/inventory/products/ | User: Anonymous | IP: 127.0.0.1
INFO 2026-06-10 13:33:46,855 middleware → GET /api/v1/inventory/products/ | User: Anonymous | IP: 127.0.0.1
INFO 2026-06-10 13:33:46,851 middleware ← GET /api/v1/sales/customers/ | Status: 200 | Duration: 0.17s
INFO 2026-06-10 13:33:46,855 basehttp "GET /api/v1/inventory/products/ HTTP/1.1" 200 52
INFO 2026-06-10 13:33:46,855 basehttp "GET /api/v1/inventory/products/ HTTP/1.1" 200 52
INFO 2026-06-10 13:33:46,865 basehttp "GET /api/v1/sales/customers/ HTTP/1.1" 200 52
INFO 2026-06-10 13:33:46,865 basehttp "GET /api/v1/sales/customers/ HTTP/1.1" 200 52
INFO 2026-06-10 13:33:46,881 middleware → GET /api/v1/sales/customers/ | User: Anonymous | IP: 127.0.0.1
INFO 2026-06-10 13:33:46,881 middleware → GET /api/v1/sales/customers/ | User: Anonymous | IP: 127.0.0.1
INFO 2026-06-10 13:33:46,975 middleware ← GET /api/v1/sales/customers/ | Status: 200 | Duration: 0.09s
INFO 2026-06-10 13:33:46,975 middleware ← GET /api/v1/sales/customers/ | Status: 200 | Duration: 0.09s
INFO 2026-06-10 13:33:46,978 basehttp "GET /api/v1/sales/customers/ HTTP/1.1" 200 52
INFO 2026-06-10 13:33:46,978 basehttp "GET /api/v1/sales/customers/ HTTP/1.1" 200 52
INFO 2026-06-10 13:33:46,997 middleware ← GET /api/v1/inventory/products/ | Status: 200 | Duration: 0.14s
INFO 2026-06-10 13:33:46,997 middleware ← GET /api/v1/inventory/products/ | Status: 200 | Duration: 0.14s
INFO 2026-06-10 13:33:47,005 basehttp "GET /api/v1/inventory/products/ HTTP/1.1" 200 52
INFO 2026-06-10 13:33:47,005 basehttp "GET /api/v1/inventory/products/ HTTP/1.1" 200 52
INFO 2026-06-10 13:33:53,995 middleware → GET /api/v1/audit/audit-logs/modules/ | User: Anonymous | IP: 127.0.0.1
INFO 2026-06-10 13:33:53,995 middleware → GET /api/v1/audit/audit-logs/modules/ | User: Anonymous | IP: 127.0.0.1
INFO 2026-06-10 13:33:53,999 middleware → GET /api/v1/audit/audit-logs/actions/ | User: Anonymous | IP: 127.0.0.1
INFO 2026-06-10 13:33:53,999 middleware → GET /api/v1/audit/audit-logs/actions/ | User: Anonymous | IP: 127.0.0.1
INFO 2026-06-10 13:33:54,114 middleware → GET /api/v1/audit/audit-logs/stats/ | User: Anonymous | IP: 127.0.0.1
INFO 2026-06-10 13:33:54,004 middleware → GET /api/v1/audit/audit-logs/ | User: Anonymous | IP: 127.0.0.1
INFO 2026-06-10 13:33:54,004 middleware → GET /api/v1/audit/audit-logs/ | User: Anonymous | IP: 127.0.0.1
INFO 2026-06-10 13:33:54,114 middleware → GET /api/v1/audit/audit-logs/stats/ | User: Anonymous | IP: 127.0.0.1
INFO 2026-06-10 13:33:54,332 middleware ← GET /api/v1/audit/audit-logs/modules/ | Status: 404 | Duration: 0.34s
INFO 2026-06-10 13:33:54,332 middleware ← GET /api/v1/audit/audit-logs/modules/ | Status: 404 | Duration: 0.34s
INFO 2026-06-10 13:33:54,334 middleware ← GET /api/v1/audit/audit-logs/actions/ | Status: 404 | Duration: 0.34s
INFO 2026-06-10 13:33:54,334 middleware ← GET /api/v1/audit/audit-logs/actions/ | Status: 404 | Duration: 0.34s
INFO 2026-06-10 13:33:54,337 middleware ← GET /api/v1/audit/audit-logs/ | Status: 404 | Duration: 0.33s
WARNING 2026-06-10 13:33:54,339 basehttp "GET /api/v1/audit/audit-logs/actions/ HTTP/1.1" 404 3367
WARNING 2026-06-10 13:33:54,339 basehttp "GET /api/v1/audit/audit-logs/actions/ HTTP/1.1" 404 3367
INFO 2026-06-10 13:33:54,344 middleware ← GET /api/v1/audit/audit-logs/stats/ | Status: 404 | Duration: 0.23s
INFO 2026-06-10 13:33:54,344 middleware ← GET /api/v1/audit/audit-logs/stats/ | Status: 404 | Duration: 0.23s
INFO 2026-06-10 13:33:54,337 middleware ← GET /api/v1/audit/audit-logs/ | Status: 404 | Duration: 0.33s
WARNING 2026-06-10 13:33:54,350 basehttp "GET /api/v1/audit/audit-logs/modules/ HTTP/1.1" 404 3367
WARNING 2026-06-10 13:33:54,350 basehttp "GET /api/v1/audit/audit-logs/modules/ HTTP/1.1" 404 3367
INFO 2026-06-10 13:33:54,355 middleware → GET /api/v1/audit/audit-logs/modules/ | User: Anonymous | IP: 127.0.0.1
INFO 2026-06-10 13:33:54,355 middleware → GET /api/v1/audit/audit-logs/modules/ | User: Anonymous | IP: 127.0.0.1
INFO 2026-06-10 13:33:54,350 middleware → GET /api/v1/audit/audit-logs/actions/ | User: Anonymous | IP: 127.0.0.1
INFO 2026-06-10 13:33:54,350 middleware → GET /api/v1/audit/audit-logs/actions/ | User: Anonymous | IP: 127.0.0.1
WARNING 2026-06-10 13:33:54,360 basehttp "GET /api/v1/audit/audit-logs/?start_date=&end_date=&action=&module=&page=1&page_size=50 HTTP/1.1" 404 3421
WARNING 2026-06-10 13:33:54,357 basehttp "GET /api/v1/audit/audit-logs/stats/ HTTP/1.1" 404 3361
INFO 2026-06-10 13:33:54,393 middleware ← GET /api/v1/audit/audit-logs/modules/ | Status: 404 | Duration: 0.04s
INFO 2026-06-10 13:33:54,376 middleware → GET /api/v1/audit/audit-logs/stats/ | User: Anonymous | IP: 127.0.0.1
WARNING 2026-06-10 13:33:54,360 basehttp "GET /api/v1/audit/audit-logs/?start_date=&end_date=&action=&module=&page=1&page_size=50 HTTP/1.1" 404 3421
WARNING 2026-06-10 13:33:54,357 basehttp "GET /api/v1/audit/audit-logs/stats/ HTTP/1.1" 404 3361
INFO 2026-06-10 13:33:54,393 middleware ← GET /api/v1/audit/audit-logs/modules/ | Status: 404 | Duration: 0.04s
INFO 2026-06-10 13:33:54,376 middleware → GET /api/v1/audit/audit-logs/stats/ | User: Anonymous | IP: 127.0.0.1
INFO 2026-06-10 13:33:54,401 middleware → GET /api/v1/audit/audit-logs/ | User: Anonymous | IP: 127.0.0.1
WARNING 2026-06-10 13:33:54,404 basehttp "GET /api/v1/audit/audit-logs/modules/ HTTP/1.1" 404 3367
INFO 2026-06-10 13:33:54,401 middleware → GET /api/v1/audit/audit-logs/ | User: Anonymous | IP: 127.0.0.1
WARNING 2026-06-10 13:33:54,404 basehttp "GET /api/v1/audit/audit-logs/modules/ HTTP/1.1" 404 3367
INFO 2026-06-10 13:33:54,414 middleware ← GET /api/v1/audit/audit-logs/actions/ | Status: 404 | Duration: 0.06s
INFO 2026-06-10 13:33:54,414 middleware ← GET /api/v1/audit/audit-logs/actions/ | Status: 404 | Duration: 0.06s
WARNING 2026-06-10 13:33:54,433 basehttp "GET /api/v1/audit/audit-logs/actions/ HTTP/1.1" 404 3367
WARNING 2026-06-10 13:33:54,433 basehttp "GET /api/v1/audit/audit-logs/actions/ HTTP/1.1" 404 3367
INFO 2026-06-10 13:33:54,450 middleware ← GET /api/v1/audit/audit-logs/ | Status: 404 | Duration: 0.05s
INFO 2026-06-10 13:33:54,450 middleware ← GET /api/v1/audit/audit-logs/ | Status: 404 | Duration: 0.05s
WARNING 2026-06-10 13:33:54,453 basehttp "GET /api/v1/audit/audit-logs/?start_date=&end_date=&action=&module=&page=1&page_size=50 HTTP/1.1" 404 3421
INFO 2026-06-10 13:33:54,479 middleware ← GET /api/v1/audit/audit-logs/stats/ | Status: 404 | Duration: 0.10s
WARNING 2026-06-10 13:33:54,453 basehttp "GET /api/v1/audit/audit-logs/?start_date=&end_date=&action=&module=&page=1&page_size=50 HTTP/1.1" 404 3421
INFO 2026-06-10 13:33:54,479 middleware ← GET /api/v1/audit/audit-logs/stats/ | Status: 404 | Duration: 0.10s
WARNING 2026-06-10 13:33:54,481 basehttp "GET /api/v1/audit/audit-logs/stats/ HTTP/1.1" 404 3361
WARNING 2026-06-10 13:33:54,481 basehttp "GET /api/v1/audit/audit-logs/stats/ HTTP/1.1" 404 3361
INFO 2026-06-10 13:43:45,583 middleware → GET /api/v1/auth/audit-logs/ | User: Anonymous | IP: 127.0.0.1
INFO 2026-06-10 13:43:45,583 middleware → GET /api/v1/auth/audit-logs/ | User: Anonymous | IP: 127.0.0.1
INFO 2026-06-10 13:43:45,589 middleware ← GET /api/v1/auth/audit-logs/ | Status: 401 | Duration: 0.01s
INFO 2026-06-10 13:43:45,589 middleware ← GET /api/v1/auth/audit-logs/ | Status: 401 | Duration: 0.01s
WARNING 2026-06-10 13:43:45,590 basehttp "GET /api/v1/auth/audit-logs/ HTTP/1.1" 401 183
WARNING 2026-06-10 13:43:45,590 basehttp "GET /api/v1/auth/audit-logs/ HTTP/1.1" 401 183
INFO 2026-06-10 13:43:46,808 middleware → GET /api/v1/auth/audit-logs/ | User: Anonymous | IP: 127.0.0.1
INFO 2026-06-10 13:43:46,808 middleware → GET /api/v1/auth/audit-logs/ | User: Anonymous | IP: 127.0.0.1
INFO 2026-06-10 13:43:46,809 middleware ← GET /api/v1/auth/audit-logs/ | Status: 401 | Duration: 0.00s
INFO 2026-06-10 13:43:46,809 middleware ← GET /api/v1/auth/audit-logs/ | Status: 401 | Duration: 0.00s
WARNING 2026-06-10 13:43:46,810 basehttp "GET /api/v1/auth/audit-logs/ HTTP/1.1" 401 183
WARNING 2026-06-10 13:43:46,810 basehttp "GET /api/v1/auth/audit-logs/ HTTP/1.1" 401 183
INFO 2026-06-10 13:44:05,674 middleware → POST /api/v1/auth/login/ | User: Anonymous | IP: 127.0.0.1
INFO 2026-06-10 13:44:05,674 middleware → POST /api/v1/auth/login/ | User: Anonymous | IP: 127.0.0.1
INFO 2026-06-10 13:44:07,076 middleware ← POST /api/v1/auth/login/ | Status: 200 | Duration: 1.40s
INFO 2026-06-10 13:44:07,076 middleware ← POST /api/v1/auth/login/ | Status: 200 | Duration: 1.40s
INFO 2026-06-10 13:44:07,079 basehttp "POST /api/v1/auth/login/ HTTP/1.1" 200 788
INFO 2026-06-10 13:44:07,079 basehttp "POST /api/v1/auth/login/ HTTP/1.1" 200 788
INFO 2026-06-10 13:44:34,101 middleware → GET /api/v1/auth/audit-logs/ | User: Anonymous | IP: 127.0.0.1
INFO 2026-06-10 13:44:34,101 middleware → GET /api/v1/auth/audit-logs/ | User: Anonymous | IP: 127.0.0.1
INFO 2026-06-10 13:44:34,398 middleware ← GET /api/v1/auth/audit-logs/ | Status: 200 | Duration: 0.30s
INFO 2026-06-10 13:44:34,398 middleware ← GET /api/v1/auth/audit-logs/ | Status: 200 | Duration: 0.30s
INFO 2026-06-10 13:44:34,400 basehttp "GET /api/v1/auth/audit-logs/ HTTP/1.1" 200 5394
INFO 2026-06-10 13:44:34,400 basehttp "GET /api/v1/auth/audit-logs/ HTTP/1.1" 200 5394
INFO 2026-06-10 13:45:11,470 middleware → GET /api/v1/auth/audit-logs/2/ | User: Anonymous | IP: 127.0.0.1
INFO 2026-06-10 13:45:11,470 middleware → GET /api/v1/auth/audit-logs/2/ | User: Anonymous | IP: 127.0.0.1
INFO 2026-06-10 13:45:11,622 middleware ← GET /api/v1/auth/audit-logs/2/ | Status: 200 | Duration: 0.15s
INFO 2026-06-10 13:45:11,622 middleware ← GET /api/v1/auth/audit-logs/2/ | Status: 200 | Duration: 0.15s
INFO 2026-06-10 13:45:11,624 basehttp "GET /api/v1/auth/audit-logs/2/ HTTP/1.1" 200 547
INFO 2026-06-10 13:45:11,624 basehttp "GET /api/v1/auth/audit-logs/2/ HTTP/1.1" 200 547
INFO 2026-06-10 13:45:19,704 middleware → GET /api/v1/auth/audit-logs/actions/ | User: Anonymous | IP: 127.0.0.1
INFO 2026-06-10 13:45:19,704 middleware → GET /api/v1/auth/audit-logs/actions/ | User: Anonymous | IP: 127.0.0.1
INFO 2026-06-10 13:45:19,839 middleware ← GET /api/v1/auth/audit-logs/actions/ | Status: 404 | Duration: 0.14s
INFO 2026-06-10 13:45:19,839 middleware ← GET /api/v1/auth/audit-logs/actions/ | Status: 404 | Duration: 0.14s
WARNING 2026-06-10 13:45:19,842 basehttp "GET /api/v1/auth/audit-logs/actions/ HTTP/1.1" 404 23
WARNING 2026-06-10 13:45:19,842 basehttp "GET /api/v1/auth/audit-logs/actions/ HTTP/1.1" 404 23
INFO 2026-06-10 13:45:29,908 middleware → GET /api/v1/auth/audit-logs/export/ | User: Anonymous | IP: 127.0.0.1
INFO 2026-06-10 13:45:29,908 middleware → GET /api/v1/auth/audit-logs/export/ | User: Anonymous | IP: 127.0.0.1
INFO 2026-06-10 13:45:30,043 middleware ← GET /api/v1/auth/audit-logs/export/ | Status: 404 | Duration: 0.13s
INFO 2026-06-10 13:45:30,043 middleware ← GET /api/v1/auth/audit-logs/export/ | Status: 404 | Duration: 0.13s
WARNING 2026-06-10 13:45:30,045 basehttp "GET /api/v1/auth/audit-logs/export/ HTTP/1.1" 404 23
WARNING 2026-06-10 13:45:30,045 basehttp "GET /api/v1/auth/audit-logs/export/ HTTP/1.1" 404 23
INFO 2026-06-10 13:45:39,151 middleware → GET /api/v1/auth/audit-logs/modules/ | User: Anonymous | IP: 127.0.0.1
INFO 2026-06-10 13:45:39,151 middleware → GET /api/v1/auth/audit-logs/modules/ | User: Anonymous | IP: 127.0.0.1
INFO 2026-06-10 13:45:39,171 middleware ← GET /api/v1/auth/audit-logs/modules/ | Status: 404 | Duration: 0.02s
INFO 2026-06-10 13:45:39,171 middleware ← GET /api/v1/auth/audit-logs/modules/ | Status: 404 | Duration: 0.02s
WARNING 2026-06-10 13:45:39,194 basehttp "GET /api/v1/auth/audit-logs/modules/ HTTP/1.1" 404 23
WARNING 2026-06-10 13:45:39,194 basehttp "GET /api/v1/auth/audit-logs/modules/ HTTP/1.1" 404 23
INFO 2026-06-10 13:45:47,185 middleware → GET /api/v1/auth/audit-logs/my_logs/ | User: Anonymous | IP: 127.0.0.1
INFO 2026-06-10 13:45:47,185 middleware → GET /api/v1/auth/audit-logs/my_logs/ | User: Anonymous | IP: 127.0.0.1
INFO 2026-06-10 13:45:47,282 middleware ← GET /api/v1/auth/audit-logs/my_logs/ | Status: 200 | Duration: 0.10s
INFO 2026-06-10 13:45:47,282 middleware ← GET /api/v1/auth/audit-logs/my_logs/ | Status: 200 | Duration: 0.10s
INFO 2026-06-10 13:45:47,283 basehttp "GET /api/v1/auth/audit-logs/my_logs/ HTTP/1.1" 200 3220
INFO 2026-06-10 13:45:47,283 basehttp "GET /api/v1/auth/audit-logs/my_logs/ HTTP/1.1" 200 3220
INFO 2026-06-10 13:46:01,740 middleware → GET /api/v1/auth/audit-logs/stats/ | User: Anonymous | IP: 127.0.0.1
INFO 2026-06-10 13:46:01,740 middleware → GET /api/v1/auth/audit-logs/stats/ | User: Anonymous | IP: 127.0.0.1
INFO 2026-06-10 13:46:01,751 middleware ← GET /api/v1/auth/audit-logs/stats/ | Status: 404 | Duration: 0.01s
INFO 2026-06-10 13:46:01,751 middleware ← GET /api/v1/auth/audit-logs/stats/ | Status: 404 | Duration: 0.01s
WARNING 2026-06-10 13:46:01,753 basehttp "GET /api/v1/auth/audit-logs/stats/ HTTP/1.1" 404 23
WARNING 2026-06-10 13:46:01,753 basehttp "GET /api/v1/auth/audit-logs/stats/ HTTP/1.1" 404 23
INFO 2026-06-10 13:59:05,771 autoreload Watching for file changes with StatReloader
INFO 2026-06-10 13:59:05,771 autoreload Watching for file changes with StatReloader
INFO 2026-06-10 13:59:26,039 basehttp "OPTIONS /api/v1/auth/users/ HTTP/1.1" 200 0
INFO 2026-06-10 13:59:26,040 basehttp "OPTIONS /api/v1/hr/employees/ HTTP/1.1" 200 0
INFO 2026-06-10 13:59:26,039 basehttp "OPTIONS /api/v1/auth/users/ HTTP/1.1" 200 0
INFO 2026-06-10 13:59:26,047 basehttp "OPTIONS /api/v1/hr/employees/ HTTP/1.1" 200 0
INFO 2026-06-10 13:59:26,040 basehttp "OPTIONS /api/v1/hr/employees/ HTTP/1.1" 200 0
INFO 2026-06-10 13:59:26,050 basehttp "OPTIONS /api/v1/auth/users/ HTTP/1.1" 200 0
INFO 2026-06-10 13:59:26,047 basehttp "OPTIONS /api/v1/hr/employees/ HTTP/1.1" 200 0
INFO 2026-06-10 13:59:26,050 basehttp "OPTIONS /api/v1/auth/users/ HTTP/1.1" 200 0
WARNING 2026-06-10 13:59:26,145 basehttp "GET /api/v1/auth/users/ HTTP/1.1" 401 183
WARNING 2026-06-10 13:59:26,155 basehttp "GET /api/v1/hr/employees/ HTTP/1.1" 401 183
WARNING 2026-06-10 13:59:26,167 basehttp "GET /api/v1/auth/users/ HTTP/1.1" 401 183
WARNING 2026-06-10 13:59:26,167 basehttp "GET /api/v1/auth/users/ HTTP/1.1" 401 183
WARNING 2026-06-10 13:59:26,145 basehttp "GET /api/v1/auth/users/ HTTP/1.1" 401 183
WARNING 2026-06-10 13:59:26,155 basehttp "GET /api/v1/hr/employees/ HTTP/1.1" 401 183
WARNING 2026-06-10 13:59:26,188 basehttp "GET /api/v1/hr/employees/ HTTP/1.1" 401 183
WARNING 2026-06-10 13:59:26,188 basehttp "GET /api/v1/hr/employees/ HTTP/1.1" 401 183
INFO 2026-06-10 13:59:26,284 basehttp "POST /api/v1/auth/refresh/ HTTP/1.1" 200 483
INFO 2026-06-10 13:59:26,284 basehttp "POST /api/v1/auth/refresh/ HTTP/1.1" 200 483
INFO 2026-06-10 13:59:26,367 basehttp "GET /api/v1/auth/users/ HTTP/1.1" 200 548
INFO 2026-06-10 13:59:26,367 basehttp "GET /api/v1/auth/users/ HTTP/1.1" 200 548
INFO 2026-06-10 13:59:26,497 basehttp "GET /api/v1/hr/employees/ HTTP/1.1" 200 52
INFO 2026-06-10 13:59:26,497 basehttp "GET /api/v1/hr/employees/ HTTP/1.1" 200 52
INFO 2026-06-10 13:59:26,545 basehttp "GET /api/v1/auth/users/ HTTP/1.1" 200 548
INFO 2026-06-10 13:59:26,545 basehttp "GET /api/v1/auth/users/ HTTP/1.1" 200 548
INFO 2026-06-10 13:59:26,561 basehttp "GET /api/v1/hr/employees/ HTTP/1.1" 200 52
INFO 2026-06-10 13:59:26,561 basehttp "GET /api/v1/hr/employees/ HTTP/1.1" 200 52
WARNING 2026-06-10 13:59:29,704 basehttp "GET /api/v1/audit/audit-logs/?start_date=&end_date=&action=&module=&page=1&page_size=50 HTTP/1.1" 404 8115
WARNING 2026-06-10 13:59:29,704 basehttp "GET /api/v1/audit/audit-logs/?start_date=&end_date=&action=&module=&page=1&page_size=50 HTTP/1.1" 404 8115
WARNING 2026-06-10 13:59:29,771 basehttp "GET /api/v1/audit/audit-logs/stats/ HTTP/1.1" 404 8055
WARNING 2026-06-10 13:59:29,771 basehttp "GET /api/v1/audit/audit-logs/stats/ HTTP/1.1" 404 8055
WARNING 2026-06-10 13:59:29,795 basehttp "GET /api/v1/audit/audit-logs/?start_date=&end_date=&action=&module=&page=1&page_size=50 HTTP/1.1" 404 8115
WARNING 2026-06-10 13:59:29,795 basehttp "GET /api/v1/audit/audit-logs/?start_date=&end_date=&action=&module=&page=1&page_size=50 HTTP/1.1" 404 8115
WARNING 2026-06-10 13:59:29,839 basehttp "GET /api/v1/audit/audit-logs/modules/ HTTP/1.1" 404 8061
WARNING 2026-06-10 13:59:29,839 basehttp "GET /api/v1/audit/audit-logs/modules/ HTTP/1.1" 404 8061
WARNING 2026-06-10 13:59:29,894 basehttp "GET /api/v1/audit/audit-logs/stats/ HTTP/1.1" 404 8055
WARNING 2026-06-10 13:59:29,894 basehttp "GET /api/v1/audit/audit-logs/stats/ HTTP/1.1" 404 8055
WARNING 2026-06-10 13:59:29,901 basehttp "GET /api/v1/audit/audit-logs/actions/ HTTP/1.1" 404 8061
WARNING 2026-06-10 13:59:29,903 basehttp "GET /api/v1/audit/audit-logs/modules/ HTTP/1.1" 404 8061
WARNING 2026-06-10 13:59:29,901 basehttp "GET /api/v1/audit/audit-logs/actions/ HTTP/1.1" 404 8061
WARNING 2026-06-10 13:59:29,903 basehttp "GET /api/v1/audit/audit-logs/modules/ HTTP/1.1" 404 8061
WARNING 2026-06-10 13:59:29,941 basehttp "GET /api/v1/audit/audit-logs/actions/ HTTP/1.1" 404 8061
WARNING 2026-06-10 13:59:29,941 basehttp "GET /api/v1/audit/audit-logs/actions/ HTTP/1.1" 404 8061
INFO 2026-06-10 14:02:48,006 autoreload /Users/j/Desktop/BizSMART/Backend/bizsmart_backend/urls.py changed, reloading.
INFO 2026-06-10 14:02:48,006 autoreload /Users/j/Desktop/BizSMART/Backend/bizsmart_backend/urls.py changed, reloading.
INFO 2026-06-10 14:02:49,478 autoreload Watching for file changes with StatReloader
INFO 2026-06-10 14:02:49,478 autoreload Watching for file changes with StatReloader
INFO 2026-06-10 14:02:57,726 autoreload /Users/j/Desktop/BizSMART/Backend/bizsmart_backend/urls.py changed, reloading.
INFO 2026-06-10 14:02:57,726 autoreload /Users/j/Desktop/BizSMART/Backend/bizsmart_backend/urls.py changed, reloading.
INFO 2026-06-10 14:02:59,435 autoreload Watching for file changes with StatReloader
INFO 2026-06-10 14:02:59,435 autoreload Watching for file changes with StatReloader
INFO 2026-06-10 14:03:05,309 basehttp "GET /api/v1/auth/profile/ HTTP/1.1" 200 268
INFO 2026-06-10 14:03:05,309 basehttp "GET /api/v1/auth/profile/ HTTP/1.1" 200 268
INFO 2026-06-10 14:03:05,382 basehttp "GET /api/v1/auth/profile/ HTTP/1.1" 200 268
INFO 2026-06-10 14:03:05,382 basehttp "GET /api/v1/auth/profile/ HTTP/1.1" 200 268
WARNING 2026-06-10 14:03:12,195 basehttp "GET /api/v1/audit/audit-logs/?start_date=&end_date=&action=&module=&page=1&page_size=50 HTTP/1.1" 404 8225
WARNING 2026-06-10 14:03:12,195 basehttp "GET /api/v1/audit/audit-logs/?start_date=&end_date=&action=&module=&page=1&page_size=50 HTTP/1.1" 404 8225
WARNING 2026-06-10 14:03:12,200 basehttp "GET /api/v1/audit/audit-logs/stats/ HTTP/1.1" 404 8165
WARNING 2026-06-10 14:03:12,200 basehttp "GET /api/v1/audit/audit-logs/stats/ HTTP/1.1" 404 8165
WARNING 2026-06-10 14:03:12,206 basehttp "GET /api/v1/audit/audit-logs/actions/ HTTP/1.1" 404 8171
WARNING 2026-06-10 14:03:12,206 basehttp "GET /api/v1/audit/audit-logs/actions/ HTTP/1.1" 404 8171
WARNING 2026-06-10 14:03:12,211 basehttp "GET /api/v1/audit/audit-logs/modules/ HTTP/1.1" 404 8171
WARNING 2026-06-10 14:03:12,277 basehttp "GET /api/v1/audit/audit-logs/?start_date=&end_date=&action=&module=&page=1&page_size=50 HTTP/1.1" 404 8225
WARNING 2026-06-10 14:03:12,320 basehttp "GET /api/v1/audit/audit-logs/modules/ HTTP/1.1" 404 8171
WARNING 2026-06-10 14:03:12,211 basehttp "GET /api/v1/audit/audit-logs/modules/ HTTP/1.1" 404 8171
WARNING 2026-06-10 14:03:12,277 basehttp "GET /api/v1/audit/audit-logs/?start_date=&end_date=&action=&module=&page=1&page_size=50 HTTP/1.1" 404 8225
WARNING 2026-06-10 14:03:12,320 basehttp "GET /api/v1/audit/audit-logs/modules/ HTTP/1.1" 404 8171
WARNING 2026-06-10 14:03:12,346 basehttp "GET /api/v1/audit/audit-logs/actions/ HTTP/1.1" 404 8171
WARNING 2026-06-10 14:03:12,346 basehttp "GET /api/v1/audit/audit-logs/actions/ HTTP/1.1" 404 8171
WARNING 2026-06-10 14:03:12,352 basehttp "GET /api/v1/audit/audit-logs/stats/ HTTP/1.1" 404 8165
WARNING 2026-06-10 14:03:12,352 basehttp "GET /api/v1/audit/audit-logs/stats/ HTTP/1.1" 404 8165
INFO 2026-06-10 14:04:01,840 autoreload /Users/j/Desktop/BizSMART/Backend/bizsmart_backend/urls.py changed, reloading.
INFO 2026-06-10 14:04:01,840 autoreload /Users/j/Desktop/BizSMART/Backend/bizsmart_backend/urls.py changed, reloading.
INFO 2026-06-10 14:04:03,238 autoreload Watching for file changes with StatReloader
INFO 2026-06-10 14:04:03,238 autoreload Watching for file changes with StatReloader
INFO 2026-06-10 14:04:29,844 basehttp "GET /api/v1/auth/profile/ HTTP/1.1" 200 268
INFO 2026-06-10 14:04:29,844 basehttp "GET /api/v1/auth/profile/ HTTP/1.1" 200 268
INFO 2026-06-10 14:04:29,884 basehttp "GET /api/v1/auth/profile/ HTTP/1.1" 200 268
INFO 2026-06-10 14:04:29,884 basehttp "GET /api/v1/auth/profile/ HTTP/1.1" 200 268
WARNING 2026-06-10 14:04:31,662 basehttp "GET /api/v1/audit/audit-logs/stats/ HTTP/1.1" 404 8165
WARNING 2026-06-10 14:04:31,663 basehttp "GET /api/v1/audit/audit-logs/modules/ HTTP/1.1" 404 8171
WARNING 2026-06-10 14:04:31,662 basehttp "GET /api/v1/audit/audit-logs/stats/ HTTP/1.1" 404 8165
WARNING 2026-06-10 14:04:31,666 basehttp "GET /api/v1/audit/audit-logs/actions/ HTTP/1.1" 404 8171
WARNING 2026-06-10 14:04:31,666 basehttp "GET /api/v1/audit/audit-logs/actions/ HTTP/1.1" 404 8171
WARNING 2026-06-10 14:04:31,663 basehttp "GET /api/v1/audit/audit-logs/modules/ HTTP/1.1" 404 8171
WARNING 2026-06-10 14:04:31,671 basehttp "GET /api/v1/audit/audit-logs/?start_date=&end_date=&action=&module=&page=1&page_size=50 HTTP/1.1" 404 8225
WARNING 2026-06-10 14:04:31,671 basehttp "GET /api/v1/audit/audit-logs/?start_date=&end_date=&action=&module=&page=1&page_size=50 HTTP/1.1" 404 8225
WARNING 2026-06-10 14:04:31,823 basehttp "GET /api/v1/audit/audit-logs/modules/ HTTP/1.1" 404 8171
WARNING 2026-06-10 14:04:31,827 basehttp "GET /api/v1/audit/audit-logs/actions/ HTTP/1.1" 404 8171
WARNING 2026-06-10 14:04:31,823 basehttp "GET /api/v1/audit/audit-logs/modules/ HTTP/1.1" 404 8171
WARNING 2026-06-10 14:04:31,827 basehttp "GET /api/v1/audit/audit-logs/actions/ HTTP/1.1" 404 8171
WARNING 2026-06-10 14:04:31,888 basehttp "GET /api/v1/audit/audit-logs/?start_date=&end_date=&action=&module=&page=1&page_size=50 HTTP/1.1" 404 8225
WARNING 2026-06-10 14:04:31,888 basehttp "GET /api/v1/audit/audit-logs/?start_date=&end_date=&action=&module=&page=1&page_size=50 HTTP/1.1" 404 8225
WARNING 2026-06-10 14:04:31,905 basehttp "GET /api/v1/audit/audit-logs/stats/ HTTP/1.1" 404 8165
WARNING 2026-06-10 14:04:31,905 basehttp "GET /api/v1/audit/audit-logs/stats/ HTTP/1.1" 404 8165
INFO 2026-06-10 14:10:52,418 autoreload /Users/j/Desktop/BizSMART/Backend/bizsmart_backend/urls.py changed, reloading.
INFO 2026-06-10 14:10:52,418 autoreload /Users/j/Desktop/BizSMART/Backend/bizsmart_backend/urls.py changed, reloading.
INFO 2026-06-10 14:10:54,348 autoreload Watching for file changes with StatReloader
INFO 2026-06-10 14:10:54,348 autoreload Watching for file changes with StatReloader
INFO 2026-06-10 14:12:36,767 autoreload /Users/j/Desktop/BizSMART/Backend/bizsmart_backend/urls.py changed, reloading.
INFO 2026-06-10 14:12:36,767 autoreload /Users/j/Desktop/BizSMART/Backend/bizsmart_backend/urls.py changed, reloading.
INFO 2026-06-10 14:12:38,435 autoreload Watching for file changes with StatReloader
INFO 2026-06-10 14:12:38,435 autoreload Watching for file changes with StatReloader
INFO 2026-06-10 14:13:13,236 autoreload /Users/j/Desktop/BizSMART/Backend/bizsmart_backend/urls.py changed, reloading.
INFO 2026-06-10 14:13:13,236 autoreload /Users/j/Desktop/BizSMART/Backend/bizsmart_backend/urls.py changed, reloading.
INFO 2026-06-10 14:13:14,727 autoreload Watching for file changes with StatReloader
INFO 2026-06-10 14:13:14,727 autoreload Watching for file changes with StatReloader
INFO 2026-06-10 14:14:07,584 autoreload Watching for file changes with StatReloader
INFO 2026-06-10 14:14:07,584 autoreload Watching for file changes with StatReloader
INFO 2026-06-10 14:14:36,744 autoreload /Users/j/Desktop/BizSMART/Backend/bizsmart_backend/settings.py changed, reloading.
INFO 2026-06-10 14:14:36,744 autoreload /Users/j/Desktop/BizSMART/Backend/bizsmart_backend/settings.py changed, reloading.
INFO 2026-06-10 14:14:38,550 autoreload Watching for file changes with StatReloader
INFO 2026-06-10 14:14:38,550 autoreload Watching for file changes with StatReloader
INFO 2026-06-10 14:15:10,477 autoreload /Users/j/Desktop/BizSMART/Backend/bizsmart_backend/urls.py changed, reloading.
INFO 2026-06-10 14:15:10,477 autoreload /Users/j/Desktop/BizSMART/Backend/bizsmart_backend/urls.py changed, reloading.
INFO 2026-06-10 14:15:11,518 autoreload Watching for file changes with StatReloader
INFO 2026-06-10 14:15:11,518 autoreload Watching for file changes with StatReloader
INFO 2026-06-10 14:15:35,338 middleware → GET /api/docs/ | User: Anonymous | IP: 127.0.0.1
INFO 2026-06-10 14:15:35,338 middleware → GET /api/docs/ | User: Anonymous | IP: 127.0.0.1
INFO 2026-06-10 14:15:35,433 middleware ← GET /api/docs/ | Status: 200 | Duration: 0.09s
INFO 2026-06-10 14:15:35,433 middleware ← GET /api/docs/ | Status: 200 | Duration: 0.09s
INFO 2026-06-10 14:15:35,436 basehttp "GET /api/docs/ HTTP/1.1" 200 4645
INFO 2026-06-10 14:15:35,436 basehttp "GET /api/docs/ HTTP/1.1" 200 4645
INFO 2026-06-10 14:15:35,901 middleware → GET /api/schema/ | User: Anonymous | IP: 127.0.0.1
INFO 2026-06-10 14:15:35,901 middleware → GET /api/schema/ | User: Anonymous | IP: 127.0.0.1
INFO 2026-06-10 14:15:36,694 middleware ← GET /api/schema/ | Status: 200 | Duration: 0.79s
INFO 2026-06-10 14:15:36,694 middleware ← GET /api/schema/ | Status: 200 | Duration: 0.79s
INFO 2026-06-10 14:15:36,696 basehttp "GET /api/schema/ HTTP/1.1" 200 431494
INFO 2026-06-10 14:15:36,696 basehttp "GET /api/schema/ HTTP/1.1" 200 431494
INFO 2026-06-10 14:16:39,763 autoreload /Users/j/Desktop/BizSMART/Backend/bizsmart_backend/urls.py changed, reloading.
INFO 2026-06-10 14:16:39,763 autoreload /Users/j/Desktop/BizSMART/Backend/bizsmart_backend/urls.py changed, reloading.
INFO 2026-06-10 14:16:42,350 autoreload Watching for file changes with StatReloader
INFO 2026-06-10 14:16:42,350 autoreload Watching for file changes with StatReloader
INFO 2026-06-10 14:16:45,298 middleware → GET /api/docs/ | User: Anonymous | IP: 127.0.0.1
INFO 2026-06-10 14:16:45,298 middleware → GET /api/docs/ | User: Anonymous | IP: 127.0.0.1
INFO 2026-06-10 14:16:45,435 middleware ← GET /api/docs/ | Status: 200 | Duration: 0.14s
INFO 2026-06-10 14:16:45,435 middleware ← GET /api/docs/ | Status: 200 | Duration: 0.14s
INFO 2026-06-10 14:16:45,453 basehttp "GET /api/docs/ HTTP/1.1" 200 4645
INFO 2026-06-10 14:16:45,453 basehttp "GET /api/docs/ HTTP/1.1" 200 4645
INFO 2026-06-10 14:16:45,941 middleware → GET /api/schema/ | User: Anonymous | IP: 127.0.0.1
INFO 2026-06-10 14:16:45,941 middleware → GET /api/schema/ | User: Anonymous | IP: 127.0.0.1
INFO 2026-06-10 14:16:46,802 middleware ← GET /api/schema/ | Status: 200 | Duration: 0.86s
INFO 2026-06-10 14:16:46,802 middleware ← GET /api/schema/ | Status: 200 | Duration: 0.86s
INFO 2026-06-10 14:16:46,804 basehttp "GET /api/schema/ HTTP/1.1" 200 405995
INFO 2026-06-10 14:16:46,804 basehttp "GET /api/schema/ HTTP/1.1" 200 405995
INFO 2026-06-10 14:17:47,074 middleware → GET /api/v1/auth/profile/ | User: Anonymous | IP: 127.0.0.1
INFO 2026-06-10 14:17:47,074 middleware → GET /api/v1/auth/profile/ | User: Anonymous | IP: 127.0.0.1
INFO 2026-06-10 14:17:47,109 middleware ← GET /api/v1/auth/profile/ | Status: 401 | Duration: 0.03s
INFO 2026-06-10 14:17:47,109 middleware ← GET /api/v1/auth/profile/ | Status: 401 | Duration: 0.03s
WARNING 2026-06-10 14:17:47,114 basehttp "GET /api/v1/auth/profile/ HTTP/1.1" 401 183
WARNING 2026-06-10 14:17:47,114 basehttp "GET /api/v1/auth/profile/ HTTP/1.1" 401 183
INFO 2026-06-10 14:17:47,128 middleware → GET /api/v1/auth/profile/ | User: Anonymous | IP: 127.0.0.1
INFO 2026-06-10 14:17:47,131 middleware → POST /api/v1/auth/refresh/ | User: Anonymous | IP: 127.0.0.1
INFO 2026-06-10 14:17:47,128 middleware → GET /api/v1/auth/profile/ | User: Anonymous | IP: 127.0.0.1
INFO 2026-06-10 14:17:47,131 middleware → POST /api/v1/auth/refresh/ | User: Anonymous | IP: 127.0.0.1
INFO 2026-06-10 14:17:47,142 middleware ← GET /api/v1/auth/profile/ | Status: 401 | Duration: 0.01s
INFO 2026-06-10 14:17:47,142 middleware ← GET /api/v1/auth/profile/ | Status: 401 | Duration: 0.01s
WARNING 2026-06-10 14:17:47,147 basehttp "GET /api/v1/auth/profile/ HTTP/1.1" 401 183
WARNING 2026-06-10 14:17:47,147 basehttp "GET /api/v1/auth/profile/ HTTP/1.1" 401 183
INFO 2026-06-10 14:17:47,179 middleware ← POST /api/v1/auth/refresh/ | Status: 401 | Duration: 0.05s
INFO 2026-06-10 14:17:47,179 middleware ← POST /api/v1/auth/refresh/ | Status: 401 | Duration: 0.05s
WARNING 2026-06-10 14:17:47,184 basehttp "POST /api/v1/auth/refresh/ HTTP/1.1" 401 58
WARNING 2026-06-10 14:17:47,184 basehttp "POST /api/v1/auth/refresh/ HTTP/1.1" 401 58
INFO 2026-06-10 14:18:10,554 middleware → POST /api/v1/auth/login/ | User: Anonymous | IP: 127.0.0.1
INFO 2026-06-10 14:18:10,554 middleware → POST /api/v1/auth/login/ | User: Anonymous | IP: 127.0.0.1
INFO 2026-06-10 14:18:11,533 middleware ← POST /api/v1/auth/login/ | Status: 200 | Duration: 0.98s
INFO 2026-06-10 14:18:11,533 middleware ← POST /api/v1/auth/login/ | Status: 200 | Duration: 0.98s
INFO 2026-06-10 14:18:11,534 basehttp "POST /api/v1/auth/login/ HTTP/1.1" 200 788
INFO 2026-06-10 14:18:11,534 basehttp "POST /api/v1/auth/login/ HTTP/1.1" 200 788
INFO 2026-06-10 14:18:12,673 middleware → GET /api/v1/inventory/products/ | User: Anonymous | IP: 127.0.0.1
INFO 2026-06-10 14:18:12,673 middleware → GET /api/v1/inventory/products/ | User: Anonymous | IP: 127.0.0.1
INFO 2026-06-10 14:18:12,685 middleware → GET /api/v1/sales/customers/ | User: Anonymous | IP: 127.0.0.1
INFO 2026-06-10 14:18:12,685 middleware → GET /api/v1/sales/customers/ | User: Anonymous | IP: 127.0.0.1
INFO 2026-06-10 14:18:12,747 middleware ← GET /api/v1/inventory/products/ | Status: 200 | Duration: 0.07s
INFO 2026-06-10 14:18:12,747 middleware ← GET /api/v1/inventory/products/ | Status: 200 | Duration: 0.07s
INFO 2026-06-10 14:18:12,763 middleware ← GET /api/v1/sales/customers/ | Status: 200 | Duration: 0.08s
INFO 2026-06-10 14:18:12,763 middleware ← GET /api/v1/sales/customers/ | Status: 200 | Duration: 0.08s
INFO 2026-06-10 14:18:12,764 basehttp "GET /api/v1/inventory/products/ HTTP/1.1" 200 52
INFO 2026-06-10 14:18:12,768 middleware → GET /api/v1/inventory/products/ | User: Anonymous | IP: 127.0.0.1
INFO 2026-06-10 14:18:12,764 basehttp "GET /api/v1/inventory/products/ HTTP/1.1" 200 52
INFO 2026-06-10 14:18:12,769 basehttp "GET /api/v1/sales/customers/ HTTP/1.1" 200 52
INFO 2026-06-10 14:18:12,769 basehttp "GET /api/v1/sales/customers/ HTTP/1.1" 200 52
INFO 2026-06-10 14:18:12,768 middleware → GET /api/v1/inventory/products/ | User: Anonymous | IP: 127.0.0.1
INFO 2026-06-10 14:18:12,779 middleware → GET /api/v1/sales/customers/ | User: Anonymous | IP: 127.0.0.1
INFO 2026-06-10 14:18:12,779 middleware → GET /api/v1/sales/customers/ | User: Anonymous | IP: 127.0.0.1
INFO 2026-06-10 14:18:12,892 middleware ← GET /api/v1/inventory/products/ | Status: 200 | Duration: 0.12s
INFO 2026-06-10 14:18:12,892 middleware ← GET /api/v1/inventory/products/ | Status: 200 | Duration: 0.12s
INFO 2026-06-10 14:18:12,894 basehttp "GET /api/v1/inventory/products/ HTTP/1.1" 200 52
INFO 2026-06-10 14:18:12,894 basehttp "GET /api/v1/inventory/products/ HTTP/1.1" 200 52
INFO 2026-06-10 14:18:12,910 middleware ← GET /api/v1/sales/customers/ | Status: 200 | Duration: 0.13s
INFO 2026-06-10 14:18:12,910 middleware ← GET /api/v1/sales/customers/ | Status: 200 | Duration: 0.13s
INFO 2026-06-10 14:18:12,912 basehttp "GET /api/v1/sales/customers/ HTTP/1.1" 200 52
INFO 2026-06-10 14:18:12,912 basehttp "GET /api/v1/sales/customers/ HTTP/1.1" 200 52
INFO 2026-06-10 14:18:16,667 basehttp "OPTIONS /api/v1/auth/audit-logs/modules/ HTTP/1.1" 200 0
INFO 2026-06-10 14:18:16,667 basehttp "OPTIONS /api/v1/auth/audit-logs/modules/ HTTP/1.1" 200 0
INFO 2026-06-10 14:18:16,672 basehttp "OPTIONS /api/v1/auth/audit-logs/?start_date=&end_date=&action=&module=&page=1&page_size=50 HTTP/1.1" 200 0
INFO 2026-06-10 14:18:16,672 basehttp "OPTIONS /api/v1/auth/audit-logs/?start_date=&end_date=&action=&module=&page=1&page_size=50 HTTP/1.1" 200 0
INFO 2026-06-10 14:18:16,673 basehttp "OPTIONS /api/v1/auth/audit-logs/stats/ HTTP/1.1" 200 0
INFO 2026-06-10 14:18:16,673 basehttp "OPTIONS /api/v1/auth/audit-logs/stats/ HTTP/1.1" 200 0
INFO 2026-06-10 14:18:16,679 basehttp "OPTIONS /api/v1/auth/audit-logs/modules/ HTTP/1.1" 200 0
INFO 2026-06-10 14:18:16,679 basehttp "OPTIONS /api/v1/auth/audit-logs/modules/ HTTP/1.1" 200 0
INFO 2026-06-10 14:18:16,677 basehttp "OPTIONS /api/v1/auth/audit-logs/?start_date=&end_date=&action=&module=&page=1&page_size=50 HTTP/1.1" 200 0
INFO 2026-06-10 14:18:16,677 basehttp "OPTIONS /api/v1/auth/audit-logs/?start_date=&end_date=&action=&module=&page=1&page_size=50 HTTP/1.1" 200 0
INFO 2026-06-10 14:18:16,695 basehttp "OPTIONS /api/v1/auth/audit-logs/actions/ HTTP/1.1" 200 0
INFO 2026-06-10 14:18:16,695 basehttp "OPTIONS /api/v1/auth/audit-logs/actions/ HTTP/1.1" 200 0
INFO 2026-06-10 14:18:16,695 basehttp "OPTIONS /api/v1/auth/audit-logs/stats/ HTTP/1.1" 200 0
INFO 2026-06-10 14:18:16,705 middleware → GET /api/v1/auth/audit-logs/actions/ | User: Anonymous | IP: 127.0.0.1
INFO 2026-06-10 14:18:16,705 middleware → GET /api/v1/auth/audit-logs/actions/ | User: Anonymous | IP: 127.0.0.1
INFO 2026-06-10 14:18:16,674 basehttp "OPTIONS /api/v1/auth/audit-logs/actions/ HTTP/1.1" 200 0
INFO 2026-06-10 14:18:16,674 basehttp "OPTIONS /api/v1/auth/audit-logs/actions/ HTTP/1.1" 200 0
INFO 2026-06-10 14:18:16,707 middleware → GET /api/v1/auth/audit-logs/stats/ | User: Anonymous | IP: 127.0.0.1
INFO 2026-06-10 14:18:16,707 middleware → GET /api/v1/auth/audit-logs/stats/ | User: Anonymous | IP: 127.0.0.1
INFO 2026-06-10 14:18:16,702 middleware → GET /api/v1/auth/audit-logs/modules/ | User: Anonymous | IP: 127.0.0.1
INFO 2026-06-10 14:18:16,695 basehttp "OPTIONS /api/v1/auth/audit-logs/stats/ HTTP/1.1" 200 0
INFO 2026-06-10 14:18:16,722 middleware → GET /api/v1/auth/audit-logs/ | User: Anonymous | IP: 127.0.0.1
INFO 2026-06-10 14:18:16,702 middleware → GET /api/v1/auth/audit-logs/modules/ | User: Anonymous | IP: 127.0.0.1
INFO 2026-06-10 14:18:16,722 middleware → GET /api/v1/auth/audit-logs/ | User: Anonymous | IP: 127.0.0.1
INFO 2026-06-10 14:18:16,757 middleware ← GET /api/v1/auth/audit-logs/actions/ | Status: 404 | Duration: 0.05s
INFO 2026-06-10 14:18:16,764 middleware ← GET /api/v1/auth/audit-logs/stats/ | Status: 404 | Duration: 0.06s
INFO 2026-06-10 14:18:16,757 middleware ← GET /api/v1/auth/audit-logs/actions/ | Status: 404 | Duration: 0.05s
INFO 2026-06-10 14:18:16,764 middleware ← GET /api/v1/auth/audit-logs/stats/ | Status: 404 | Duration: 0.06s
WARNING 2026-06-10 14:18:16,774 basehttp "GET /api/v1/auth/audit-logs/stats/ HTTP/1.1" 404 23
WARNING 2026-06-10 14:18:16,774 basehttp "GET /api/v1/auth/audit-logs/stats/ HTTP/1.1" 404 23
WARNING 2026-06-10 14:18:16,776 basehttp "GET /api/v1/auth/audit-logs/actions/ HTTP/1.1" 404 23
WARNING 2026-06-10 14:18:16,776 basehttp "GET /api/v1/auth/audit-logs/actions/ HTTP/1.1" 404 23
INFO 2026-06-10 14:18:16,782 middleware → GET /api/v1/auth/audit-logs/actions/ | User: Anonymous | IP: 127.0.0.1
INFO 2026-06-10 14:18:16,782 middleware → GET /api/v1/auth/audit-logs/actions/ | User: Anonymous | IP: 127.0.0.1
INFO 2026-06-10 14:18:16,790 middleware → GET /api/v1/auth/audit-logs/stats/ | User: Anonymous | IP: 127.0.0.1
INFO 2026-06-10 14:18:16,790 middleware → GET /api/v1/auth/audit-logs/stats/ | User: Anonymous | IP: 127.0.0.1
INFO 2026-06-10 14:18:16,804 middleware ← GET /api/v1/auth/audit-logs/modules/ | Status: 404 | Duration: 0.10s
INFO 2026-06-10 14:18:16,804 middleware ← GET /api/v1/auth/audit-logs/modules/ | Status: 404 | Duration: 0.10s
INFO 2026-06-10 14:18:16,813 middleware → GET /api/v1/auth/audit-logs/modules/ | User: Anonymous | IP: 127.0.0.1
INFO 2026-06-10 14:18:16,813 middleware → GET /api/v1/auth/audit-logs/modules/ | User: Anonymous | IP: 127.0.0.1
WARNING 2026-06-10 14:18:16,818 basehttp "GET /api/v1/auth/audit-logs/modules/ HTTP/1.1" 404 23
WARNING 2026-06-10 14:18:16,818 basehttp "GET /api/v1/auth/audit-logs/modules/ HTTP/1.1" 404 23
INFO 2026-06-10 14:18:16,853 middleware ← GET /api/v1/auth/audit-logs/actions/ | Status: 404 | Duration: 0.07s
INFO 2026-06-10 14:18:16,854 middleware ← GET /api/v1/auth/audit-logs/stats/ | Status: 404 | Duration: 0.06s
INFO 2026-06-10 14:18:16,853 middleware ← GET /api/v1/auth/audit-logs/actions/ | Status: 404 | Duration: 0.07s
INFO 2026-06-10 14:18:16,854 middleware ← GET /api/v1/auth/audit-logs/stats/ | Status: 404 | Duration: 0.06s
WARNING 2026-06-10 14:18:16,880 basehttp "GET /api/v1/auth/audit-logs/stats/ HTTP/1.1" 404 23
WARNING 2026-06-10 14:18:16,880 basehttp "GET /api/v1/auth/audit-logs/stats/ HTTP/1.1" 404 23
WARNING 2026-06-10 14:18:16,890 basehttp "GET /api/v1/auth/audit-logs/actions/ HTTP/1.1" 404 23
INFO 2026-06-10 14:18:16,895 middleware ← GET /api/v1/auth/audit-logs/modules/ | Status: 404 | Duration: 0.08s
WARNING 2026-06-10 14:18:16,890 basehttp "GET /api/v1/auth/audit-logs/actions/ HTTP/1.1" 404 23
INFO 2026-06-10 14:18:16,895 middleware ← GET /api/v1/auth/audit-logs/modules/ | Status: 404 | Duration: 0.08s
WARNING 2026-06-10 14:18:16,912 basehttp "GET /api/v1/auth/audit-logs/modules/ HTTP/1.1" 404 23
WARNING 2026-06-10 14:18:16,912 basehttp "GET /api/v1/auth/audit-logs/modules/ HTTP/1.1" 404 23
INFO 2026-06-10 14:18:16,934 middleware ← GET /api/v1/auth/audit-logs/ | Status: 200 | Duration: 0.21s
INFO 2026-06-10 14:18:16,934 middleware ← GET /api/v1/auth/audit-logs/ | Status: 200 | Duration: 0.21s
INFO 2026-06-10 14:18:16,935 basehttp "GET /api/v1/auth/audit-logs/?start_date=&end_date=&action=&module=&page=1&page_size=50 HTTP/1.1" 200 5445
INFO 2026-06-10 14:18:16,935 basehttp "GET /api/v1/auth/audit-logs/?start_date=&end_date=&action=&module=&page=1&page_size=50 HTTP/1.1" 200 5445
INFO 2026-06-10 14:18:16,939 middleware → GET /api/v1/auth/audit-logs/ | User: Anonymous | IP: 127.0.0.1
INFO 2026-06-10 14:18:16,939 middleware → GET /api/v1/auth/audit-logs/ | User: Anonymous | IP: 127.0.0.1
INFO 2026-06-10 14:18:17,025 middleware ← GET /api/v1/auth/audit-logs/ | Status: 200 | Duration: 0.09s
INFO 2026-06-10 14:18:17,025 middleware ← GET /api/v1/auth/audit-logs/ | Status: 200 | Duration: 0.09s
INFO 2026-06-10 14:18:17,027 basehttp "GET /api/v1/auth/audit-logs/?start_date=&end_date=&action=&module=&page=1&page_size=50 HTTP/1.1" 200 5445
INFO 2026-06-10 14:18:17,027 basehttp "GET /api/v1/auth/audit-logs/?start_date=&end_date=&action=&module=&page=1&page_size=50 HTTP/1.1" 200 5445
INFO 2026-06-10 14:18:24,541 middleware → GET /api/v1/inventory/products/ | User: Anonymous | IP: 127.0.0.1
INFO 2026-06-10 14:18:24,543 middleware → GET /api/v1/sales/customers/ | User: Anonymous | IP: 127.0.0.1
INFO 2026-06-10 14:18:24,541 middleware → GET /api/v1/inventory/products/ | User: Anonymous | IP: 127.0.0.1
INFO 2026-06-10 14:18:24,543 middleware → GET /api/v1/sales/customers/ | User: Anonymous | IP: 127.0.0.1
INFO 2026-06-10 14:18:24,576 middleware ← GET /api/v1/inventory/products/ | Status: 200 | Duration: 0.03s
INFO 2026-06-10 14:18:24,576 middleware ← GET /api/v1/inventory/products/ | Status: 200 | Duration: 0.03s
INFO 2026-06-10 14:18:24,589 middleware ← GET /api/v1/sales/customers/ | Status: 200 | Duration: 0.05s
INFO 2026-06-10 14:18:24,589 middleware ← GET /api/v1/sales/customers/ | Status: 200 | Duration: 0.05s
INFO 2026-06-10 14:18:24,595 middleware → GET /api/v1/inventory/products/ | User: Anonymous | IP: 127.0.0.1
INFO 2026-06-10 14:18:24,595 middleware → GET /api/v1/inventory/products/ | User: Anonymous | IP: 127.0.0.1
INFO 2026-06-10 14:18:24,595 basehttp "GET /api/v1/sales/customers/ HTTP/1.1" 200 52
INFO 2026-06-10 14:18:24,595 basehttp "GET /api/v1/sales/customers/ HTTP/1.1" 200 52
INFO 2026-06-10 14:18:24,596 basehttp "GET /api/v1/inventory/products/ HTTP/1.1" 200 52
INFO 2026-06-10 14:18:24,622 middleware → GET /api/v1/sales/customers/ | User: Anonymous | IP: 127.0.0.1
INFO 2026-06-10 14:18:24,596 basehttp "GET /api/v1/inventory/products/ HTTP/1.1" 200 52
INFO 2026-06-10 14:18:24,622 middleware → GET /api/v1/sales/customers/ | User: Anonymous | IP: 127.0.0.1
INFO 2026-06-10 14:18:24,666 middleware ← GET /api/v1/inventory/products/ | Status: 200 | Duration: 0.07s
INFO 2026-06-10 14:18:24,666 middleware ← GET /api/v1/inventory/products/ | Status: 200 | Duration: 0.07s
INFO 2026-06-10 14:18:24,667 basehttp "GET /api/v1/inventory/products/ HTTP/1.1" 200 52
INFO 2026-06-10 14:18:24,667 basehttp "GET /api/v1/inventory/products/ HTTP/1.1" 200 52
INFO 2026-06-10 14:18:24,678 middleware ← GET /api/v1/sales/customers/ | Status: 200 | Duration: 0.06s
INFO 2026-06-10 14:18:24,678 middleware ← GET /api/v1/sales/customers/ | Status: 200 | Duration: 0.06s
INFO 2026-06-10 14:18:24,679 basehttp "GET /api/v1/sales/customers/ HTTP/1.1" 200 52
INFO 2026-06-10 14:18:24,679 basehttp "GET /api/v1/sales/customers/ HTTP/1.1" 200 52
INFO 2026-06-10 14:18:26,704 middleware → GET /api/v1/auth/audit-logs/modules/ | User: Anonymous | IP: 127.0.0.1
INFO 2026-06-10 14:18:26,706 middleware → GET /api/v1/auth/audit-logs/actions/ | User: Anonymous | IP: 127.0.0.1
INFO 2026-06-10 14:18:26,707 middleware → GET /api/v1/auth/audit-logs/ | User: Anonymous | IP: 127.0.0.1
INFO 2026-06-10 14:18:26,708 middleware → GET /api/v1/auth/audit-logs/stats/ | User: Anonymous | IP: 127.0.0.1
INFO 2026-06-10 14:18:26,704 middleware → GET /api/v1/auth/audit-logs/modules/ | User: Anonymous | IP: 127.0.0.1
INFO 2026-06-10 14:18:26,706 middleware → GET /api/v1/auth/audit-logs/actions/ | User: Anonymous | IP: 127.0.0.1
INFO 2026-06-10 14:18:26,707 middleware → GET /api/v1/auth/audit-logs/ | User: Anonymous | IP: 127.0.0.1
INFO 2026-06-10 14:18:26,708 middleware → GET /api/v1/auth/audit-logs/stats/ | User: Anonymous | IP: 127.0.0.1
INFO 2026-06-10 14:18:26,762 middleware ← GET /api/v1/auth/audit-logs/modules/ | Status: 404 | Duration: 0.06s
INFO 2026-06-10 14:18:26,764 middleware ← GET /api/v1/auth/audit-logs/actions/ | Status: 404 | Duration: 0.06s
INFO 2026-06-10 14:18:26,762 middleware ← GET /api/v1/auth/audit-logs/modules/ | Status: 404 | Duration: 0.06s
INFO 2026-06-10 14:18:26,769 middleware ← GET /api/v1/auth/audit-logs/stats/ | Status: 404 | Duration: 0.06s
INFO 2026-06-10 14:18:26,764 middleware ← GET /api/v1/auth/audit-logs/actions/ | Status: 404 | Duration: 0.06s
WARNING 2026-06-10 14:18:26,781 basehttp "GET /api/v1/auth/audit-logs/modules/ HTTP/1.1" 404 23
INFO 2026-06-10 14:18:26,769 middleware ← GET /api/v1/auth/audit-logs/stats/ | Status: 404 | Duration: 0.06s
WARNING 2026-06-10 14:18:26,781 basehttp "GET /api/v1/auth/audit-logs/modules/ HTTP/1.1" 404 23
INFO 2026-06-10 14:18:26,799 middleware → GET /api/v1/auth/audit-logs/modules/ | User: Anonymous | IP: 127.0.0.1
INFO 2026-06-10 14:18:26,799 middleware → GET /api/v1/auth/audit-logs/modules/ | User: Anonymous | IP: 127.0.0.1
WARNING 2026-06-10 14:18:26,807 basehttp "GET /api/v1/auth/audit-logs/actions/ HTTP/1.1" 404 23
WARNING 2026-06-10 14:18:26,807 basehttp "GET /api/v1/auth/audit-logs/actions/ HTTP/1.1" 404 23
INFO 2026-06-10 14:18:26,810 middleware → GET /api/v1/auth/audit-logs/actions/ | User: Anonymous | IP: 127.0.0.1
INFO 2026-06-10 14:18:26,810 middleware → GET /api/v1/auth/audit-logs/actions/ | User: Anonymous | IP: 127.0.0.1
INFO 2026-06-10 14:18:26,816 middleware → GET /api/v1/auth/audit-logs/stats/ | User: Anonymous | IP: 127.0.0.1
WARNING 2026-06-10 14:18:26,821 basehttp "GET /api/v1/auth/audit-logs/stats/ HTTP/1.1" 404 23
WARNING 2026-06-10 14:18:26,821 basehttp "GET /api/v1/auth/audit-logs/stats/ HTTP/1.1" 404 23
INFO 2026-06-10 14:18:26,816 middleware → GET /api/v1/auth/audit-logs/stats/ | User: Anonymous | IP: 127.0.0.1
INFO 2026-06-10 14:18:26,862 middleware ← GET /api/v1/auth/audit-logs/stats/ | Status: 404 | Duration: 0.05s
INFO 2026-06-10 14:18:26,862 middleware ← GET /api/v1/auth/audit-logs/stats/ | Status: 404 | Duration: 0.05s
WARNING 2026-06-10 14:18:26,869 basehttp "GET /api/v1/auth/audit-logs/stats/ HTTP/1.1" 404 23
WARNING 2026-06-10 14:18:26,869 basehttp "GET /api/v1/auth/audit-logs/stats/ HTTP/1.1" 404 23
INFO 2026-06-10 14:18:26,874 middleware ← GET /api/v1/auth/audit-logs/modules/ | Status: 404 | Duration: 0.08s
INFO 2026-06-10 14:18:26,874 middleware ← GET /api/v1/auth/audit-logs/modules/ | Status: 404 | Duration: 0.08s
WARNING 2026-06-10 14:18:26,890 basehttp "GET /api/v1/auth/audit-logs/modules/ HTTP/1.1" 404 23
INFO 2026-06-10 14:18:26,892 middleware ← GET /api/v1/auth/audit-logs/actions/ | Status: 404 | Duration: 0.08s
WARNING 2026-06-10 14:18:26,890 basehttp "GET /api/v1/auth/audit-logs/modules/ HTTP/1.1" 404 23
INFO 2026-06-10 14:18:26,892 middleware ← GET /api/v1/auth/audit-logs/actions/ | Status: 404 | Duration: 0.08s
WARNING 2026-06-10 14:18:26,909 basehttp "GET /api/v1/auth/audit-logs/actions/ HTTP/1.1" 404 23
WARNING 2026-06-10 14:18:26,909 basehttp "GET /api/v1/auth/audit-logs/actions/ HTTP/1.1" 404 23
INFO 2026-06-10 14:18:26,935 middleware ← GET /api/v1/auth/audit-logs/ | Status: 200 | Duration: 0.23s
INFO 2026-06-10 14:18:26,935 middleware ← GET /api/v1/auth/audit-logs/ | Status: 200 | Duration: 0.23s
INFO 2026-06-10 14:18:26,938 basehttp "GET /api/v1/auth/audit-logs/?start_date=&end_date=&action=&module=&page=1&page_size=50 HTTP/1.1" 200 5445
INFO 2026-06-10 14:18:26,938 basehttp "GET /api/v1/auth/audit-logs/?start_date=&end_date=&action=&module=&page=1&page_size=50 HTTP/1.1" 200 5445
INFO 2026-06-10 14:18:26,972 middleware → GET /api/v1/auth/audit-logs/ | User: Anonymous | IP: 127.0.0.1
INFO 2026-06-10 14:18:26,972 middleware → GET /api/v1/auth/audit-logs/ | User: Anonymous | IP: 127.0.0.1
INFO 2026-06-10 14:18:27,197 middleware ← GET /api/v1/auth/audit-logs/ | Status: 200 | Duration: 0.23s
INFO 2026-06-10 14:18:27,197 middleware ← GET /api/v1/auth/audit-logs/ | Status: 200 | Duration: 0.23s
INFO 2026-06-10 14:18:27,204 basehttp "GET /api/v1/auth/audit-logs/?start_date=&end_date=&action=&module=&page=1&page_size=50 HTTP/1.1" 200 5445
INFO 2026-06-10 14:18:27,204 basehttp "GET /api/v1/auth/audit-logs/?start_date=&end_date=&action=&module=&page=1&page_size=50 HTTP/1.1" 200 5445
INFO 2026-06-10 14:19:17,544 basehttp "OPTIONS /api/v1/auth/audit-logs/export/?start_date=&end_date=&action=&module=&format=csv HTTP/1.1" 200 0
INFO 2026-06-10 14:19:17,544 basehttp "OPTIONS /api/v1/auth/audit-logs/export/?start_date=&end_date=&action=&module=&format=csv HTTP/1.1" 200 0
INFO 2026-06-10 14:19:17,547 middleware → GET /api/v1/auth/audit-logs/export/ | User: Anonymous | IP: 127.0.0.1
INFO 2026-06-10 14:19:17,547 middleware → GET /api/v1/auth/audit-logs/export/ | User: Anonymous | IP: 127.0.0.1
INFO 2026-06-10 14:19:17,549 middleware ← GET /api/v1/auth/audit-logs/export/ | Status: 404 | Duration: 0.00s
INFO 2026-06-10 14:19:17,549 middleware ← GET /api/v1/auth/audit-logs/export/ | Status: 404 | Duration: 0.00s
WARNING 2026-06-10 14:19:17,550 basehttp "GET /api/v1/auth/audit-logs/export/?start_date=&end_date=&action=&module=&format=csv HTTP/1.1" 404 23
WARNING 2026-06-10 14:19:17,550 basehttp "GET /api/v1/auth/audit-logs/export/?start_date=&end_date=&action=&module=&format=csv HTTP/1.1" 404 23
INFO 2026-06-10 14:20:35,777 basehttp "OPTIONS /api/v1/inventory/categories/ HTTP/1.1" 200 0
INFO 2026-06-10 14:20:35,779 basehttp "OPTIONS /api/v1/inventory/categories/ HTTP/1.1" 200 0
INFO 2026-06-10 14:20:35,777 basehttp "OPTIONS /api/v1/inventory/categories/ HTTP/1.1" 200 0
INFO 2026-06-10 14:20:35,779 basehttp "OPTIONS /api/v1/inventory/categories/ HTTP/1.1" 200 0
INFO 2026-06-10 14:20:35,782 middleware → GET /api/v1/inventory/categories/ | User: Anonymous | IP: 127.0.0.1
INFO 2026-06-10 14:20:35,782 middleware → GET /api/v1/inventory/categories/ | User: Anonymous | IP: 127.0.0.1
INFO 2026-06-10 14:20:35,809 middleware ← GET /api/v1/inventory/categories/ | Status: 200 | Duration: 0.03s
INFO 2026-06-10 14:20:35,809 middleware ← GET /api/v1/inventory/categories/ | Status: 200 | Duration: 0.03s
INFO 2026-06-10 14:20:35,815 basehttp "GET /api/v1/inventory/categories/ HTTP/1.1" 200 52
INFO 2026-06-10 14:20:35,815 basehttp "GET /api/v1/inventory/categories/ HTTP/1.1" 200 52
INFO 2026-06-10 14:20:35,824 middleware → GET /api/v1/inventory/categories/ | User: Anonymous | IP: 127.0.0.1
INFO 2026-06-10 14:20:35,824 middleware → GET /api/v1/inventory/categories/ | User: Anonymous | IP: 127.0.0.1
INFO 2026-06-10 14:20:35,869 middleware → GET /api/v1/inventory/products/ | User: Anonymous | IP: 127.0.0.1
INFO 2026-06-10 14:20:35,869 middleware → GET /api/v1/inventory/products/ | User: Anonymous | IP: 127.0.0.1
INFO 2026-06-10 14:20:35,888 middleware ← GET /api/v1/inventory/categories/ | Status: 200 | Duration: 0.06s
INFO 2026-06-10 14:20:35,888 middleware ← GET /api/v1/inventory/categories/ | Status: 200 | Duration: 0.06s
INFO 2026-06-10 14:20:35,903 middleware ← GET /api/v1/inventory/products/ | Status: 200 | Duration: 0.03s
INFO 2026-06-10 14:20:35,903 middleware ← GET /api/v1/inventory/products/ | Status: 200 | Duration: 0.03s
INFO 2026-06-10 14:20:35,906 basehttp "GET /api/v1/inventory/products/ HTTP/1.1" 200 52
INFO 2026-06-10 14:20:35,906 basehttp "GET /api/v1/inventory/products/ HTTP/1.1" 200 52
INFO 2026-06-10 14:20:35,930 basehttp "GET /api/v1/inventory/categories/ HTTP/1.1" 200 52
INFO 2026-06-10 14:20:35,930 basehttp "GET /api/v1/inventory/categories/ HTTP/1.1" 200 52
INFO 2026-06-10 14:20:35,946 middleware → GET /api/v1/inventory/products/ | User: Anonymous | IP: 127.0.0.1
INFO 2026-06-10 14:20:35,946 middleware → GET /api/v1/inventory/products/ | User: Anonymous | IP: 127.0.0.1
INFO 2026-06-10 14:20:35,969 middleware ← GET /api/v1/inventory/products/ | Status: 200 | Duration: 0.02s
INFO 2026-06-10 14:20:35,969 middleware ← GET /api/v1/inventory/products/ | Status: 200 | Duration: 0.02s
INFO 2026-06-10 14:20:35,972 basehttp "GET /api/v1/inventory/products/ HTTP/1.1" 200 52
INFO 2026-06-10 14:20:35,972 basehttp "GET /api/v1/inventory/products/ HTTP/1.1" 200 52
INFO 2026-06-10 14:20:42,493 middleware → POST /api/v1/inventory/categories/ | User: Anonymous | IP: 127.0.0.1
INFO 2026-06-10 14:20:42,493 middleware → POST /api/v1/inventory/categories/ | User: Anonymous | IP: 127.0.0.1
INFO 2026-06-10 14:20:42,536 logging_utils AUDIT: admin@bizsmart.com - CREATE - inventory - POST /api/v1/inventory/categories/
INFO 2026-06-10 14:20:42,536 logging_utils AUDIT: admin@bizsmart.com - CREATE - inventory - POST /api/v1/inventory/categories/
INFO 2026-06-10 14:20:42,536 middleware ← POST /api/v1/inventory/categories/ | Status: 201 | Duration: 0.04s
INFO 2026-06-10 14:20:42,536 middleware ← POST /api/v1/inventory/categories/ | Status: 201 | Duration: 0.04s
INFO 2026-06-10 14:20:42,538 basehttp "POST /api/v1/inventory/categories/ HTTP/1.1" 201 126
INFO 2026-06-10 14:20:42,538 basehttp "POST /api/v1/inventory/categories/ HTTP/1.1" 201 126
INFO 2026-06-10 14:20:42,551 middleware → GET /api/v1/inventory/categories/ | User: Anonymous | IP: 127.0.0.1
INFO 2026-06-10 14:20:42,551 middleware → GET /api/v1/inventory/categories/ | User: Anonymous | IP: 127.0.0.1
INFO 2026-06-10 14:20:42,588 middleware ← GET /api/v1/inventory/categories/ | Status: 200 | Duration: 0.04s
INFO 2026-06-10 14:20:42,588 middleware ← GET /api/v1/inventory/categories/ | Status: 200 | Duration: 0.04s
INFO 2026-06-10 14:20:42,591 basehttp "GET /api/v1/inventory/categories/ HTTP/1.1" 200 178
INFO 2026-06-10 14:20:42,591 basehttp "GET /api/v1/inventory/categories/ HTTP/1.1" 200 178
INFO 2026-06-10 14:20:42,599 middleware → GET /api/v1/inventory/products/ | User: Anonymous | IP: 127.0.0.1
INFO 2026-06-10 14:20:42,599 middleware → GET /api/v1/inventory/products/ | User: Anonymous | IP: 127.0.0.1
INFO 2026-06-10 14:20:42,626 middleware ← GET /api/v1/inventory/products/ | Status: 200 | Duration: 0.03s
INFO 2026-06-10 14:20:42,626 middleware ← GET /api/v1/inventory/products/ | Status: 200 | Duration: 0.03s
INFO 2026-06-10 14:20:42,629 basehttp "GET /api/v1/inventory/products/ HTTP/1.1" 200 52
INFO 2026-06-10 14:20:42,629 basehttp "GET /api/v1/inventory/products/ HTTP/1.1" 200 52
INFO 2026-06-10 14:20:47,082 middleware → GET /api/v1/auth/audit-logs/modules/ | User: Anonymous | IP: 127.0.0.1
INFO 2026-06-10 14:20:47,082 middleware → GET /api/v1/auth/audit-logs/modules/ | User: Anonymous | IP: 127.0.0.1
INFO 2026-06-10 14:20:47,087 middleware → GET /api/v1/auth/audit-logs/actions/ | User: Anonymous | IP: 127.0.0.1
INFO 2026-06-10 14:20:47,087 middleware → GET /api/v1/auth/audit-logs/actions/ | User: Anonymous | IP: 127.0.0.1
INFO 2026-06-10 14:20:47,126 middleware → GET /api/v1/auth/audit-logs/ | User: Anonymous | IP: 127.0.0.1
INFO 2026-06-10 14:20:47,126 middleware → GET /api/v1/auth/audit-logs/ | User: Anonymous | IP: 127.0.0.1
INFO 2026-06-10 14:20:47,137 middleware → GET /api/v1/auth/audit-logs/stats/ | User: Anonymous | IP: 127.0.0.1
INFO 2026-06-10 14:20:47,137 middleware → GET /api/v1/auth/audit-logs/stats/ | User: Anonymous | IP: 127.0.0.1
INFO 2026-06-10 14:20:47,162 middleware ← GET /api/v1/auth/audit-logs/actions/ | Status: 404 | Duration: 0.08s
INFO 2026-06-10 14:20:47,162 middleware ← GET /api/v1/auth/audit-logs/actions/ | Status: 404 | Duration: 0.08s
WARNING 2026-06-10 14:20:47,168 basehttp "GET /api/v1/auth/audit-logs/actions/ HTTP/1.1" 404 23
WARNING 2026-06-10 14:20:47,168 basehttp "GET /api/v1/auth/audit-logs/actions/ HTTP/1.1" 404 23
INFO 2026-06-10 14:20:47,172 middleware → GET /api/v1/auth/audit-logs/actions/ | User: Anonymous | IP: 127.0.0.1
INFO 2026-06-10 14:20:47,172 middleware → GET /api/v1/auth/audit-logs/actions/ | User: Anonymous | IP: 127.0.0.1
INFO 2026-06-10 14:20:47,189 middleware ← GET /api/v1/auth/audit-logs/modules/ | Status: 404 | Duration: 0.11s
INFO 2026-06-10 14:20:47,195 middleware ← GET /api/v1/auth/audit-logs/stats/ | Status: 404 | Duration: 0.06s
INFO 2026-06-10 14:20:47,189 middleware ← GET /api/v1/auth/audit-logs/modules/ | Status: 404 | Duration: 0.11s
INFO 2026-06-10 14:20:47,195 middleware ← GET /api/v1/auth/audit-logs/stats/ | Status: 404 | Duration: 0.06s
WARNING 2026-06-10 14:20:47,212 basehttp "GET /api/v1/auth/audit-logs/stats/ HTTP/1.1" 404 23
WARNING 2026-06-10 14:20:47,212 basehttp "GET /api/v1/auth/audit-logs/stats/ HTTP/1.1" 404 23
WARNING 2026-06-10 14:20:47,223 basehttp "GET /api/v1/auth/audit-logs/modules/ HTTP/1.1" 404 23
INFO 2026-06-10 14:20:47,230 middleware ← GET /api/v1/auth/audit-logs/actions/ | Status: 404 | Duration: 0.06s
WARNING 2026-06-10 14:20:47,223 basehttp "GET /api/v1/auth/audit-logs/modules/ HTTP/1.1" 404 23
INFO 2026-06-10 14:20:47,230 middleware ← GET /api/v1/auth/audit-logs/actions/ | Status: 404 | Duration: 0.06s
INFO 2026-06-10 14:20:47,255 middleware → GET /api/v1/auth/audit-logs/modules/ | User: Anonymous | IP: 127.0.0.1
INFO 2026-06-10 14:20:47,255 middleware → GET /api/v1/auth/audit-logs/modules/ | User: Anonymous | IP: 127.0.0.1
INFO 2026-06-10 14:20:47,232 middleware → GET /api/v1/auth/audit-logs/stats/ | User: Anonymous | IP: 127.0.0.1
WARNING 2026-06-10 14:20:47,264 basehttp "GET /api/v1/auth/audit-logs/actions/ HTTP/1.1" 404 23
INFO 2026-06-10 14:20:47,232 middleware → GET /api/v1/auth/audit-logs/stats/ | User: Anonymous | IP: 127.0.0.1
WARNING 2026-06-10 14:20:47,264 basehttp "GET /api/v1/auth/audit-logs/actions/ HTTP/1.1" 404 23
INFO 2026-06-10 14:20:47,305 middleware ← GET /api/v1/auth/audit-logs/modules/ | Status: 404 | Duration: 0.05s
INFO 2026-06-10 14:20:47,305 middleware ← GET /api/v1/auth/audit-logs/modules/ | Status: 404 | Duration: 0.05s
WARNING 2026-06-10 14:20:47,309 basehttp "GET /api/v1/auth/audit-logs/modules/ HTTP/1.1" 404 23
WARNING 2026-06-10 14:20:47,309 basehttp "GET /api/v1/auth/audit-logs/modules/ HTTP/1.1" 404 23
INFO 2026-06-10 14:20:47,323 middleware ← GET /api/v1/auth/audit-logs/stats/ | Status: 404 | Duration: 0.09s
INFO 2026-06-10 14:20:47,323 middleware ← GET /api/v1/auth/audit-logs/stats/ | Status: 404 | Duration: 0.09s
WARNING 2026-06-10 14:20:47,325 basehttp "GET /api/v1/auth/audit-logs/stats/ HTTP/1.1" 404 23
WARNING 2026-06-10 14:20:47,325 basehttp "GET /api/v1/auth/audit-logs/stats/ HTTP/1.1" 404 23
INFO 2026-06-10 14:20:47,337 middleware ← GET /api/v1/auth/audit-logs/ | Status: 200 | Duration: 0.21s
INFO 2026-06-10 14:20:47,337 middleware ← GET /api/v1/auth/audit-logs/ | Status: 200 | Duration: 0.21s
INFO 2026-06-10 14:20:47,342 middleware → GET /api/v1/auth/audit-logs/ | User: Anonymous | IP: 127.0.0.1
INFO 2026-06-10 14:20:47,342 middleware → GET /api/v1/auth/audit-logs/ | User: Anonymous | IP: 127.0.0.1
INFO 2026-06-10 14:20:47,347 basehttp "GET /api/v1/auth/audit-logs/?start_date=&end_date=&action=&module=&page=1&page_size=50 HTTP/1.1" 200 5462
INFO 2026-06-10 14:20:47,347 basehttp "GET /api/v1/auth/audit-logs/?start_date=&end_date=&action=&module=&page=1&page_size=50 HTTP/1.1" 200 5462
INFO 2026-06-10 14:20:47,422 middleware ← GET /api/v1/auth/audit-logs/ | Status: 200 | Duration: 0.08s
INFO 2026-06-10 14:20:47,422 middleware ← GET /api/v1/auth/audit-logs/ | Status: 200 | Duration: 0.08s
INFO 2026-06-10 14:20:47,423 basehttp "GET /api/v1/auth/audit-logs/?start_date=&end_date=&action=&module=&page=1&page_size=50 HTTP/1.1" 200 5462
INFO 2026-06-10 14:20:47,423 basehttp "GET /api/v1/auth/audit-logs/?start_date=&end_date=&action=&module=&page=1&page_size=50 HTTP/1.1" 200 5462
INFO 2026-06-10 14:21:01,432 middleware → GET /api/v1/inventory/categories/ | User: Anonymous | IP: 127.0.0.1
INFO 2026-06-10 14:21:01,432 middleware → GET /api/v1/inventory/categories/ | User: Anonymous | IP: 127.0.0.1
INFO 2026-06-10 14:21:01,466 middleware ← GET /api/v1/inventory/categories/ | Status: 200 | Duration: 0.03s
INFO 2026-06-10 14:21:01,466 middleware ← GET /api/v1/inventory/categories/ | Status: 200 | Duration: 0.03s
INFO 2026-06-10 14:21:01,469 basehttp "GET /api/v1/inventory/categories/ HTTP/1.1" 200 178
INFO 2026-06-10 14:21:01,469 basehttp "GET /api/v1/inventory/categories/ HTTP/1.1" 200 178
INFO 2026-06-10 14:21:01,477 middleware → GET /api/v1/inventory/categories/ | User: Anonymous | IP: 127.0.0.1
INFO 2026-06-10 14:21:01,477 middleware → GET /api/v1/inventory/categories/ | User: Anonymous | IP: 127.0.0.1
INFO 2026-06-10 14:21:01,487 middleware → GET /api/v1/inventory/products/ | User: Anonymous | IP: 127.0.0.1
INFO 2026-06-10 14:21:01,487 middleware → GET /api/v1/inventory/products/ | User: Anonymous | IP: 127.0.0.1
INFO 2026-06-10 14:21:01,514 middleware ← GET /api/v1/inventory/products/ | Status: 200 | Duration: 0.03s
INFO 2026-06-10 14:21:01,514 middleware ← GET /api/v1/inventory/products/ | Status: 200 | Duration: 0.03s
INFO 2026-06-10 14:21:01,520 middleware ← GET /api/v1/inventory/categories/ | Status: 200 | Duration: 0.04s
INFO 2026-06-10 14:21:01,520 middleware ← GET /api/v1/inventory/categories/ | Status: 200 | Duration: 0.04s
INFO 2026-06-10 14:21:01,521 basehttp "GET /api/v1/inventory/products/ HTTP/1.1" 200 52
INFO 2026-06-10 14:21:01,529 basehttp "GET /api/v1/inventory/categories/ HTTP/1.1" 200 178
INFO 2026-06-10 14:21:01,529 basehttp "GET /api/v1/inventory/categories/ HTTP/1.1" 200 178
INFO 2026-06-10 14:21:01,521 basehttp "GET /api/v1/inventory/products/ HTTP/1.1" 200 52
INFO 2026-06-10 14:21:01,538 middleware → GET /api/v1/inventory/products/ | User: Anonymous | IP: 127.0.0.1
INFO 2026-06-10 14:21:01,538 middleware → GET /api/v1/inventory/products/ | User: Anonymous | IP: 127.0.0.1
INFO 2026-06-10 14:21:01,567 middleware ← GET /api/v1/inventory/products/ | Status: 200 | Duration: 0.03s
INFO 2026-06-10 14:21:01,567 middleware ← GET /api/v1/inventory/products/ | Status: 200 | Duration: 0.03s
INFO 2026-06-10 14:21:01,570 basehttp "GET /api/v1/inventory/products/ HTTP/1.1" 200 52
INFO 2026-06-10 14:21:01,570 basehttp "GET /api/v1/inventory/products/ HTTP/1.1" 200 52
INFO 2026-06-10 14:21:05,342 basehttp "OPTIONS /api/v1/inventory/categories/1/ HTTP/1.1" 200 0
INFO 2026-06-10 14:21:05,342 basehttp "OPTIONS /api/v1/inventory/categories/1/ HTTP/1.1" 200 0
INFO 2026-06-10 14:21:05,347 middleware → DELETE /api/v1/inventory/categories/1/ | User: Anonymous | IP: 127.0.0.1
INFO 2026-06-10 14:21:05,347 middleware → DELETE /api/v1/inventory/categories/1/ | User: Anonymous | IP: 127.0.0.1
INFO 2026-06-10 14:21:05,376 logging_utils AUDIT: admin@bizsmart.com - DELETE - inventory - DELETE /api/v1/inventory/categories/1/
INFO 2026-06-10 14:21:05,376 logging_utils AUDIT: admin@bizsmart.com - DELETE - inventory - DELETE /api/v1/inventory/categories/1/
INFO 2026-06-10 14:21:05,377 middleware ← DELETE /api/v1/inventory/categories/1/ | Status: 200 | Duration: 0.03s
INFO 2026-06-10 14:21:05,377 middleware ← DELETE /api/v1/inventory/categories/1/ | Status: 200 | Duration: 0.03s
INFO 2026-06-10 14:21:05,378 basehttp "DELETE /api/v1/inventory/categories/1/ HTTP/1.1" 200 47
INFO 2026-06-10 14:21:05,378 basehttp "DELETE /api/v1/inventory/categories/1/ HTTP/1.1" 200 47
INFO 2026-06-10 14:21:05,393 middleware → GET /api/v1/inventory/categories/ | User: Anonymous | IP: 127.0.0.1
INFO 2026-06-10 14:21:05,393 middleware → GET /api/v1/inventory/categories/ | User: Anonymous | IP: 127.0.0.1
INFO 2026-06-10 14:21:05,422 middleware ← GET /api/v1/inventory/categories/ | Status: 200 | Duration: 0.03s
INFO 2026-06-10 14:21:05,422 middleware ← GET /api/v1/inventory/categories/ | Status: 200 | Duration: 0.03s
INFO 2026-06-10 14:21:05,424 basehttp "GET /api/v1/inventory/categories/ HTTP/1.1" 200 52
INFO 2026-06-10 14:21:05,424 basehttp "GET /api/v1/inventory/categories/ HTTP/1.1" 200 52
INFO 2026-06-10 14:21:05,431 middleware → GET /api/v1/inventory/products/ | User: Anonymous | IP: 127.0.0.1
INFO 2026-06-10 14:21:05,431 middleware → GET /api/v1/inventory/products/ | User: Anonymous | IP: 127.0.0.1
INFO 2026-06-10 14:21:05,461 middleware ← GET /api/v1/inventory/products/ | Status: 200 | Duration: 0.03s
INFO 2026-06-10 14:21:05,461 middleware ← GET /api/v1/inventory/products/ | Status: 200 | Duration: 0.03s
INFO 2026-06-10 14:21:05,463 basehttp "GET /api/v1/inventory/products/ HTTP/1.1" 200 52
INFO 2026-06-10 14:21:05,463 basehttp "GET /api/v1/inventory/products/ HTTP/1.1" 200 52
INFO 2026-06-10 14:21:11,255 middleware → GET /api/v1/auth/audit-logs/modules/ | User: Anonymous | IP: 127.0.0.1
INFO 2026-06-10 14:21:11,261 middleware → GET /api/v1/auth/audit-logs/ | User: Anonymous | IP: 127.0.0.1
INFO 2026-06-10 14:21:11,263 middleware → GET /api/v1/auth/audit-logs/actions/ | User: Anonymous | IP: 127.0.0.1
INFO 2026-06-10 14:21:11,255 middleware → GET /api/v1/auth/audit-logs/modules/ | User: Anonymous | IP: 127.0.0.1
INFO 2026-06-10 14:21:11,265 middleware → GET /api/v1/auth/audit-logs/stats/ | User: Anonymous | IP: 127.0.0.1
INFO 2026-06-10 14:21:11,261 middleware → GET /api/v1/auth/audit-logs/ | User: Anonymous | IP: 127.0.0.1
INFO 2026-06-10 14:21:11,263 middleware → GET /api/v1/auth/audit-logs/actions/ | User: Anonymous | IP: 127.0.0.1
INFO 2026-06-10 14:21:11,265 middleware → GET /api/v1/auth/audit-logs/stats/ | User: Anonymous | IP: 127.0.0.1
INFO 2026-06-10 14:21:11,325 middleware ← GET /api/v1/auth/audit-logs/actions/ | Status: 404 | Duration: 0.06s
INFO 2026-06-10 14:21:11,325 middleware ← GET /api/v1/auth/audit-logs/actions/ | Status: 404 | Duration: 0.06s
INFO 2026-06-10 14:21:11,329 middleware ← GET /api/v1/auth/audit-logs/modules/ | Status: 404 | Duration: 0.07s
INFO 2026-06-10 14:21:11,329 middleware ← GET /api/v1/auth/audit-logs/modules/ | Status: 404 | Duration: 0.07s
INFO 2026-06-10 14:21:11,335 middleware → GET /api/v1/auth/audit-logs/actions/ | User: Anonymous | IP: 127.0.0.1
INFO 2026-06-10 14:21:11,335 middleware → GET /api/v1/auth/audit-logs/actions/ | User: Anonymous | IP: 127.0.0.1
WARNING 2026-06-10 14:21:11,348 basehttp "GET /api/v1/auth/audit-logs/modules/ HTTP/1.1" 404 23
WARNING 2026-06-10 14:21:11,337 basehttp "GET /api/v1/auth/audit-logs/actions/ HTTP/1.1" 404 23
WARNING 2026-06-10 14:21:11,348 basehttp "GET /api/v1/auth/audit-logs/modules/ HTTP/1.1" 404 23
WARNING 2026-06-10 14:21:11,337 basehttp "GET /api/v1/auth/audit-logs/actions/ HTTP/1.1" 404 23
INFO 2026-06-10 14:21:11,364 middleware → GET /api/v1/auth/audit-logs/modules/ | User: Anonymous | IP: 127.0.0.1
INFO 2026-06-10 14:21:11,367 middleware ← GET /api/v1/auth/audit-logs/stats/ | Status: 404 | Duration: 0.10s
INFO 2026-06-10 14:21:11,364 middleware → GET /api/v1/auth/audit-logs/modules/ | User: Anonymous | IP: 127.0.0.1
INFO 2026-06-10 14:21:11,367 middleware ← GET /api/v1/auth/audit-logs/stats/ | Status: 404 | Duration: 0.10s
WARNING 2026-06-10 14:21:11,393 basehttp "GET /api/v1/auth/audit-logs/stats/ HTTP/1.1" 404 23
WARNING 2026-06-10 14:21:11,393 basehttp "GET /api/v1/auth/audit-logs/stats/ HTTP/1.1" 404 23
INFO 2026-06-10 14:21:11,400 middleware → GET /api/v1/auth/audit-logs/stats/ | User: Anonymous | IP: 127.0.0.1
INFO 2026-06-10 14:21:11,400 middleware → GET /api/v1/auth/audit-logs/stats/ | User: Anonymous | IP: 127.0.0.1
INFO 2026-06-10 14:21:11,408 middleware ← GET /api/v1/auth/audit-logs/actions/ | Status: 404 | Duration: 0.07s
INFO 2026-06-10 14:21:11,408 middleware ← GET /api/v1/auth/audit-logs/actions/ | Status: 404 | Duration: 0.07s
WARNING 2026-06-10 14:21:11,423 basehttp "GET /api/v1/auth/audit-logs/actions/ HTTP/1.1" 404 23
WARNING 2026-06-10 14:21:11,423 basehttp "GET /api/v1/auth/audit-logs/actions/ HTTP/1.1" 404 23
INFO 2026-06-10 14:21:11,452 middleware ← GET /api/v1/auth/audit-logs/modules/ | Status: 404 | Duration: 0.09s
INFO 2026-06-10 14:21:11,452 middleware ← GET /api/v1/auth/audit-logs/modules/ | Status: 404 | Duration: 0.09s
WARNING 2026-06-10 14:21:11,463 basehttp "GET /api/v1/auth/audit-logs/modules/ HTTP/1.1" 404 23
INFO 2026-06-10 14:21:11,466 middleware ← GET /api/v1/auth/audit-logs/stats/ | Status: 404 | Duration: 0.07s
WARNING 2026-06-10 14:21:11,463 basehttp "GET /api/v1/auth/audit-logs/modules/ HTTP/1.1" 404 23
INFO 2026-06-10 14:21:11,466 middleware ← GET /api/v1/auth/audit-logs/stats/ | Status: 404 | Duration: 0.07s
WARNING 2026-06-10 14:21:11,478 basehttp "GET /api/v1/auth/audit-logs/stats/ HTTP/1.1" 404 23
WARNING 2026-06-10 14:21:11,478 basehttp "GET /api/v1/auth/audit-logs/stats/ HTTP/1.1" 404 23
INFO 2026-06-10 14:21:11,482 middleware ← GET /api/v1/auth/audit-logs/ | Status: 200 | Duration: 0.22s
INFO 2026-06-10 14:21:11,482 middleware ← GET /api/v1/auth/audit-logs/ | Status: 200 | Duration: 0.22s
INFO 2026-06-10 14:21:11,485 basehttp "GET /api/v1/auth/audit-logs/?start_date=&end_date=&action=&module=&page=1&page_size=50 HTTP/1.1" 200 5477
INFO 2026-06-10 14:21:11,485 basehttp "GET /api/v1/auth/audit-logs/?start_date=&end_date=&action=&module=&page=1&page_size=50 HTTP/1.1" 200 5477
INFO 2026-06-10 14:21:11,519 middleware → GET /api/v1/auth/audit-logs/ | User: Anonymous | IP: 127.0.0.1
INFO 2026-06-10 14:21:11,519 middleware → GET /api/v1/auth/audit-logs/ | User: Anonymous | IP: 127.0.0.1
INFO 2026-06-10 14:21:11,597 middleware ← GET /api/v1/auth/audit-logs/ | Status: 200 | Duration: 0.08s
INFO 2026-06-10 14:21:11,597 middleware ← GET /api/v1/auth/audit-logs/ | Status: 200 | Duration: 0.08s
INFO 2026-06-10 14:21:11,599 basehttp "GET /api/v1/auth/audit-logs/?start_date=&end_date=&action=&module=&page=1&page_size=50 HTTP/1.1" 200 5477
INFO 2026-06-10 14:21:11,599 basehttp "GET /api/v1/auth/audit-logs/?start_date=&end_date=&action=&module=&page=1&page_size=50 HTTP/1.1" 200 5477
INFO 2026-06-10 14:21:37,826 middleware → GET /api/v1/auth/audit-logs/modules/ | User: Anonymous | IP: 127.0.0.1
INFO 2026-06-10 14:21:37,828 middleware → GET /api/v1/auth/audit-logs/actions/ | User: Anonymous | IP: 127.0.0.1
INFO 2026-06-10 14:21:37,829 middleware → GET /api/v1/auth/audit-logs/ | User: Anonymous | IP: 127.0.0.1
INFO 2026-06-10 14:21:37,829 middleware → GET /api/v1/auth/audit-logs/stats/ | User: Anonymous | IP: 127.0.0.1
INFO 2026-06-10 14:21:37,826 middleware → GET /api/v1/auth/audit-logs/modules/ | User: Anonymous | IP: 127.0.0.1
INFO 2026-06-10 14:21:37,828 middleware → GET /api/v1/auth/audit-logs/actions/ | User: Anonymous | IP: 127.0.0.1
INFO 2026-06-10 14:21:37,829 middleware → GET /api/v1/auth/audit-logs/ | User: Anonymous | IP: 127.0.0.1
INFO 2026-06-10 14:21:37,829 middleware → GET /api/v1/auth/audit-logs/stats/ | User: Anonymous | IP: 127.0.0.1
INFO 2026-06-10 14:21:37,863 middleware ← GET /api/v1/auth/audit-logs/modules/ | Status: 404 | Duration: 0.04s
INFO 2026-06-10 14:21:37,863 middleware ← GET /api/v1/auth/audit-logs/modules/ | Status: 404 | Duration: 0.04s
WARNING 2026-06-10 14:21:37,871 basehttp "GET /api/v1/auth/audit-logs/modules/ HTTP/1.1" 404 23
WARNING 2026-06-10 14:21:37,871 basehttp "GET /api/v1/auth/audit-logs/modules/ HTTP/1.1" 404 23
INFO 2026-06-10 14:21:37,879 middleware ← GET /api/v1/auth/audit-logs/stats/ | Status: 404 | Duration: 0.05s
INFO 2026-06-10 14:21:37,879 middleware ← GET /api/v1/auth/audit-logs/stats/ | Status: 404 | Duration: 0.05s
WARNING 2026-06-10 14:21:37,887 basehttp "GET /api/v1/auth/audit-logs/stats/ HTTP/1.1" 404 23
WARNING 2026-06-10 14:21:37,887 basehttp "GET /api/v1/auth/audit-logs/stats/ HTTP/1.1" 404 23
INFO 2026-06-10 14:21:37,892 middleware ← GET /api/v1/auth/audit-logs/actions/ | Status: 404 | Duration: 0.06s
INFO 2026-06-10 14:21:37,892 middleware ← GET /api/v1/auth/audit-logs/actions/ | Status: 404 | Duration: 0.06s
WARNING 2026-06-10 14:21:37,897 basehttp "GET /api/v1/auth/audit-logs/actions/ HTTP/1.1" 404 23
WARNING 2026-06-10 14:21:37,897 basehttp "GET /api/v1/auth/audit-logs/actions/ HTTP/1.1" 404 23
INFO 2026-06-10 14:21:37,948 middleware ← GET /api/v1/auth/audit-logs/ | Status: 200 | Duration: 0.12s
INFO 2026-06-10 14:21:37,948 middleware ← GET /api/v1/auth/audit-logs/ | Status: 200 | Duration: 0.12s
INFO 2026-06-10 14:21:37,950 basehttp "GET /api/v1/auth/audit-logs/?start_date=&end_date=&action=&module=&page=1&page_size=50 HTTP/1.1" 200 5477
INFO 2026-06-10 14:21:37,950 basehttp "GET /api/v1/auth/audit-logs/?start_date=&end_date=&action=&module=&page=1&page_size=50 HTTP/1.1" 200 5477
INFO 2026-06-10 14:22:58,786 middleware → POST /api/v1/auth/login/ | User: Anonymous | IP: 127.0.0.1
INFO 2026-06-10 14:22:58,786 middleware → POST /api/v1/auth/login/ | User: Anonymous | IP: 127.0.0.1
INFO 2026-06-10 14:22:59,812 middleware ← POST /api/v1/auth/login/ | Status: 200 | Duration: 1.03s
INFO 2026-06-10 14:22:59,812 middleware ← POST /api/v1/auth/login/ | Status: 200 | Duration: 1.03s
INFO 2026-06-10 14:22:59,814 basehttp "POST /api/v1/auth/login/ HTTP/1.1" 200 788
INFO 2026-06-10 14:22:59,814 basehttp "POST /api/v1/auth/login/ HTTP/1.1" 200 788
INFO 2026-06-10 14:23:25,067 middleware → GET /api/v1/auth/audit-logs/stats/ | User: Anonymous | IP: 127.0.0.1
INFO 2026-06-10 14:23:25,067 middleware → GET /api/v1/auth/audit-logs/stats/ | User: Anonymous | IP: 127.0.0.1
INFO 2026-06-10 14:23:25,118 middleware ← GET /api/v1/auth/audit-logs/stats/ | Status: 404 | Duration: 0.05s
INFO 2026-06-10 14:23:25,118 middleware ← GET /api/v1/auth/audit-logs/stats/ | Status: 404 | Duration: 0.05s
WARNING 2026-06-10 14:23:25,122 basehttp "GET /api/v1/auth/audit-logs/stats/ HTTP/1.1" 404 23
WARNING 2026-06-10 14:23:25,122 basehttp "GET /api/v1/auth/audit-logs/stats/ HTTP/1.1" 404 23
INFO 2026-06-10 14:23:33,627 middleware → GET /api/v1/auth/audit-logs/modules/ | User: Anonymous | IP: 127.0.0.1
INFO 2026-06-10 14:23:33,627 middleware → GET /api/v1/auth/audit-logs/modules/ | User: Anonymous | IP: 127.0.0.1
INFO 2026-06-10 14:23:33,659 middleware ← GET /api/v1/auth/audit-logs/modules/ | Status: 404 | Duration: 0.03s
INFO 2026-06-10 14:23:33,659 middleware ← GET /api/v1/auth/audit-logs/modules/ | Status: 404 | Duration: 0.03s
WARNING 2026-06-10 14:23:33,660 basehttp "GET /api/v1/auth/audit-logs/modules/ HTTP/1.1" 404 23
WARNING 2026-06-10 14:23:33,660 basehttp "GET /api/v1/auth/audit-logs/modules/ HTTP/1.1" 404 23
INFO 2026-06-10 14:23:41,190 middleware → GET /api/v1/auth/audit-logs/actions/ | User: Anonymous | IP: 127.0.0.1
INFO 2026-06-10 14:23:41,190 middleware → GET /api/v1/auth/audit-logs/actions/ | User: Anonymous | IP: 127.0.0.1
INFO 2026-06-10 14:23:41,209 middleware ← GET /api/v1/auth/audit-logs/actions/ | Status: 404 | Duration: 0.02s
INFO 2026-06-10 14:23:41,209 middleware ← GET /api/v1/auth/audit-logs/actions/ | Status: 404 | Duration: 0.02s
WARNING 2026-06-10 14:23:41,211 basehttp "GET /api/v1/auth/audit-logs/actions/ HTTP/1.1" 404 23
WARNING 2026-06-10 14:23:41,211 basehttp "GET /api/v1/auth/audit-logs/actions/ HTTP/1.1" 404 23
INFO 2026-06-10 14:23:52,173 middleware → GET /api/v1/auth/audit-logs/export/ | User: Anonymous | IP: 127.0.0.1
INFO 2026-06-10 14:23:52,173 middleware → GET /api/v1/auth/audit-logs/export/ | User: Anonymous | IP: 127.0.0.1
INFO 2026-06-10 14:23:52,192 middleware ← GET /api/v1/auth/audit-logs/export/ | Status: 404 | Duration: 0.02s
INFO 2026-06-10 14:23:52,192 middleware ← GET /api/v1/auth/audit-logs/export/ | Status: 404 | Duration: 0.02s
WARNING 2026-06-10 14:23:52,194 basehttp "GET /api/v1/auth/audit-logs/export/ HTTP/1.1" 404 23
WARNING 2026-06-10 14:23:52,194 basehttp "GET /api/v1/auth/audit-logs/export/ HTTP/1.1" 404 23
INFO 2026-06-10 14:24:06,796 middleware → GET /api/v1/auth/audit-logs/my_logs/ | User: Anonymous | IP: 127.0.0.1
INFO 2026-06-10 14:24:06,796 middleware → GET /api/v1/auth/audit-logs/my_logs/ | User: Anonymous | IP: 127.0.0.1
INFO 2026-06-10 14:24:06,893 middleware ← GET /api/v1/auth/audit-logs/my_logs/ | Status: 200 | Duration: 0.10s
INFO 2026-06-10 14:24:06,893 middleware ← GET /api/v1/auth/audit-logs/my_logs/ | Status: 200 | Duration: 0.10s
INFO 2026-06-10 14:24:06,894 basehttp "GET /api/v1/auth/audit-logs/my_logs/ HTTP/1.1" 200 4305
INFO 2026-06-10 14:24:06,894 basehttp "GET /api/v1/auth/audit-logs/my_logs/ HTTP/1.1" 200 4305
INFO 2026-06-10 14:34:52,454 autoreload /Users/j/Desktop/BizSMART/Backend/core/views.py changed, reloading.
INFO 2026-06-10 14:34:52,454 autoreload /Users/j/Desktop/BizSMART/Backend/core/views.py changed, reloading.
INFO 2026-06-10 14:34:54,562 autoreload Watching for file changes with StatReloader
INFO 2026-06-10 14:34:54,562 autoreload Watching for file changes with StatReloader
INFO 2026-06-10 14:35:24,319 middleware → GET /api/v1/auth/audit-logs/actions/ | User: Anonymous | IP: 127.0.0.1
INFO 2026-06-10 14:35:24,319 middleware → GET /api/v1/auth/audit-logs/actions/ | User: Anonymous | IP: 127.0.0.1
INFO 2026-06-10 14:35:24,532 middleware ← GET /api/v1/auth/audit-logs/actions/ | Status: 404 | Duration: 0.21s
INFO 2026-06-10 14:35:24,532 middleware ← GET /api/v1/auth/audit-logs/actions/ | Status: 404 | Duration: 0.21s
WARNING 2026-06-10 14:35:24,540 basehttp "GET /api/v1/auth/audit-logs/actions/ HTTP/1.1" 404 23
WARNING 2026-06-10 14:35:24,540 basehttp "GET /api/v1/auth/audit-logs/actions/ HTTP/1.1" 404 23
INFO 2026-06-10 14:35:37,593 middleware → GET /api/v1/auth/audit-logs/stats/ | User: Anonymous | IP: 127.0.0.1
INFO 2026-06-10 14:35:37,593 middleware → GET /api/v1/auth/audit-logs/stats/ | User: Anonymous | IP: 127.0.0.1
INFO 2026-06-10 14:35:37,620 middleware ← GET /api/v1/auth/audit-logs/stats/ | Status: 404 | Duration: 0.03s
INFO 2026-06-10 14:35:37,620 middleware ← GET /api/v1/auth/audit-logs/stats/ | Status: 404 | Duration: 0.03s
WARNING 2026-06-10 14:35:37,632 basehttp "GET /api/v1/auth/audit-logs/stats/ HTTP/1.1" 404 23
WARNING 2026-06-10 14:35:37,632 basehttp "GET /api/v1/auth/audit-logs/stats/ HTTP/1.1" 404 23
INFO 2026-06-10 14:35:42,318 middleware → GET /api/docs/ | User: Anonymous | IP: 127.0.0.1
INFO 2026-06-10 14:35:42,318 middleware → GET /api/docs/ | User: Anonymous | IP: 127.0.0.1
INFO 2026-06-10 14:35:42,420 middleware ← GET /api/docs/ | Status: 200 | Duration: 0.10s
INFO 2026-06-10 14:35:42,420 middleware ← GET /api/docs/ | Status: 200 | Duration: 0.10s
INFO 2026-06-10 14:35:42,421 basehttp "GET /api/docs/ HTTP/1.1" 200 4645
INFO 2026-06-10 14:35:42,421 basehttp "GET /api/docs/ HTTP/1.1" 200 4645
INFO 2026-06-10 14:35:42,787 middleware → GET /api/schema/ | User: Anonymous | IP: 127.0.0.1
INFO 2026-06-10 14:35:42,787 middleware → GET /api/schema/ | User: Anonymous | IP: 127.0.0.1
INFO 2026-06-10 14:35:43,627 middleware ← GET /api/schema/ | Status: 200 | Duration: 0.84s
INFO 2026-06-10 14:35:43,627 middleware ← GET /api/schema/ | Status: 200 | Duration: 0.84s
INFO 2026-06-10 14:35:43,631 basehttp "GET /api/schema/ HTTP/1.1" 200 405995
INFO 2026-06-10 14:35:43,631 basehttp "GET /api/schema/ HTTP/1.1" 200 405995
INFO 2026-06-10 14:36:22,708 middleware → POST /api/v1/auth/login/ | User: Anonymous | IP: 127.0.0.1
INFO 2026-06-10 14:36:22,708 middleware → POST /api/v1/auth/login/ | User: Anonymous | IP: 127.0.0.1
INFO 2026-06-10 14:36:23,796 middleware ← POST /api/v1/auth/login/ | Status: 200 | Duration: 1.09s
INFO 2026-06-10 14:36:23,796 middleware ← POST /api/v1/auth/login/ | Status: 200 | Duration: 1.09s
INFO 2026-06-10 14:36:23,798 basehttp "POST /api/v1/auth/login/ HTTP/1.1" 200 788
INFO 2026-06-10 14:36:23,798 basehttp "POST /api/v1/auth/login/ HTTP/1.1" 200 788
INFO 2026-06-10 14:36:49,226 middleware → GET /api/v1/auth/audit-logs/stats/ | User: Anonymous | IP: 127.0.0.1
INFO 2026-06-10 14:36:49,226 middleware → GET /api/v1/auth/audit-logs/stats/ | User: Anonymous | IP: 127.0.0.1
INFO 2026-06-10 14:36:49,264 middleware ← GET /api/v1/auth/audit-logs/stats/ | Status: 404 | Duration: 0.04s
INFO 2026-06-10 14:36:49,264 middleware ← GET /api/v1/auth/audit-logs/stats/ | Status: 404 | Duration: 0.04s
WARNING 2026-06-10 14:36:49,267 basehttp "GET /api/v1/auth/audit-logs/stats/ HTTP/1.1" 404 23
WARNING 2026-06-10 14:36:49,267 basehttp "GET /api/v1/auth/audit-logs/stats/ HTTP/1.1" 404 23
INFO 2026-06-10 14:37:45,896 autoreload /Users/j/Desktop/BizSMART/Backend/core/views.py changed, reloading.
INFO 2026-06-10 14:37:45,896 autoreload /Users/j/Desktop/BizSMART/Backend/core/views.py changed, reloading.
INFO 2026-06-10 14:37:47,517 autoreload Watching for file changes with StatReloader
INFO 2026-06-10 14:37:47,517 autoreload Watching for file changes with StatReloader
INFO 2026-06-10 14:38:01,003 autoreload Watching for file changes with StatReloader
INFO 2026-06-10 14:38:01,003 autoreload Watching for file changes with StatReloader
INFO 2026-06-10 14:38:23,842 middleware → GET /api/docs/ | User: Anonymous | IP: 127.0.0.1
INFO 2026-06-10 14:38:23,842 middleware → GET /api/docs/ | User: Anonymous | IP: 127.0.0.1
INFO 2026-06-10 14:38:24,049 middleware ← GET /api/docs/ | Status: 200 | Duration: 0.21s
INFO 2026-06-10 14:38:24,049 middleware ← GET /api/docs/ | Status: 200 | Duration: 0.21s
INFO 2026-06-10 14:38:24,053 basehttp "GET /api/docs/ HTTP/1.1" 200 4645
INFO 2026-06-10 14:38:24,053 basehttp "GET /api/docs/ HTTP/1.1" 200 4645
INFO 2026-06-10 14:38:24,488 middleware → GET /api/schema/ | User: Anonymous | IP: 127.0.0.1
INFO 2026-06-10 14:38:24,488 middleware → GET /api/schema/ | User: Anonymous | IP: 127.0.0.1
INFO 2026-06-10 14:38:25,453 middleware ← GET /api/schema/ | Status: 200 | Duration: 0.96s
INFO 2026-06-10 14:38:25,453 middleware ← GET /api/schema/ | Status: 200 | Duration: 0.96s
INFO 2026-06-10 14:38:25,455 basehttp "GET /api/schema/ HTTP/1.1" 200 405995
INFO 2026-06-10 14:38:25,455 basehttp "GET /api/schema/ HTTP/1.1" 200 405995
INFO 2026-06-10 14:38:41,316 middleware → POST /api/v1/auth/login/ | User: Anonymous | IP: 127.0.0.1
INFO 2026-06-10 14:38:41,316 middleware → POST /api/v1/auth/login/ | User: Anonymous | IP: 127.0.0.1
INFO 2026-06-10 14:38:42,522 middleware ← POST /api/v1/auth/login/ | Status: 200 | Duration: 1.21s
INFO 2026-06-10 14:38:42,522 middleware ← POST /api/v1/auth/login/ | Status: 200 | Duration: 1.21s
INFO 2026-06-10 14:38:42,523 basehttp "POST /api/v1/auth/login/ HTTP/1.1" 200 788
INFO 2026-06-10 14:38:42,523 basehttp "POST /api/v1/auth/login/ HTTP/1.1" 200 788
INFO 2026-06-10 14:39:10,538 middleware → GET /api/v1/auth/audit-logs/stats/ | User: Anonymous | IP: 127.0.0.1
INFO 2026-06-10 14:39:10,538 middleware → GET /api/v1/auth/audit-logs/stats/ | User: Anonymous | IP: 127.0.0.1
INFO 2026-06-10 14:39:10,549 middleware ← GET /api/v1/auth/audit-logs/stats/ | Status: 404 | Duration: 0.01s
INFO 2026-06-10 14:39:10,549 middleware ← GET /api/v1/auth/audit-logs/stats/ | Status: 404 | Duration: 0.01s
WARNING 2026-06-10 14:39:10,553 basehttp "GET /api/v1/auth/audit-logs/stats/ HTTP/1.1" 404 23
WARNING 2026-06-10 14:39:10,553 basehttp "GET /api/v1/auth/audit-logs/stats/ HTTP/1.1" 404 23
INFO 2026-06-10 14:40:47,096 autoreload /Users/j/Desktop/BizSMART/Backend/core/urls.py changed, reloading.
INFO 2026-06-10 14:40:47,096 autoreload /Users/j/Desktop/BizSMART/Backend/core/urls.py changed, reloading.
INFO 2026-06-10 14:40:48,851 autoreload Watching for file changes with StatReloader
INFO 2026-06-10 14:40:48,851 autoreload Watching for file changes with StatReloader
INFO 2026-06-10 14:41:27,993 middleware → GET /api/v1/auth/audit-logs/stats/ | User: Anonymous | IP: 127.0.0.1
INFO 2026-06-10 14:41:27,993 middleware → GET /api/v1/auth/audit-logs/stats/ | User: Anonymous | IP: 127.0.0.1
INFO 2026-06-10 14:41:28,150 middleware ← GET /api/v1/auth/audit-logs/stats/ | Status: 404 | Duration: 0.16s
INFO 2026-06-10 14:41:28,150 middleware ← GET /api/v1/auth/audit-logs/stats/ | Status: 404 | Duration: 0.16s
WARNING 2026-06-10 14:41:28,155 basehttp "GET /api/v1/auth/audit-logs/stats/ HTTP/1.1" 404 23
WARNING 2026-06-10 14:41:28,155 basehttp "GET /api/v1/auth/audit-logs/stats/ HTTP/1.1" 404 23
INFO 2026-06-10 14:42:39,876 middleware → POST /api/v1/auth/login/ | User: Anonymous | IP: 127.0.0.1
INFO 2026-06-10 14:42:39,876 middleware → POST /api/v1/auth/login/ | User: Anonymous | IP: 127.0.0.1
INFO 2026-06-10 14:42:41,262 logging_utils AUDIT: admin@bizsmart.com - LOGIN - auth - User admin@bizsmart.com logged in
INFO 2026-06-10 14:42:41,262 logging_utils AUDIT: admin@bizsmart.com - LOGIN - auth - User admin@bizsmart.com logged in
INFO 2026-06-10 14:42:41,274 logging_utils AUDIT: admin@bizsmart.com - CREATE - auth - POST /api/v1/auth/login/
INFO 2026-06-10 14:42:41,274 logging_utils AUDIT: admin@bizsmart.com - CREATE - auth - POST /api/v1/auth/login/
INFO 2026-06-10 14:42:41,278 logging_utils AUDIT: admin@bizsmart.com - LOGIN - auth - User logged in
INFO 2026-06-10 14:42:41,278 logging_utils AUDIT: admin@bizsmart.com - LOGIN - auth - User logged in
INFO 2026-06-10 14:42:41,278 middleware ← POST /api/v1/auth/login/ | Status: 200 | Duration: 1.40s
INFO 2026-06-10 14:42:41,278 middleware ← POST /api/v1/auth/login/ | Status: 200 | Duration: 1.40s
INFO 2026-06-10 14:42:41,280 basehttp "POST /api/v1/auth/login/ HTTP/1.1" 200 788
INFO 2026-06-10 14:42:41,280 basehttp "POST /api/v1/auth/login/ HTTP/1.1" 200 788
INFO 2026-06-10 14:43:29,580 middleware → GET /api/v1/auth/audit-logs/stats/ | User: Anonymous | IP: 127.0.0.1
INFO 2026-06-10 14:43:29,580 middleware → GET /api/v1/auth/audit-logs/stats/ | User: Anonymous | IP: 127.0.0.1
INFO 2026-06-10 14:43:29,590 middleware ← GET /api/v1/auth/audit-logs/stats/ | Status: 404 | Duration: 0.01s
INFO 2026-06-10 14:43:29,590 middleware ← GET /api/v1/auth/audit-logs/stats/ | Status: 404 | Duration: 0.01s
WARNING 2026-06-10 14:43:29,592 basehttp "GET /api/v1/auth/audit-logs/stats/ HTTP/1.1" 404 23
WARNING 2026-06-10 14:43:29,592 basehttp "GET /api/v1/auth/audit-logs/stats/ HTTP/1.1" 404 23
INFO 2026-06-10 14:44:21,315 middleware → GET /api/v1/auth/audit-logs/ | User: Anonymous | IP: 127.0.0.1
INFO 2026-06-10 14:44:21,315 middleware → GET /api/v1/auth/audit-logs/ | User: Anonymous | IP: 127.0.0.1
INFO 2026-06-10 14:44:21,394 middleware ← GET /api/v1/auth/audit-logs/ | Status: 200 | Duration: 0.08s
INFO 2026-06-10 14:44:21,394 middleware ← GET /api/v1/auth/audit-logs/ | Status: 200 | Duration: 0.08s
INFO 2026-06-10 14:44:21,397 basehttp "GET /api/v1/auth/audit-logs/ HTTP/1.1" 200 5325
INFO 2026-06-10 14:44:21,397 basehttp "GET /api/v1/auth/audit-logs/ HTTP/1.1" 200 5325
INFO 2026-06-10 14:45:45,643 autoreload /Users/j/Desktop/BizSMART/Backend/core/urls.py changed, reloading.
INFO 2026-06-10 14:45:45,643 autoreload /Users/j/Desktop/BizSMART/Backend/core/urls.py changed, reloading.
INFO 2026-06-10 14:45:47,465 autoreload Watching for file changes with StatReloader
INFO 2026-06-10 14:45:47,465 autoreload Watching for file changes with StatReloader
INFO 2026-06-10 14:45:58,323 autoreload /Users/j/Desktop/BizSMART/Backend/core/urls.py changed, reloading.
INFO 2026-06-10 14:45:58,323 autoreload /Users/j/Desktop/BizSMART/Backend/core/urls.py changed, reloading.
INFO 2026-06-10 14:46:00,613 autoreload Watching for file changes with StatReloader
INFO 2026-06-10 14:46:00,613 autoreload Watching for file changes with StatReloader
INFO 2026-06-10 14:47:25,661 autoreload /Users/j/Desktop/BizSMART/Backend/core/views.py changed, reloading.
INFO 2026-06-10 14:47:25,661 autoreload /Users/j/Desktop/BizSMART/Backend/core/views.py changed, reloading.
INFO 2026-06-10 14:47:27,116 autoreload Watching for file changes with StatReloader
INFO 2026-06-10 14:47:27,116 autoreload Watching for file changes with StatReloader
INFO 2026-06-10 14:48:56,245 autoreload /Users/j/Desktop/BizSMART/Backend/core/urls.py changed, reloading.
INFO 2026-06-10 14:48:56,245 autoreload /Users/j/Desktop/BizSMART/Backend/core/urls.py changed, reloading.
INFO 2026-06-10 14:48:57,748 autoreload Watching for file changes with StatReloader
INFO 2026-06-10 14:48:57,748 autoreload Watching for file changes with StatReloader
INFO 2026-06-10 14:49:36,520 autoreload /Users/j/Desktop/BizSMART/Backend/core/urls.py changed, reloading.
INFO 2026-06-10 14:49:36,520 autoreload /Users/j/Desktop/BizSMART/Backend/core/urls.py changed, reloading.
INFO 2026-06-10 14:49:39,465 autoreload Watching for file changes with StatReloader
INFO 2026-06-10 14:49:39,465 autoreload Watching for file changes with StatReloader
INFO 2026-06-10 14:51:30,604 autoreload /Users/j/Desktop/BizSMART/Backend/core/views.py changed, reloading.
INFO 2026-06-10 14:51:30,604 autoreload /Users/j/Desktop/BizSMART/Backend/core/views.py changed, reloading.
INFO 2026-06-10 14:51:33,121 autoreload Watching for file changes with StatReloader
INFO 2026-06-10 14:51:33,121 autoreload Watching for file changes with StatReloader
INFO 2026-06-10 14:51:51,967 autoreload /Users/j/Desktop/BizSMART/Backend/core/urls.py changed, reloading.
INFO 2026-06-10 14:51:51,967 autoreload /Users/j/Desktop/BizSMART/Backend/core/urls.py changed, reloading.
INFO 2026-06-10 14:51:53,600 autoreload Watching for file changes with StatReloader
INFO 2026-06-10 14:51:53,600 autoreload Watching for file changes with StatReloader
INFO 2026-06-10 14:52:32,145 middleware → POST /api/v1/auth/login/ | User: Anonymous | IP: 127.0.0.1
INFO 2026-06-10 14:52:32,145 middleware → POST /api/v1/auth/login/ | User: Anonymous | IP: 127.0.0.1
INFO 2026-06-10 14:52:33,475 logging_utils AUDIT: admin@bizsmart.com - LOGIN - auth - User admin@bizsmart.com logged in
INFO 2026-06-10 14:52:33,475 logging_utils AUDIT: admin@bizsmart.com - LOGIN - auth - User admin@bizsmart.com logged in
INFO 2026-06-10 14:52:33,489 logging_utils AUDIT: admin@bizsmart.com - CREATE - auth - POST /api/v1/auth/login/
INFO 2026-06-10 14:52:33,489 logging_utils AUDIT: admin@bizsmart.com - CREATE - auth - POST /api/v1/auth/login/
INFO 2026-06-10 14:52:33,492 logging_utils AUDIT: admin@bizsmart.com - LOGIN - auth - User logged in
INFO 2026-06-10 14:52:33,492 logging_utils AUDIT: admin@bizsmart.com - LOGIN - auth - User logged in
INFO 2026-06-10 14:52:33,492 middleware ← POST /api/v1/auth/login/ | Status: 200 | Duration: 1.35s
INFO 2026-06-10 14:52:33,492 middleware ← POST /api/v1/auth/login/ | Status: 200 | Duration: 1.35s
INFO 2026-06-10 14:52:33,495 basehttp "POST /api/v1/auth/login/ HTTP/1.1" 200 788
INFO 2026-06-10 14:52:33,495 basehttp "POST /api/v1/auth/login/ HTTP/1.1" 200 788
INFO 2026-06-10 14:53:08,606 middleware → GET /api/v1/auth/audit-logs/stats/ | User: Anonymous | IP: 127.0.0.1
INFO 2026-06-10 14:53:08,606 middleware → GET /api/v1/auth/audit-logs/stats/ | User: Anonymous | IP: 127.0.0.1
INFO 2026-06-10 14:53:08,698 middleware ← GET /api/v1/auth/audit-logs/stats/ | Status: 404 | Duration: 0.09s
INFO 2026-06-10 14:53:08,698 middleware ← GET /api/v1/auth/audit-logs/stats/ | Status: 404 | Duration: 0.09s
WARNING 2026-06-10 14:53:08,702 basehttp "GET /api/v1/auth/audit-logs/stats/ HTTP/1.1" 404 23
WARNING 2026-06-10 14:53:08,702 basehttp "GET /api/v1/auth/audit-logs/stats/ HTTP/1.1" 404 23
INFO 2026-06-10 14:53:41,605 middleware → GET /api/v1/auth/audit-logs/ | User: Anonymous | IP: 127.0.0.1
INFO 2026-06-10 14:53:41,605 middleware → GET /api/v1/auth/audit-logs/ | User: Anonymous | IP: 127.0.0.1
INFO 2026-06-10 14:53:41,665 middleware ← GET /api/v1/auth/audit-logs/ | Status: 200 | Duration: 0.06s
INFO 2026-06-10 14:53:41,665 middleware ← GET /api/v1/auth/audit-logs/ | Status: 200 | Duration: 0.06s
INFO 2026-06-10 14:53:41,667 basehttp "GET /api/v1/auth/audit-logs/ HTTP/1.1" 200 5302
INFO 2026-06-10 14:53:41,667 basehttp "GET /api/v1/auth/audit-logs/ HTTP/1.1" 200 5302
INFO 2026-06-10 14:55:01,990 autoreload /Users/j/Desktop/BizSMART/Backend/core/urls.py changed, reloading.
INFO 2026-06-10 14:55:01,990 autoreload /Users/j/Desktop/BizSMART/Backend/core/urls.py changed, reloading.
INFO 2026-06-10 14:55:04,134 autoreload Watching for file changes with StatReloader
INFO 2026-06-10 14:55:04,134 autoreload Watching for file changes with StatReloader
INFO 2026-06-10 14:55:29,857 middleware → GET /api/v1/auth/audit-logs/stats/ | User: Anonymous | IP: 127.0.0.1
INFO 2026-06-10 14:55:29,857 middleware → GET /api/v1/auth/audit-logs/stats/ | User: Anonymous | IP: 127.0.0.1
INFO 2026-06-10 14:55:29,912 middleware ← GET /api/v1/auth/audit-logs/stats/ | Status: 200 | Duration: 0.05s
INFO 2026-06-10 14:55:29,912 middleware ← GET /api/v1/auth/audit-logs/stats/ | Status: 200 | Duration: 0.05s
INFO 2026-06-10 14:55:29,914 basehttp "GET /api/v1/auth/audit-logs/stats/ HTTP/1.1" 200 304
INFO 2026-06-10 14:55:29,914 basehttp "GET /api/v1/auth/audit-logs/stats/ HTTP/1.1" 200 304
INFO 2026-06-10 14:55:45,437 middleware → GET /api/v1/auth/audit-logs/stats/ | User: Anonymous | IP: 127.0.0.1
INFO 2026-06-10 14:55:45,437 middleware → GET /api/v1/auth/audit-logs/stats/ | User: Anonymous | IP: 127.0.0.1
INFO 2026-06-10 14:55:45,439 middleware ← GET /api/v1/auth/audit-logs/stats/ | Status: 401 | Duration: 0.00s
INFO 2026-06-10 14:55:45,439 middleware ← GET /api/v1/auth/audit-logs/stats/ | Status: 401 | Duration: 0.00s
WARNING 2026-06-10 14:55:45,443 basehttp "GET /api/v1/auth/audit-logs/stats/ HTTP/1.1" 401 183
WARNING 2026-06-10 14:55:45,443 basehttp "GET /api/v1/auth/audit-logs/stats/ HTTP/1.1" 401 183
INFO 2026-06-10 14:56:15,352 middleware → GET /api/v1/auth/audit-logs/stats/ | User: Anonymous | IP: 127.0.0.1
INFO 2026-06-10 14:56:15,352 middleware → GET /api/v1/auth/audit-logs/stats/ | User: Anonymous | IP: 127.0.0.1
INFO 2026-06-10 14:56:15,439 middleware ← GET /api/v1/auth/audit-logs/stats/ | Status: 200 | Duration: 0.09s
INFO 2026-06-10 14:56:15,439 middleware ← GET /api/v1/auth/audit-logs/stats/ | Status: 200 | Duration: 0.09s
INFO 2026-06-10 14:56:15,442 basehttp "GET /api/v1/auth/audit-logs/stats/ HTTP/1.1" 200 304
INFO 2026-06-10 14:56:15,442 basehttp "GET /api/v1/auth/audit-logs/stats/ HTTP/1.1" 200 304
INFO 2026-06-10 14:56:27,498 basehttp "OPTIONS /api/v1/auth/profile/ HTTP/1.1" 200 0
INFO 2026-06-10 14:56:27,499 basehttp "OPTIONS /api/v1/auth/profile/ HTTP/1.1" 200 0
INFO 2026-06-10 14:56:27,499 basehttp "OPTIONS /api/v1/auth/profile/ HTTP/1.1" 200 0
INFO 2026-06-10 14:56:27,498 basehttp "OPTIONS /api/v1/auth/profile/ HTTP/1.1" 200 0
INFO 2026-06-10 14:56:27,502 middleware → GET /api/v1/auth/profile/ | User: Anonymous | IP: 127.0.0.1
INFO 2026-06-10 14:56:27,502 middleware → GET /api/v1/auth/profile/ | User: Anonymous | IP: 127.0.0.1
INFO 2026-06-10 14:56:27,503 middleware ← GET /api/v1/auth/profile/ | Status: 401 | Duration: 0.00s
INFO 2026-06-10 14:56:27,503 middleware ← GET /api/v1/auth/profile/ | Status: 401 | Duration: 0.00s
WARNING 2026-06-10 14:56:27,508 basehttp "GET /api/v1/auth/profile/ HTTP/1.1" 401 183
WARNING 2026-06-10 14:56:27,508 basehttp "GET /api/v1/auth/profile/ HTTP/1.1" 401 183
INFO 2026-06-10 14:56:27,516 middleware → POST /api/v1/auth/refresh/ | User: Anonymous | IP: 127.0.0.1
INFO 2026-06-10 14:56:27,516 middleware → POST /api/v1/auth/refresh/ | User: Anonymous | IP: 127.0.0.1
INFO 2026-06-10 14:56:27,520 middleware → GET /api/v1/auth/profile/ | User: Anonymous | IP: 127.0.0.1
INFO 2026-06-10 14:56:27,520 middleware → GET /api/v1/auth/profile/ | User: Anonymous | IP: 127.0.0.1
INFO 2026-06-10 14:56:27,528 middleware ← GET /api/v1/auth/profile/ | Status: 401 | Duration: 0.01s
INFO 2026-06-10 14:56:27,528 middleware ← GET /api/v1/auth/profile/ | Status: 401 | Duration: 0.01s
WARNING 2026-06-10 14:56:27,532 basehttp "GET /api/v1/auth/profile/ HTTP/1.1" 401 183
WARNING 2026-06-10 14:56:27,532 basehttp "GET /api/v1/auth/profile/ HTTP/1.1" 401 183
INFO 2026-06-10 14:56:27,574 middleware ← POST /api/v1/auth/refresh/ | Status: 200 | Duration: 0.06s
INFO 2026-06-10 14:56:27,574 middleware ← POST /api/v1/auth/refresh/ | Status: 200 | Duration: 0.06s
INFO 2026-06-10 14:56:27,575 basehttp "POST /api/v1/auth/refresh/ HTTP/1.1" 200 483
INFO 2026-06-10 14:56:27,575 basehttp "POST /api/v1/auth/refresh/ HTTP/1.1" 200 483
INFO 2026-06-10 14:56:27,589 middleware → GET /api/v1/auth/profile/ | User: Anonymous | IP: 127.0.0.1
INFO 2026-06-10 14:56:27,589 middleware → GET /api/v1/auth/profile/ | User: Anonymous | IP: 127.0.0.1
INFO 2026-06-10 14:56:27,613 middleware ← GET /api/v1/auth/profile/ | Status: 200 | Duration: 0.02s
INFO 2026-06-10 14:56:27,613 middleware ← GET /api/v1/auth/profile/ | Status: 200 | Duration: 0.02s
INFO 2026-06-10 14:56:27,620 basehttp "GET /api/v1/auth/profile/ HTTP/1.1" 200 268
INFO 2026-06-10 14:56:27,620 basehttp "GET /api/v1/auth/profile/ HTTP/1.1" 200 268
INFO 2026-06-10 14:56:27,655 middleware → GET /api/v1/auth/profile/ | User: Anonymous | IP: 127.0.0.1
INFO 2026-06-10 14:56:27,655 middleware → GET /api/v1/auth/profile/ | User: Anonymous | IP: 127.0.0.1
INFO 2026-06-10 14:56:27,724 middleware ← GET /api/v1/auth/profile/ | Status: 200 | Duration: 0.07s
INFO 2026-06-10 14:56:27,724 middleware ← GET /api/v1/auth/profile/ | Status: 200 | Duration: 0.07s
INFO 2026-06-10 14:56:27,726 basehttp "GET /api/v1/auth/profile/ HTTP/1.1" 200 268
INFO 2026-06-10 14:56:27,726 basehttp "GET /api/v1/auth/profile/ HTTP/1.1" 200 268
INFO 2026-06-10 14:56:38,202 middleware → GET /api/v1/auth/audit-logs/modules/ | User: Anonymous | IP: 127.0.0.1
INFO 2026-06-10 14:56:38,202 middleware → GET /api/v1/auth/audit-logs/modules/ | User: Anonymous | IP: 127.0.0.1
INFO 2026-06-10 14:56:38,235 middleware → GET /api/v1/auth/audit-logs/actions/ | User: Anonymous | IP: 127.0.0.1
INFO 2026-06-10 14:56:38,235 middleware → GET /api/v1/auth/audit-logs/actions/ | User: Anonymous | IP: 127.0.0.1
INFO 2026-06-10 14:56:38,238 middleware → GET /api/v1/auth/audit-logs/ | User: Anonymous | IP: 127.0.0.1
INFO 2026-06-10 14:56:38,238 middleware → GET /api/v1/auth/audit-logs/ | User: Anonymous | IP: 127.0.0.1
INFO 2026-06-10 14:56:38,264 middleware → GET /api/v1/auth/audit-logs/stats/ | User: Anonymous | IP: 127.0.0.1
INFO 2026-06-10 14:56:38,264 middleware → GET /api/v1/auth/audit-logs/stats/ | User: Anonymous | IP: 127.0.0.1
INFO 2026-06-10 14:56:38,288 middleware ← GET /api/v1/auth/audit-logs/modules/ | Status: 200 | Duration: 0.09s
INFO 2026-06-10 14:56:38,288 middleware ← GET /api/v1/auth/audit-logs/modules/ | Status: 200 | Duration: 0.09s
INFO 2026-06-10 14:56:38,302 basehttp "GET /api/v1/auth/audit-logs/modules/ HTTP/1.1" 200 289
INFO 2026-06-10 14:56:38,302 basehttp "GET /api/v1/auth/audit-logs/modules/ HTTP/1.1" 200 289
INFO 2026-06-10 14:56:38,307 middleware ← GET /api/v1/auth/audit-logs/actions/ | Status: 200 | Duration: 0.07s
INFO 2026-06-10 14:56:38,319 middleware → GET /api/v1/auth/audit-logs/modules/ | User: Anonymous | IP: 127.0.0.1
INFO 2026-06-10 14:56:38,307 middleware ← GET /api/v1/auth/audit-logs/actions/ | Status: 200 | Duration: 0.07s
INFO 2026-06-10 14:56:38,319 middleware → GET /api/v1/auth/audit-logs/modules/ | User: Anonymous | IP: 127.0.0.1
INFO 2026-06-10 14:56:38,341 basehttp "GET /api/v1/auth/audit-logs/actions/ HTTP/1.1" 200 283
INFO 2026-06-10 14:56:38,341 basehttp "GET /api/v1/auth/audit-logs/actions/ HTTP/1.1" 200 283
INFO 2026-06-10 14:56:38,352 middleware → GET /api/v1/auth/audit-logs/actions/ | User: Anonymous | IP: 127.0.0.1
INFO 2026-06-10 14:56:38,352 middleware → GET /api/v1/auth/audit-logs/actions/ | User: Anonymous | IP: 127.0.0.1
INFO 2026-06-10 14:56:38,391 middleware ← GET /api/v1/auth/audit-logs/modules/ | Status: 200 | Duration: 0.07s
INFO 2026-06-10 14:56:38,391 middleware ← GET /api/v1/auth/audit-logs/modules/ | Status: 200 | Duration: 0.07s
INFO 2026-06-10 14:56:38,397 middleware ← GET /api/v1/auth/audit-logs/stats/ | Status: 200 | Duration: 0.13s
INFO 2026-06-10 14:56:38,397 middleware ← GET /api/v1/auth/audit-logs/stats/ | Status: 200 | Duration: 0.13s
INFO 2026-06-10 14:56:38,402 basehttp "GET /api/v1/auth/audit-logs/modules/ HTTP/1.1" 200 289
INFO 2026-06-10 14:56:38,402 basehttp "GET /api/v1/auth/audit-logs/modules/ HTTP/1.1" 200 289
INFO 2026-06-10 14:56:38,409 middleware → GET /api/v1/auth/audit-logs/stats/ | User: Anonymous | IP: 127.0.0.1
INFO 2026-06-10 14:56:38,409 middleware → GET /api/v1/auth/audit-logs/stats/ | User: Anonymous | IP: 127.0.0.1
INFO 2026-06-10 14:56:38,474 basehttp "GET /api/v1/auth/audit-logs/stats/ HTTP/1.1" 200 304
INFO 2026-06-10 14:56:38,474 basehttp "GET /api/v1/auth/audit-logs/stats/ HTTP/1.1" 200 304
INFO 2026-06-10 14:56:38,486 middleware ← GET /api/v1/auth/audit-logs/actions/ | Status: 200 | Duration: 0.13s
INFO 2026-06-10 14:56:38,486 middleware ← GET /api/v1/auth/audit-logs/actions/ | Status: 200 | Duration: 0.13s
INFO 2026-06-10 14:56:38,489 basehttp "GET /api/v1/auth/audit-logs/actions/ HTTP/1.1" 200 283
INFO 2026-06-10 14:56:38,489 basehttp "GET /api/v1/auth/audit-logs/actions/ HTTP/1.1" 200 283
INFO 2026-06-10 14:56:38,521 middleware ← GET /api/v1/auth/audit-logs/stats/ | Status: 200 | Duration: 0.11s
INFO 2026-06-10 14:56:38,521 middleware ← GET /api/v1/auth/audit-logs/stats/ | Status: 200 | Duration: 0.11s
INFO 2026-06-10 14:56:38,523 basehttp "GET /api/v1/auth/audit-logs/stats/ HTTP/1.1" 200 304
INFO 2026-06-10 14:56:38,523 basehttp "GET /api/v1/auth/audit-logs/stats/ HTTP/1.1" 200 304
INFO 2026-06-10 14:56:38,540 middleware ← GET /api/v1/auth/audit-logs/ | Status: 404 | Duration: 0.30s
INFO 2026-06-10 14:56:38,540 middleware ← GET /api/v1/auth/audit-logs/ | Status: 404 | Duration: 0.30s
WARNING 2026-06-10 14:56:38,541 basehttp "GET /api/v1/auth/audit-logs/?start_date=&end_date=&action=&module=&page=1&page_size=50 HTTP/1.1" 404 7634
WARNING 2026-06-10 14:56:38,541 basehttp "GET /api/v1/auth/audit-logs/?start_date=&end_date=&action=&module=&page=1&page_size=50 HTTP/1.1" 404 7634
INFO 2026-06-10 14:56:38,545 middleware → GET /api/v1/auth/audit-logs/ | User: Anonymous | IP: 127.0.0.1
INFO 2026-06-10 14:56:38,545 middleware → GET /api/v1/auth/audit-logs/ | User: Anonymous | IP: 127.0.0.1
INFO 2026-06-10 14:56:38,580 middleware ← GET /api/v1/auth/audit-logs/ | Status: 404 | Duration: 0.03s
INFO 2026-06-10 14:56:38,580 middleware ← GET /api/v1/auth/audit-logs/ | Status: 404 | Duration: 0.03s
WARNING 2026-06-10 14:56:38,581 basehttp "GET /api/v1/auth/audit-logs/?start_date=&end_date=&action=&module=&page=1&page_size=50 HTTP/1.1" 404 7634
WARNING 2026-06-10 14:56:38,581 basehttp "GET /api/v1/auth/audit-logs/?start_date=&end_date=&action=&module=&page=1&page_size=50 HTTP/1.1" 404 7634
INFO 2026-06-10 14:57:11,306 middleware → GET /api/v1/auth/audit-logs/export/ | User: Anonymous | IP: 127.0.0.1
INFO 2026-06-10 14:57:11,306 middleware → GET /api/v1/auth/audit-logs/export/ | User: Anonymous | IP: 127.0.0.1
INFO 2026-06-10 14:57:11,308 middleware ← GET /api/v1/auth/audit-logs/export/ | Status: 404 | Duration: 0.00s
INFO 2026-06-10 14:57:11,308 middleware ← GET /api/v1/auth/audit-logs/export/ | Status: 404 | Duration: 0.00s
WARNING 2026-06-10 14:57:11,309 basehttp "GET /api/v1/auth/audit-logs/export/?start_date=&end_date=&action=&module=&format=csv HTTP/1.1" 404 23
WARNING 2026-06-10 14:57:11,309 basehttp "GET /api/v1/auth/audit-logs/export/?start_date=&end_date=&action=&module=&format=csv HTTP/1.1" 404 23
INFO 2026-06-10 14:57:41,207 middleware → GET /api/v1/auth/audit-logs/ | User: Anonymous | IP: 127.0.0.1
INFO 2026-06-10 14:57:41,207 middleware → GET /api/v1/auth/audit-logs/ | User: Anonymous | IP: 127.0.0.1
INFO 2026-06-10 14:57:41,224 middleware ← GET /api/v1/auth/audit-logs/ | Status: 404 | Duration: 0.02s
INFO 2026-06-10 14:57:41,224 middleware ← GET /api/v1/auth/audit-logs/ | Status: 404 | Duration: 0.02s
WARNING 2026-06-10 14:57:41,225 basehttp "GET /api/v1/auth/audit-logs/ HTTP/1.1" 404 7556
WARNING 2026-06-10 14:57:41,225 basehttp "GET /api/v1/auth/audit-logs/ HTTP/1.1" 404 7556
INFO 2026-06-10 14:58:40,973 middleware → GET /api/v1/auth/audit-logs/modules/ | User: Anonymous | IP: 127.0.0.1
INFO 2026-06-10 14:58:40,973 middleware → GET /api/v1/auth/audit-logs/modules/ | User: Anonymous | IP: 127.0.0.1
INFO 2026-06-10 14:58:41,044 middleware ← GET /api/v1/auth/audit-logs/modules/ | Status: 200 | Duration: 0.07s
INFO 2026-06-10 14:58:41,044 middleware ← GET /api/v1/auth/audit-logs/modules/ | Status: 200 | Duration: 0.07s
INFO 2026-06-10 14:58:41,048 basehttp "GET /api/v1/auth/audit-logs/modules/ HTTP/1.1" 200 289
INFO 2026-06-10 14:58:41,048 basehttp "GET /api/v1/auth/audit-logs/modules/ HTTP/1.1" 200 289
INFO 2026-06-10 14:59:41,813 autoreload /Users/j/Desktop/BizSMART/Backend/core/urls.py changed, reloading.
INFO 2026-06-10 14:59:41,813 autoreload /Users/j/Desktop/BizSMART/Backend/core/urls.py changed, reloading.
INFO 2026-06-10 14:59:44,010 autoreload Watching for file changes with StatReloader
INFO 2026-06-10 14:59:44,010 autoreload Watching for file changes with StatReloader
INFO 2026-06-10 14:59:50,426 middleware → GET /api/v1/auth/audit-logs/modules/ | User: Anonymous | IP: 127.0.0.1
INFO 2026-06-10 14:59:50,426 middleware → GET /api/v1/auth/audit-logs/modules/ | User: Anonymous | IP: 127.0.0.1
INFO 2026-06-10 14:59:50,513 middleware ← GET /api/v1/auth/audit-logs/modules/ | Status: 200 | Duration: 0.09s
INFO 2026-06-10 14:59:50,513 middleware ← GET /api/v1/auth/audit-logs/modules/ | Status: 200 | Duration: 0.09s
INFO 2026-06-10 14:59:50,515 basehttp "GET /api/v1/auth/audit-logs/modules/ HTTP/1.1" 200 289
INFO 2026-06-10 14:59:50,515 basehttp "GET /api/v1/auth/audit-logs/modules/ HTTP/1.1" 200 289
INFO 2026-06-10 15:00:00,820 middleware → GET /api/v1/auth/audit-logs/ | User: Anonymous | IP: 127.0.0.1
INFO 2026-06-10 15:00:00,820 middleware → GET /api/v1/auth/audit-logs/ | User: Anonymous | IP: 127.0.0.1
INFO 2026-06-10 15:00:00,931 middleware ← GET /api/v1/auth/audit-logs/ | Status: 200 | Duration: 0.11s
INFO 2026-06-10 15:00:00,931 middleware ← GET /api/v1/auth/audit-logs/ | Status: 200 | Duration: 0.11s
INFO 2026-06-10 15:00:00,932 basehttp "GET /api/v1/auth/audit-logs/ HTTP/1.1" 200 5302
INFO 2026-06-10 15:00:00,932 basehttp "GET /api/v1/auth/audit-logs/ HTTP/1.1" 200 5302
INFO 2026-06-10 15:00:12,894 middleware → GET /api/v1/auth/audit-logs/export/ | User: Anonymous | IP: 127.0.0.1
INFO 2026-06-10 15:00:12,894 middleware → GET /api/v1/auth/audit-logs/export/ | User: Anonymous | IP: 127.0.0.1
INFO 2026-06-10 15:00:13,021 middleware ← GET /api/v1/auth/audit-logs/export/ | Status: 200 | Duration: 0.13s
INFO 2026-06-10 15:00:13,021 middleware ← GET /api/v1/auth/audit-logs/export/ | Status: 200 | Duration: 0.13s
INFO 2026-06-10 15:00:13,023 basehttp "GET /api/v1/auth/audit-logs/export/ HTTP/1.1" 200 3231
INFO 2026-06-10 15:00:13,023 basehttp "GET /api/v1/auth/audit-logs/export/ HTTP/1.1" 200 3231
INFO 2026-06-10 15:00:19,452 middleware → GET /api/v1/auth/profile/ | User: Anonymous | IP: 127.0.0.1
INFO 2026-06-10 15:00:19,452 middleware → GET /api/v1/auth/profile/ | User: Anonymous | IP: 127.0.0.1
INFO 2026-06-10 15:00:19,509 middleware ← GET /api/v1/auth/profile/ | Status: 200 | Duration: 0.06s
INFO 2026-06-10 15:00:19,509 middleware ← GET /api/v1/auth/profile/ | Status: 200 | Duration: 0.06s
INFO 2026-06-10 15:00:19,514 basehttp "GET /api/v1/auth/profile/ HTTP/1.1" 200 268
INFO 2026-06-10 15:00:19,514 basehttp "GET /api/v1/auth/profile/ HTTP/1.1" 200 268
INFO 2026-06-10 15:00:19,520 middleware → GET /api/v1/auth/profile/ | User: Anonymous | IP: 127.0.0.1
INFO 2026-06-10 15:00:19,520 middleware → GET /api/v1/auth/profile/ | User: Anonymous | IP: 127.0.0.1
INFO 2026-06-10 15:00:19,632 middleware ← GET /api/v1/auth/profile/ | Status: 200 | Duration: 0.11s
INFO 2026-06-10 15:00:19,632 middleware ← GET /api/v1/auth/profile/ | Status: 200 | Duration: 0.11s
INFO 2026-06-10 15:00:19,635 basehttp "GET /api/v1/auth/profile/ HTTP/1.1" 200 268
INFO 2026-06-10 15:00:19,635 basehttp "GET /api/v1/auth/profile/ HTTP/1.1" 200 268
INFO 2026-06-10 15:00:21,283 middleware → GET /api/v1/auth/audit-logs/modules/ | User: Anonymous | IP: 127.0.0.1
INFO 2026-06-10 15:00:21,285 middleware → GET /api/v1/auth/audit-logs/actions/ | User: Anonymous | IP: 127.0.0.1
INFO 2026-06-10 15:00:21,283 middleware → GET /api/v1/auth/audit-logs/modules/ | User: Anonymous | IP: 127.0.0.1
INFO 2026-06-10 15:00:21,287 middleware → GET /api/v1/auth/audit-logs/stats/ | User: Anonymous | IP: 127.0.0.1
INFO 2026-06-10 15:00:21,285 middleware → GET /api/v1/auth/audit-logs/actions/ | User: Anonymous | IP: 127.0.0.1
INFO 2026-06-10 15:00:21,288 middleware → GET /api/v1/auth/audit-logs/ | User: Anonymous | IP: 127.0.0.1
INFO 2026-06-10 15:00:21,287 middleware → GET /api/v1/auth/audit-logs/stats/ | User: Anonymous | IP: 127.0.0.1
INFO 2026-06-10 15:00:21,288 middleware → GET /api/v1/auth/audit-logs/ | User: Anonymous | IP: 127.0.0.1
INFO 2026-06-10 15:00:21,338 middleware ← GET /api/v1/auth/audit-logs/actions/ | Status: 200 | Duration: 0.05s
INFO 2026-06-10 15:00:21,338 middleware ← GET /api/v1/auth/audit-logs/actions/ | Status: 200 | Duration: 0.05s
INFO 2026-06-10 15:00:21,352 basehttp "GET /api/v1/auth/audit-logs/actions/ HTTP/1.1" 200 283
INFO 2026-06-10 15:00:21,355 middleware → GET /api/v1/auth/audit-logs/actions/ | User: Anonymous | IP: 127.0.0.1
INFO 2026-06-10 15:00:21,357 middleware ← GET /api/v1/auth/audit-logs/modules/ | Status: 200 | Duration: 0.07s
INFO 2026-06-10 15:00:21,352 basehttp "GET /api/v1/auth/audit-logs/actions/ HTTP/1.1" 200 283
INFO 2026-06-10 15:00:21,355 middleware → GET /api/v1/auth/audit-logs/actions/ | User: Anonymous | IP: 127.0.0.1
INFO 2026-06-10 15:00:21,357 middleware ← GET /api/v1/auth/audit-logs/modules/ | Status: 200 | Duration: 0.07s
INFO 2026-06-10 15:00:21,421 basehttp "GET /api/v1/auth/audit-logs/modules/ HTTP/1.1" 200 289
INFO 2026-06-10 15:00:21,426 middleware → GET /api/v1/auth/audit-logs/modules/ | User: Anonymous | IP: 127.0.0.1
INFO 2026-06-10 15:00:21,421 basehttp "GET /api/v1/auth/audit-logs/modules/ HTTP/1.1" 200 289
INFO 2026-06-10 15:00:21,443 middleware ← GET /api/v1/auth/audit-logs/actions/ | Status: 200 | Duration: 0.09s
INFO 2026-06-10 15:00:21,451 middleware ← GET /api/v1/auth/audit-logs/ | Status: 200 | Duration: 0.16s
INFO 2026-06-10 15:00:21,426 middleware → GET /api/v1/auth/audit-logs/modules/ | User: Anonymous | IP: 127.0.0.1
INFO 2026-06-10 15:00:21,443 middleware ← GET /api/v1/auth/audit-logs/actions/ | Status: 200 | Duration: 0.09s
INFO 2026-06-10 15:00:21,451 middleware ← GET /api/v1/auth/audit-logs/ | Status: 200 | Duration: 0.16s
INFO 2026-06-10 15:00:21,468 basehttp "GET /api/v1/auth/audit-logs/actions/ HTTP/1.1" 200 283
INFO 2026-06-10 15:00:21,485 middleware ← GET /api/v1/auth/audit-logs/stats/ | Status: 200 | Duration: 0.20s
INFO 2026-06-10 15:00:21,468 basehttp "GET /api/v1/auth/audit-logs/actions/ HTTP/1.1" 200 283
INFO 2026-06-10 15:00:21,485 middleware ← GET /api/v1/auth/audit-logs/stats/ | Status: 200 | Duration: 0.20s
INFO 2026-06-10 15:00:21,489 basehttp "GET /api/v1/auth/audit-logs/?start_date=&end_date=&action=&module=&page=1&page_size=50 HTTP/1.1" 200 5353
INFO 2026-06-10 15:00:21,496 basehttp "GET /api/v1/auth/audit-logs/stats/ HTTP/1.1" 200 304
INFO 2026-06-10 15:00:21,496 basehttp "GET /api/v1/auth/audit-logs/stats/ HTTP/1.1" 200 304
INFO 2026-06-10 15:00:21,489 basehttp "GET /api/v1/auth/audit-logs/?start_date=&end_date=&action=&module=&page=1&page_size=50 HTTP/1.1" 200 5353
INFO 2026-06-10 15:00:21,504 middleware → GET /api/v1/auth/audit-logs/stats/ | User: Anonymous | IP: 127.0.0.1
INFO 2026-06-10 15:00:21,514 middleware → GET /api/v1/auth/audit-logs/ | User: Anonymous | IP: 127.0.0.1
INFO 2026-06-10 15:00:21,514 middleware → GET /api/v1/auth/audit-logs/ | User: Anonymous | IP: 127.0.0.1
INFO 2026-06-10 15:00:21,504 middleware → GET /api/v1/auth/audit-logs/stats/ | User: Anonymous | IP: 127.0.0.1
INFO 2026-06-10 15:00:21,566 middleware ← GET /api/v1/auth/audit-logs/modules/ | Status: 200 | Duration: 0.14s
INFO 2026-06-10 15:00:21,566 middleware ← GET /api/v1/auth/audit-logs/modules/ | Status: 200 | Duration: 0.14s
INFO 2026-06-10 15:00:21,573 basehttp "GET /api/v1/auth/audit-logs/modules/ HTTP/1.1" 200 289
INFO 2026-06-10 15:00:21,573 basehttp "GET /api/v1/auth/audit-logs/modules/ HTTP/1.1" 200 289
INFO 2026-06-10 15:00:21,722 middleware ← GET /api/v1/auth/audit-logs/stats/ | Status: 200 | Duration: 0.22s
INFO 2026-06-10 15:00:21,722 middleware ← GET /api/v1/auth/audit-logs/stats/ | Status: 200 | Duration: 0.22s
INFO 2026-06-10 15:00:21,727 middleware ← GET /api/v1/auth/audit-logs/ | Status: 200 | Duration: 0.21s
INFO 2026-06-10 15:00:21,730 basehttp "GET /api/v1/auth/audit-logs/stats/ HTTP/1.1" 200 304
INFO 2026-06-10 15:00:21,727 middleware ← GET /api/v1/auth/audit-logs/ | Status: 200 | Duration: 0.21s
INFO 2026-06-10 15:00:21,730 basehttp "GET /api/v1/auth/audit-logs/stats/ HTTP/1.1" 200 304
INFO 2026-06-10 15:00:21,748 basehttp "GET /api/v1/auth/audit-logs/?start_date=&end_date=&action=&module=&page=1&page_size=50 HTTP/1.1" 200 5353
INFO 2026-06-10 15:00:21,748 basehttp "GET /api/v1/auth/audit-logs/?start_date=&end_date=&action=&module=&page=1&page_size=50 HTTP/1.1" 200 5353
INFO 2026-06-10 15:00:39,438 middleware → GET /api/v1/auth/audit-logs/export/ | User: Anonymous | IP: 127.0.0.1
INFO 2026-06-10 15:00:39,438 middleware → GET /api/v1/auth/audit-logs/export/ | User: Anonymous | IP: 127.0.0.1
INFO 2026-06-10 15:00:39,439 middleware ← GET /api/v1/auth/audit-logs/export/ | Status: 404 | Duration: 0.00s
INFO 2026-06-10 15:00:39,439 middleware ← GET /api/v1/auth/audit-logs/export/ | Status: 404 | Duration: 0.00s
WARNING 2026-06-10 15:00:39,509 basehttp "GET /api/v1/auth/audit-logs/export/?start_date=&end_date=&action=&module=&format=csv HTTP/1.1" 404 23
WARNING 2026-06-10 15:00:39,509 basehttp "GET /api/v1/auth/audit-logs/export/?start_date=&end_date=&action=&module=&format=csv HTTP/1.1" 404 23
INFO 2026-06-10 15:01:10,376 middleware → GET /api/v1/auth/audit-logs/modules/ | User: Anonymous | IP: 127.0.0.1
INFO 2026-06-10 15:01:10,408 middleware → GET /api/v1/auth/audit-logs/stats/ | User: Anonymous | IP: 127.0.0.1
INFO 2026-06-10 15:01:10,408 middleware → GET /api/v1/auth/audit-logs/stats/ | User: Anonymous | IP: 127.0.0.1
INFO 2026-06-10 15:01:10,409 middleware → GET /api/v1/auth/audit-logs/actions/ | User: Anonymous | IP: 127.0.0.1
INFO 2026-06-10 15:01:10,376 middleware → GET /api/v1/auth/audit-logs/modules/ | User: Anonymous | IP: 127.0.0.1
INFO 2026-06-10 15:01:10,413 basehttp "OPTIONS /api/v1/auth/audit-logs/?start_date=2026-06-10&end_date=&action=&module=&page=1&page_size=50 HTTP/1.1" 200 0
INFO 2026-06-10 15:01:10,409 middleware → GET /api/v1/auth/audit-logs/actions/ | User: Anonymous | IP: 127.0.0.1
INFO 2026-06-10 15:01:10,413 basehttp "OPTIONS /api/v1/auth/audit-logs/?start_date=2026-06-10&end_date=&action=&module=&page=1&page_size=50 HTTP/1.1" 200 0
INFO 2026-06-10 15:01:10,424 middleware → GET /api/v1/auth/audit-logs/ | User: Anonymous | IP: 127.0.0.1
INFO 2026-06-10 15:01:10,424 middleware → GET /api/v1/auth/audit-logs/ | User: Anonymous | IP: 127.0.0.1
INFO 2026-06-10 15:01:10,449 middleware ← GET /api/v1/auth/audit-logs/actions/ | Status: 200 | Duration: 0.04s
INFO 2026-06-10 15:01:10,449 middleware ← GET /api/v1/auth/audit-logs/actions/ | Status: 200 | Duration: 0.04s
INFO 2026-06-10 15:01:10,463 basehttp "GET /api/v1/auth/audit-logs/actions/ HTTP/1.1" 200 283
INFO 2026-06-10 15:01:10,463 basehttp "GET /api/v1/auth/audit-logs/actions/ HTTP/1.1" 200 283
INFO 2026-06-10 15:01:10,467 middleware ← GET /api/v1/auth/audit-logs/modules/ | Status: 200 | Duration: 0.09s
INFO 2026-06-10 15:01:10,467 middleware ← GET /api/v1/auth/audit-logs/modules/ | Status: 200 | Duration: 0.09s
INFO 2026-06-10 15:01:10,480 basehttp "GET /api/v1/auth/audit-logs/modules/ HTTP/1.1" 200 289
INFO 2026-06-10 15:01:10,480 basehttp "GET /api/v1/auth/audit-logs/modules/ HTTP/1.1" 200 289
INFO 2026-06-10 15:01:10,510 middleware ← GET /api/v1/auth/audit-logs/stats/ | Status: 200 | Duration: 0.10s
INFO 2026-06-10 15:01:10,510 middleware ← GET /api/v1/auth/audit-logs/stats/ | Status: 200 | Duration: 0.10s
INFO 2026-06-10 15:01:10,523 basehttp "GET /api/v1/auth/audit-logs/stats/ HTTP/1.1" 200 304
INFO 2026-06-10 15:01:10,523 basehttp "GET /api/v1/auth/audit-logs/stats/ HTTP/1.1" 200 304
INFO 2026-06-10 15:01:10,562 middleware ← GET /api/v1/auth/audit-logs/ | Status: 200 | Duration: 0.14s
INFO 2026-06-10 15:01:10,562 middleware ← GET /api/v1/auth/audit-logs/ | Status: 200 | Duration: 0.14s
INFO 2026-06-10 15:01:10,564 basehttp "GET /api/v1/auth/audit-logs/?start_date=2026-06-10&end_date=&action=&module=&page=1&page_size=50 HTTP/1.1" 200 5363
INFO 2026-06-10 15:01:10,564 basehttp "GET /api/v1/auth/audit-logs/?start_date=2026-06-10&end_date=&action=&module=&page=1&page_size=50 HTTP/1.1" 200 5363
INFO 2026-06-10 15:01:13,706 middleware → GET /api/v1/auth/audit-logs/modules/ | User: Anonymous | IP: 127.0.0.1
INFO 2026-06-10 15:01:13,706 middleware → GET /api/v1/auth/audit-logs/modules/ | User: Anonymous | IP: 127.0.0.1
INFO 2026-06-10 15:01:13,710 middleware → GET /api/v1/auth/audit-logs/actions/ | User: Anonymous | IP: 127.0.0.1
INFO 2026-06-10 15:01:13,710 middleware → GET /api/v1/auth/audit-logs/actions/ | User: Anonymous | IP: 127.0.0.1
INFO 2026-06-10 15:01:13,715 basehttp "OPTIONS /api/v1/auth/audit-logs/?start_date=2026-06-10&end_date=2026-06-10&action=&module=&page=1&page_size=50 HTTP/1.1" 200 0
INFO 2026-06-10 15:01:13,715 basehttp "OPTIONS /api/v1/auth/audit-logs/?start_date=2026-06-10&end_date=2026-06-10&action=&module=&page=1&page_size=50 HTTP/1.1" 200 0
INFO 2026-06-10 15:01:13,734 middleware → GET /api/v1/auth/audit-logs/ | User: Anonymous | IP: 127.0.0.1
INFO 2026-06-10 15:01:13,734 middleware → GET /api/v1/auth/audit-logs/ | User: Anonymous | IP: 127.0.0.1
INFO 2026-06-10 15:01:13,712 middleware → GET /api/v1/auth/audit-logs/stats/ | User: Anonymous | IP: 127.0.0.1
INFO 2026-06-10 15:01:13,712 middleware → GET /api/v1/auth/audit-logs/stats/ | User: Anonymous | IP: 127.0.0.1
INFO 2026-06-10 15:01:13,783 middleware ← GET /api/v1/auth/audit-logs/modules/ | Status: 200 | Duration: 0.08s
INFO 2026-06-10 15:01:13,783 middleware ← GET /api/v1/auth/audit-logs/modules/ | Status: 200 | Duration: 0.08s
INFO 2026-06-10 15:01:13,786 basehttp "GET /api/v1/auth/audit-logs/modules/ HTTP/1.1" 200 289
INFO 2026-06-10 15:01:13,786 basehttp "GET /api/v1/auth/audit-logs/modules/ HTTP/1.1" 200 289
INFO 2026-06-10 15:01:13,791 middleware ← GET /api/v1/auth/audit-logs/actions/ | Status: 200 | Duration: 0.08s
INFO 2026-06-10 15:01:13,791 middleware ← GET /api/v1/auth/audit-logs/actions/ | Status: 200 | Duration: 0.08s
INFO 2026-06-10 15:01:13,811 basehttp "GET /api/v1/auth/audit-logs/actions/ HTTP/1.1" 200 283
INFO 2026-06-10 15:01:13,811 basehttp "GET /api/v1/auth/audit-logs/actions/ HTTP/1.1" 200 283
INFO 2026-06-10 15:01:13,815 middleware ← GET /api/v1/auth/audit-logs/stats/ | Status: 200 | Duration: 0.10s
INFO 2026-06-10 15:01:13,815 middleware ← GET /api/v1/auth/audit-logs/stats/ | Status: 200 | Duration: 0.10s
INFO 2026-06-10 15:01:13,816 basehttp "GET /api/v1/auth/audit-logs/stats/ HTTP/1.1" 200 304
INFO 2026-06-10 15:01:13,816 basehttp "GET /api/v1/auth/audit-logs/stats/ HTTP/1.1" 200 304
INFO 2026-06-10 15:01:13,878 middleware ← GET /api/v1/auth/audit-logs/ | Status: 200 | Duration: 0.14s
INFO 2026-06-10 15:01:13,878 middleware ← GET /api/v1/auth/audit-logs/ | Status: 200 | Duration: 0.14s
INFO 2026-06-10 15:01:13,879 basehttp "GET /api/v1/auth/audit-logs/?start_date=2026-06-10&end_date=2026-06-10&action=&module=&page=1&page_size=50 HTTP/1.1" 200 5373
INFO 2026-06-10 15:01:13,879 basehttp "GET /api/v1/auth/audit-logs/?start_date=2026-06-10&end_date=2026-06-10&action=&module=&page=1&page_size=50 HTTP/1.1" 200 5373
INFO 2026-06-10 15:01:15,814 basehttp "OPTIONS /api/v1/auth/audit-logs/export/?start_date=2026-06-10&end_date=2026-06-10&action=&module=&format=csv HTTP/1.1" 200 0
INFO 2026-06-10 15:01:15,814 basehttp "OPTIONS /api/v1/auth/audit-logs/export/?start_date=2026-06-10&end_date=2026-06-10&action=&module=&format=csv HTTP/1.1" 200 0
INFO 2026-06-10 15:01:15,817 middleware → GET /api/v1/auth/audit-logs/export/ | User: Anonymous | IP: 127.0.0.1
INFO 2026-06-10 15:01:15,817 middleware → GET /api/v1/auth/audit-logs/export/ | User: Anonymous | IP: 127.0.0.1
INFO 2026-06-10 15:01:15,818 middleware ← GET /api/v1/auth/audit-logs/export/ | Status: 404 | Duration: 0.00s
INFO 2026-06-10 15:01:15,818 middleware ← GET /api/v1/auth/audit-logs/export/ | Status: 404 | Duration: 0.00s
WARNING 2026-06-10 15:01:15,819 basehttp "GET /api/v1/auth/audit-logs/export/?start_date=2026-06-10&end_date=2026-06-10&action=&module=&format=csv HTTP/1.1" 404 23
WARNING 2026-06-10 15:01:15,819 basehttp "GET /api/v1/auth/audit-logs/export/?start_date=2026-06-10&end_date=2026-06-10&action=&module=&format=csv HTTP/1.1" 404 23
INFO 2026-06-10 15:03:44,234 autoreload /Users/j/Desktop/BizSMART/Backend/core/views.py changed, reloading.
INFO 2026-06-10 15:03:44,234 autoreload /Users/j/Desktop/BizSMART/Backend/core/views.py changed, reloading.
INFO 2026-06-10 15:03:46,564 autoreload Watching for file changes with StatReloader
INFO 2026-06-10 15:03:46,564 autoreload Watching for file changes with StatReloader
INFO 2026-06-10 15:04:46,680 middleware → GET /api/v1/auth/users/ | User: Anonymous | IP: 127.0.0.1
INFO 2026-06-10 15:04:46,680 middleware → GET /api/v1/hr/employees/ | User: Anonymous | IP: 127.0.0.1
INFO 2026-06-10 15:04:46,680 middleware → GET /api/v1/auth/users/ | User: Anonymous | IP: 127.0.0.1
INFO 2026-06-10 15:04:46,680 middleware → GET /api/v1/hr/employees/ | User: Anonymous | IP: 127.0.0.1
INFO 2026-06-10 15:04:46,758 middleware ← GET /api/v1/auth/users/ | Status: 200 | Duration: 0.08s
INFO 2026-06-10 15:04:46,758 middleware ← GET /api/v1/auth/users/ | Status: 200 | Duration: 0.08s
INFO 2026-06-10 15:04:46,762 basehttp "GET /api/v1/auth/users/ HTTP/1.1" 200 548
INFO 2026-06-10 15:04:46,762 basehttp "GET /api/v1/auth/users/ HTTP/1.1" 200 548
INFO 2026-06-10 15:04:46,787 middleware ← GET /api/v1/hr/employees/ | Status: 200 | Duration: 0.10s
INFO 2026-06-10 15:04:46,787 middleware ← GET /api/v1/hr/employees/ | Status: 200 | Duration: 0.10s
INFO 2026-06-10 15:04:46,801 middleware → GET /api/v1/auth/users/ | User: Anonymous | IP: 127.0.0.1
INFO 2026-06-10 15:04:46,820 basehttp "GET /api/v1/hr/employees/ HTTP/1.1" 200 52
INFO 2026-06-10 15:04:46,820 basehttp "GET /api/v1/hr/employees/ HTTP/1.1" 200 52
INFO 2026-06-10 15:04:46,832 middleware → GET /api/v1/hr/employees/ | User: Anonymous | IP: 127.0.0.1
INFO 2026-06-10 15:04:46,832 middleware → GET /api/v1/hr/employees/ | User: Anonymous | IP: 127.0.0.1
INFO 2026-06-10 15:04:46,801 middleware → GET /api/v1/auth/users/ | User: Anonymous | IP: 127.0.0.1
INFO 2026-06-10 15:04:46,873 middleware ← GET /api/v1/hr/employees/ | Status: 200 | Duration: 0.04s
INFO 2026-06-10 15:04:46,873 middleware ← GET /api/v1/hr/employees/ | Status: 200 | Duration: 0.04s
INFO 2026-06-10 15:04:46,878 basehttp "GET /api/v1/hr/employees/ HTTP/1.1" 200 52
INFO 2026-06-10 15:04:46,878 basehttp "GET /api/v1/hr/employees/ HTTP/1.1" 200 52
INFO 2026-06-10 15:04:46,892 middleware ← GET /api/v1/auth/users/ | Status: 200 | Duration: 0.09s
INFO 2026-06-10 15:04:46,892 middleware ← GET /api/v1/auth/users/ | Status: 200 | Duration: 0.09s
INFO 2026-06-10 15:04:46,895 basehttp "GET /api/v1/auth/users/ HTTP/1.1" 200 548
INFO 2026-06-10 15:04:46,895 basehttp "GET /api/v1/auth/users/ HTTP/1.1" 200 548
INFO 2026-06-10 15:04:48,080 middleware → GET /api/v1/auth/audit-logs/modules/ | User: Anonymous | IP: 127.0.0.1
INFO 2026-06-10 15:04:48,080 middleware → GET /api/v1/auth/audit-logs/modules/ | User: Anonymous | IP: 127.0.0.1
INFO 2026-06-10 15:04:48,091 middleware → GET /api/v1/auth/audit-logs/actions/ | User: Anonymous | IP: 127.0.0.1
INFO 2026-06-10 15:04:48,091 middleware → GET /api/v1/auth/audit-logs/actions/ | User: Anonymous | IP: 127.0.0.1
INFO 2026-06-10 15:04:48,094 middleware → GET /api/v1/auth/audit-logs/ | User: Anonymous | IP: 127.0.0.1
INFO 2026-06-10 15:04:48,094 middleware → GET /api/v1/auth/audit-logs/ | User: Anonymous | IP: 127.0.0.1
INFO 2026-06-10 15:04:48,102 middleware → GET /api/v1/auth/audit-logs/stats/ | User: Anonymous | IP: 127.0.0.1
INFO 2026-06-10 15:04:48,102 middleware → GET /api/v1/auth/audit-logs/stats/ | User: Anonymous | IP: 127.0.0.1
INFO 2026-06-10 15:04:48,111 middleware ← GET /api/v1/auth/audit-logs/modules/ | Status: 200 | Duration: 0.03s
INFO 2026-06-10 15:04:48,111 middleware ← GET /api/v1/auth/audit-logs/modules/ | Status: 200 | Duration: 0.03s
INFO 2026-06-10 15:04:48,124 basehttp "GET /api/v1/auth/audit-logs/modules/ HTTP/1.1" 200 289
INFO 2026-06-10 15:04:48,124 basehttp "GET /api/v1/auth/audit-logs/modules/ HTTP/1.1" 200 289
INFO 2026-06-10 15:04:48,129 middleware → GET /api/v1/auth/audit-logs/modules/ | User: Anonymous | IP: 127.0.0.1
INFO 2026-06-10 15:04:48,129 middleware → GET /api/v1/auth/audit-logs/modules/ | User: Anonymous | IP: 127.0.0.1
INFO 2026-06-10 15:04:48,143 middleware ← GET /api/v1/auth/audit-logs/actions/ | Status: 200 | Duration: 0.05s
INFO 2026-06-10 15:04:48,143 middleware ← GET /api/v1/auth/audit-logs/actions/ | Status: 200 | Duration: 0.05s
INFO 2026-06-10 15:04:48,160 basehttp "GET /api/v1/auth/audit-logs/actions/ HTTP/1.1" 200 283
INFO 2026-06-10 15:04:48,160 basehttp "GET /api/v1/auth/audit-logs/actions/ HTTP/1.1" 200 283
INFO 2026-06-10 15:04:48,166 middleware → GET /api/v1/auth/audit-logs/actions/ | User: Anonymous | IP: 127.0.0.1
INFO 2026-06-10 15:04:48,166 middleware → GET /api/v1/auth/audit-logs/actions/ | User: Anonymous | IP: 127.0.0.1
INFO 2026-06-10 15:04:48,183 middleware ← GET /api/v1/auth/audit-logs/modules/ | Status: 200 | Duration: 0.05s
INFO 2026-06-10 15:04:48,183 middleware ← GET /api/v1/auth/audit-logs/modules/ | Status: 200 | Duration: 0.05s
INFO 2026-06-10 15:04:48,194 basehttp "GET /api/v1/auth/audit-logs/modules/ HTTP/1.1" 200 289
INFO 2026-06-10 15:04:48,194 basehttp "GET /api/v1/auth/audit-logs/modules/ HTTP/1.1" 200 289
INFO 2026-06-10 15:04:48,206 middleware ← GET /api/v1/auth/audit-logs/stats/ | Status: 200 | Duration: 0.10s
INFO 2026-06-10 15:04:48,206 middleware ← GET /api/v1/auth/audit-logs/stats/ | Status: 200 | Duration: 0.10s
INFO 2026-06-10 15:04:48,212 basehttp "GET /api/v1/auth/audit-logs/stats/ HTTP/1.1" 200 304
INFO 2026-06-10 15:04:48,212 basehttp "GET /api/v1/auth/audit-logs/stats/ HTTP/1.1" 200 304
INFO 2026-06-10 15:04:48,233 middleware → GET /api/v1/auth/audit-logs/stats/ | User: Anonymous | IP: 127.0.0.1
INFO 2026-06-10 15:04:48,233 middleware → GET /api/v1/auth/audit-logs/stats/ | User: Anonymous | IP: 127.0.0.1
INFO 2026-06-10 15:04:48,255 middleware ← GET /api/v1/auth/audit-logs/ | Status: 200 | Duration: 0.16s
INFO 2026-06-10 15:04:48,255 middleware ← GET /api/v1/auth/audit-logs/ | Status: 200 | Duration: 0.16s
INFO 2026-06-10 15:04:48,258 basehttp "GET /api/v1/auth/audit-logs/?start_date=&end_date=&action=&module=&page=1&page_size=50 HTTP/1.1" 200 5353
INFO 2026-06-10 15:04:48,258 basehttp "GET /api/v1/auth/audit-logs/?start_date=&end_date=&action=&module=&page=1&page_size=50 HTTP/1.1" 200 5353
INFO 2026-06-10 15:04:48,267 middleware → GET /api/v1/auth/audit-logs/ | User: Anonymous | IP: 127.0.0.1
INFO 2026-06-10 15:04:48,267 middleware → GET /api/v1/auth/audit-logs/ | User: Anonymous | IP: 127.0.0.1
INFO 2026-06-10 15:04:48,285 middleware ← GET /api/v1/auth/audit-logs/actions/ | Status: 200 | Duration: 0.12s
INFO 2026-06-10 15:04:48,285 middleware ← GET /api/v1/auth/audit-logs/actions/ | Status: 200 | Duration: 0.12s
INFO 2026-06-10 15:04:48,308 basehttp "GET /api/v1/auth/audit-logs/actions/ HTTP/1.1" 200 283
INFO 2026-06-10 15:04:48,308 basehttp "GET /api/v1/auth/audit-logs/actions/ HTTP/1.1" 200 283
INFO 2026-06-10 15:04:48,389 middleware ← GET /api/v1/auth/audit-logs/stats/ | Status: 200 | Duration: 0.16s
INFO 2026-06-10 15:04:48,389 middleware ← GET /api/v1/auth/audit-logs/stats/ | Status: 200 | Duration: 0.16s
INFO 2026-06-10 15:04:48,390 basehttp "GET /api/v1/auth/audit-logs/stats/ HTTP/1.1" 200 304
INFO 2026-06-10 15:04:48,390 basehttp "GET /api/v1/auth/audit-logs/stats/ HTTP/1.1" 200 304
INFO 2026-06-10 15:04:48,440 middleware ← GET /api/v1/auth/audit-logs/ | Status: 200 | Duration: 0.17s
INFO 2026-06-10 15:04:48,440 middleware ← GET /api/v1/auth/audit-logs/ | Status: 200 | Duration: 0.17s
INFO 2026-06-10 15:04:48,442 basehttp "GET /api/v1/auth/audit-logs/?start_date=&end_date=&action=&module=&page=1&page_size=50 HTTP/1.1" 200 5353
INFO 2026-06-10 15:04:48,442 basehttp "GET /api/v1/auth/audit-logs/?start_date=&end_date=&action=&module=&page=1&page_size=50 HTTP/1.1" 200 5353
INFO 2026-06-10 15:04:50,414 middleware → GET /api/v1/auth/audit-logs/export/ | User: Anonymous | IP: 127.0.0.1
INFO 2026-06-10 15:04:50,414 middleware → GET /api/v1/auth/audit-logs/export/ | User: Anonymous | IP: 127.0.0.1
INFO 2026-06-10 15:04:50,416 middleware ← GET /api/v1/auth/audit-logs/export/ | Status: 404 | Duration: 0.00s
INFO 2026-06-10 15:04:50,416 middleware ← GET /api/v1/auth/audit-logs/export/ | Status: 404 | Duration: 0.00s
WARNING 2026-06-10 15:04:50,420 basehttp "GET /api/v1/auth/audit-logs/export/?start_date=&end_date=&action=&module=&format=csv HTTP/1.1" 404 23
WARNING 2026-06-10 15:04:50,420 basehttp "GET /api/v1/auth/audit-logs/export/?start_date=&end_date=&action=&module=&format=csv HTTP/1.1" 404 23
INFO 2026-06-10 15:05:42,289 autoreload /Users/j/Desktop/BizSMART/Backend/core/views.py changed, reloading.
INFO 2026-06-10 15:05:42,289 autoreload /Users/j/Desktop/BizSMART/Backend/core/views.py changed, reloading.
INFO 2026-06-10 15:05:44,027 autoreload Watching for file changes with StatReloader
INFO 2026-06-10 15:05:44,027 autoreload Watching for file changes with StatReloader
INFO 2026-06-10 15:05:55,122 middleware → GET /api/v1/auth/audit-logs/export/ | User: Anonymous | IP: 127.0.0.1
INFO 2026-06-10 15:05:55,122 middleware → GET /api/v1/auth/audit-logs/export/ | User: Anonymous | IP: 127.0.0.1
INFO 2026-06-10 15:05:55,254 middleware ← GET /api/v1/auth/audit-logs/export/ | Status: 200 | Duration: 0.13s
INFO 2026-06-10 15:05:55,254 middleware ← GET /api/v1/auth/audit-logs/export/ | Status: 200 | Duration: 0.13s
INFO 2026-06-10 15:05:55,256 basehttp "GET /api/v1/auth/audit-logs/export/ HTTP/1.1" 200 3231
INFO 2026-06-10 15:05:55,256 basehttp "GET /api/v1/auth/audit-logs/export/ HTTP/1.1" 200 3231
INFO 2026-06-10 15:06:33,689 middleware → GET /api/v1/auth/users/ | User: Anonymous | IP: 127.0.0.1
INFO 2026-06-10 15:06:33,689 middleware → GET /api/v1/auth/users/ | User: Anonymous | IP: 127.0.0.1
INFO 2026-06-10 15:06:33,692 middleware → GET /api/v1/hr/employees/ | User: Anonymous | IP: 127.0.0.1
INFO 2026-06-10 15:06:33,692 middleware → GET /api/v1/hr/employees/ | User: Anonymous | IP: 127.0.0.1
INFO 2026-06-10 15:06:33,758 middleware ← GET /api/v1/auth/users/ | Status: 200 | Duration: 0.07s
INFO 2026-06-10 15:06:33,758 middleware ← GET /api/v1/auth/users/ | Status: 200 | Duration: 0.07s
INFO 2026-06-10 15:06:33,760 basehttp "GET /api/v1/auth/users/ HTTP/1.1" 200 548
INFO 2026-06-10 15:06:33,760 basehttp "GET /api/v1/auth/users/ HTTP/1.1" 200 548
INFO 2026-06-10 15:06:33,763 middleware → GET /api/v1/auth/users/ | User: Anonymous | IP: 127.0.0.1
INFO 2026-06-10 15:06:33,763 middleware → GET /api/v1/auth/users/ | User: Anonymous | IP: 127.0.0.1
INFO 2026-06-10 15:06:33,848 middleware ← GET /api/v1/hr/employees/ | Status: 200 | Duration: 0.16s
INFO 2026-06-10 15:06:33,848 middleware ← GET /api/v1/hr/employees/ | Status: 200 | Duration: 0.16s
INFO 2026-06-10 15:06:33,855 middleware ← GET /api/v1/auth/users/ | Status: 200 | Duration: 0.09s
INFO 2026-06-10 15:06:33,855 middleware ← GET /api/v1/auth/users/ | Status: 200 | Duration: 0.09s
INFO 2026-06-10 15:06:33,857 basehttp "GET /api/v1/auth/users/ HTTP/1.1" 200 548
INFO 2026-06-10 15:06:33,857 basehttp "GET /api/v1/auth/users/ HTTP/1.1" 200 548
INFO 2026-06-10 15:06:33,862 basehttp "GET /api/v1/hr/employees/ HTTP/1.1" 200 52
INFO 2026-06-10 15:06:33,862 basehttp "GET /api/v1/hr/employees/ HTTP/1.1" 200 52
INFO 2026-06-10 15:06:33,864 middleware → GET /api/v1/hr/employees/ | User: Anonymous | IP: 127.0.0.1
INFO 2026-06-10 15:06:33,864 middleware → GET /api/v1/hr/employees/ | User: Anonymous | IP: 127.0.0.1
INFO 2026-06-10 15:06:33,877 middleware ← GET /api/v1/hr/employees/ | Status: 200 | Duration: 0.01s
INFO 2026-06-10 15:06:33,877 middleware ← GET /api/v1/hr/employees/ | Status: 200 | Duration: 0.01s
INFO 2026-06-10 15:06:33,879 basehttp "GET /api/v1/hr/employees/ HTTP/1.1" 200 52
INFO 2026-06-10 15:06:33,879 basehttp "GET /api/v1/hr/employees/ HTTP/1.1" 200 52
INFO 2026-06-10 15:06:34,844 middleware → GET /api/v1/auth/audit-logs/modules/ | User: Anonymous | IP: 127.0.0.1
INFO 2026-06-10 15:06:34,844 middleware → GET /api/v1/auth/audit-logs/modules/ | User: Anonymous | IP: 127.0.0.1
INFO 2026-06-10 15:06:34,846 middleware → GET /api/v1/auth/audit-logs/actions/ | User: Anonymous | IP: 127.0.0.1
INFO 2026-06-10 15:06:34,846 middleware → GET /api/v1/auth/audit-logs/actions/ | User: Anonymous | IP: 127.0.0.1
INFO 2026-06-10 15:06:34,865 middleware → GET /api/v1/auth/audit-logs/ | User: Anonymous | IP: 127.0.0.1
INFO 2026-06-10 15:06:34,865 middleware → GET /api/v1/auth/audit-logs/ | User: Anonymous | IP: 127.0.0.1
INFO 2026-06-10 15:06:34,877 middleware → GET /api/v1/auth/audit-logs/stats/ | User: Anonymous | IP: 127.0.0.1
INFO 2026-06-10 15:06:34,877 middleware → GET /api/v1/auth/audit-logs/stats/ | User: Anonymous | IP: 127.0.0.1
INFO 2026-06-10 15:06:34,915 middleware ← GET /api/v1/auth/audit-logs/modules/ | Status: 200 | Duration: 0.07s
INFO 2026-06-10 15:06:34,915 middleware ← GET /api/v1/auth/audit-logs/modules/ | Status: 200 | Duration: 0.07s
INFO 2026-06-10 15:06:34,920 middleware ← GET /api/v1/auth/audit-logs/actions/ | Status: 200 | Duration: 0.07s
INFO 2026-06-10 15:06:34,920 middleware ← GET /api/v1/auth/audit-logs/actions/ | Status: 200 | Duration: 0.07s
INFO 2026-06-10 15:06:34,924 middleware → GET /api/v1/auth/audit-logs/modules/ | User: Anonymous | IP: 127.0.0.1
INFO 2026-06-10 15:06:34,924 middleware → GET /api/v1/auth/audit-logs/modules/ | User: Anonymous | IP: 127.0.0.1
INFO 2026-06-10 15:06:34,925 basehttp "GET /api/v1/auth/audit-logs/modules/ HTTP/1.1" 200 289
INFO 2026-06-10 15:06:34,925 basehttp "GET /api/v1/auth/audit-logs/modules/ HTTP/1.1" 200 289
INFO 2026-06-10 15:06:34,931 basehttp "GET /api/v1/auth/audit-logs/actions/ HTTP/1.1" 200 283
INFO 2026-06-10 15:06:34,931 basehttp "GET /api/v1/auth/audit-logs/actions/ HTTP/1.1" 200 283
INFO 2026-06-10 15:06:34,940 middleware → GET /api/v1/auth/audit-logs/actions/ | User: Anonymous | IP: 127.0.0.1
INFO 2026-06-10 15:06:34,940 middleware → GET /api/v1/auth/audit-logs/actions/ | User: Anonymous | IP: 127.0.0.1
INFO 2026-06-10 15:06:34,966 middleware ← GET /api/v1/auth/audit-logs/modules/ | Status: 200 | Duration: 0.04s
INFO 2026-06-10 15:06:34,966 middleware ← GET /api/v1/auth/audit-logs/modules/ | Status: 200 | Duration: 0.04s
INFO 2026-06-10 15:06:34,970 basehttp "GET /api/v1/auth/audit-logs/modules/ HTTP/1.1" 200 289
INFO 2026-06-10 15:06:34,970 basehttp "GET /api/v1/auth/audit-logs/modules/ HTTP/1.1" 200 289
INFO 2026-06-10 15:06:34,980 middleware ← GET /api/v1/auth/audit-logs/actions/ | Status: 200 | Duration: 0.04s
INFO 2026-06-10 15:06:34,980 middleware ← GET /api/v1/auth/audit-logs/actions/ | Status: 200 | Duration: 0.04s
INFO 2026-06-10 15:06:34,989 basehttp "GET /api/v1/auth/audit-logs/actions/ HTTP/1.1" 200 283
INFO 2026-06-10 15:06:34,989 basehttp "GET /api/v1/auth/audit-logs/actions/ HTTP/1.1" 200 283
INFO 2026-06-10 15:06:35,030 middleware ← GET /api/v1/auth/audit-logs/stats/ | Status: 200 | Duration: 0.15s
INFO 2026-06-10 15:06:35,030 middleware ← GET /api/v1/auth/audit-logs/stats/ | Status: 200 | Duration: 0.15s
INFO 2026-06-10 15:06:35,039 middleware → GET /api/v1/auth/audit-logs/stats/ | User: Anonymous | IP: 127.0.0.1
INFO 2026-06-10 15:06:35,039 middleware → GET /api/v1/auth/audit-logs/stats/ | User: Anonymous | IP: 127.0.0.1
INFO 2026-06-10 15:06:35,063 basehttp "GET /api/v1/auth/audit-logs/stats/ HTTP/1.1" 200 304
INFO 2026-06-10 15:06:35,063 basehttp "GET /api/v1/auth/audit-logs/stats/ HTTP/1.1" 200 304
INFO 2026-06-10 15:06:35,101 middleware ← GET /api/v1/auth/audit-logs/ | Status: 200 | Duration: 0.24s
INFO 2026-06-10 15:06:35,101 middleware ← GET /api/v1/auth/audit-logs/ | Status: 200 | Duration: 0.24s
INFO 2026-06-10 15:06:35,105 middleware ← GET /api/v1/auth/audit-logs/stats/ | Status: 200 | Duration: 0.07s
INFO 2026-06-10 15:06:35,105 middleware ← GET /api/v1/auth/audit-logs/stats/ | Status: 200 | Duration: 0.07s
INFO 2026-06-10 15:06:35,109 basehttp "GET /api/v1/auth/audit-logs/stats/ HTTP/1.1" 200 304
INFO 2026-06-10 15:06:35,109 basehttp "GET /api/v1/auth/audit-logs/stats/ HTTP/1.1" 200 304
INFO 2026-06-10 15:06:35,107 basehttp "GET /api/v1/auth/audit-logs/?start_date=&end_date=&action=&module=&page=1&page_size=50 HTTP/1.1" 200 5353
INFO 2026-06-10 15:06:35,107 basehttp "GET /api/v1/auth/audit-logs/?start_date=&end_date=&action=&module=&page=1&page_size=50 HTTP/1.1" 200 5353
INFO 2026-06-10 15:06:35,120 middleware → GET /api/v1/auth/audit-logs/ | User: Anonymous | IP: 127.0.0.1
INFO 2026-06-10 15:06:35,120 middleware → GET /api/v1/auth/audit-logs/ | User: Anonymous | IP: 127.0.0.1
INFO 2026-06-10 15:06:35,229 middleware ← GET /api/v1/auth/audit-logs/ | Status: 200 | Duration: 0.11s
INFO 2026-06-10 15:06:35,229 middleware ← GET /api/v1/auth/audit-logs/ | Status: 200 | Duration: 0.11s
INFO 2026-06-10 15:06:35,232 basehttp "GET /api/v1/auth/audit-logs/?start_date=&end_date=&action=&module=&page=1&page_size=50 HTTP/1.1" 200 5353
INFO 2026-06-10 15:06:35,232 basehttp "GET /api/v1/auth/audit-logs/?start_date=&end_date=&action=&module=&page=1&page_size=50 HTTP/1.1" 200 5353
INFO 2026-06-10 15:06:37,223 middleware → GET /api/v1/auth/audit-logs/export/ | User: Anonymous | IP: 127.0.0.1
INFO 2026-06-10 15:06:37,223 middleware → GET /api/v1/auth/audit-logs/export/ | User: Anonymous | IP: 127.0.0.1
INFO 2026-06-10 15:06:37,226 middleware ← GET /api/v1/auth/audit-logs/export/ | Status: 404 | Duration: 0.00s
INFO 2026-06-10 15:06:37,226 middleware ← GET /api/v1/auth/audit-logs/export/ | Status: 404 | Duration: 0.00s
WARNING 2026-06-10 15:06:37,229 basehttp "GET /api/v1/auth/audit-logs/export/?start_date=&end_date=&action=&module=&format=csv HTTP/1.1" 404 23
WARNING 2026-06-10 15:06:37,229 basehttp "GET /api/v1/auth/audit-logs/export/?start_date=&end_date=&action=&module=&format=csv HTTP/1.1" 404 23
INFO 2026-06-10 15:08:14,362 autoreload /Users/j/Desktop/BizSMART/Backend/core/views.py changed, reloading.
INFO 2026-06-10 15:08:14,362 autoreload /Users/j/Desktop/BizSMART/Backend/core/views.py changed, reloading.
INFO 2026-06-10 15:08:16,059 autoreload Watching for file changes with StatReloader
INFO 2026-06-10 15:08:16,059 autoreload Watching for file changes with StatReloader
INFO 2026-06-10 15:08:33,373 middleware → GET /api/v1/auth/audit-logs/export/ | User: Anonymous | IP: 127.0.0.1
INFO 2026-06-10 15:08:33,373 middleware → GET /api/v1/auth/audit-logs/export/ | User: Anonymous | IP: 127.0.0.1
INFO 2026-06-10 15:08:33,453 middleware ← GET /api/v1/auth/audit-logs/export/ | Status: 401 | Duration: 0.08s
INFO 2026-06-10 15:08:33,453 middleware ← GET /api/v1/auth/audit-logs/export/ | Status: 401 | Duration: 0.08s
WARNING 2026-06-10 15:08:33,457 basehttp "GET /api/v1/auth/audit-logs/export/ HTTP/1.1" 401 183
WARNING 2026-06-10 15:08:33,457 basehttp "GET /api/v1/auth/audit-logs/export/ HTTP/1.1" 401 183
INFO 2026-06-10 15:08:51,907 middleware → POST /api/v1/auth/login/ | User: Anonymous | IP: 127.0.0.1
INFO 2026-06-10 15:08:51,907 middleware → POST /api/v1/auth/login/ | User: Anonymous | IP: 127.0.0.1
INFO 2026-06-10 15:08:51,910 middleware ← POST /api/v1/auth/login/ | Status: 401 | Duration: 0.00s
INFO 2026-06-10 15:08:51,910 middleware ← POST /api/v1/auth/login/ | Status: 401 | Duration: 0.00s
WARNING 2026-06-10 15:08:51,911 basehttp "POST /api/v1/auth/login/ HTTP/1.1" 401 183
WARNING 2026-06-10 15:08:51,911 basehttp "POST /api/v1/auth/login/ HTTP/1.1" 401 183
INFO 2026-06-10 15:09:09,370 middleware → POST /api/v1/auth/login/ | User: Anonymous | IP: 127.0.0.1
INFO 2026-06-10 15:09:09,370 middleware → POST /api/v1/auth/login/ | User: Anonymous | IP: 127.0.0.1
INFO 2026-06-10 15:09:10,658 middleware ← POST /api/v1/auth/login/ | Status: 200 | Duration: 1.29s
INFO 2026-06-10 15:09:10,658 middleware ← POST /api/v1/auth/login/ | Status: 200 | Duration: 1.29s
INFO 2026-06-10 15:09:10,659 basehttp "POST /api/v1/auth/login/ HTTP/1.1" 200 788
INFO 2026-06-10 15:09:10,659 basehttp "POST /api/v1/auth/login/ HTTP/1.1" 200 788
INFO 2026-06-10 15:09:37,390 middleware → GET /api/v1/auth/audit-logs/export/ | User: Anonymous | IP: 127.0.0.1
INFO 2026-06-10 15:09:37,390 middleware → GET /api/v1/auth/audit-logs/export/ | User: Anonymous | IP: 127.0.0.1
INFO 2026-06-10 15:09:37,480 middleware ← GET /api/v1/auth/audit-logs/export/ | Status: 200 | Duration: 0.09s
INFO 2026-06-10 15:09:37,480 middleware ← GET /api/v1/auth/audit-logs/export/ | Status: 200 | Duration: 0.09s
INFO 2026-06-10 15:09:37,482 basehttp "GET /api/v1/auth/audit-logs/export/ HTTP/1.1" 200 3237
INFO 2026-06-10 15:09:37,482 basehttp "GET /api/v1/auth/audit-logs/export/ HTTP/1.1" 200 3237
INFO 2026-06-10 15:09:45,451 middleware → GET /api/v1/auth/users/ | User: Anonymous | IP: 127.0.0.1
INFO 2026-06-10 15:09:45,451 middleware → GET /api/v1/auth/users/ | User: Anonymous | IP: 127.0.0.1
INFO 2026-06-10 15:09:45,452 middleware → GET /api/v1/hr/employees/ | User: Anonymous | IP: 127.0.0.1
INFO 2026-06-10 15:09:45,452 middleware → GET /api/v1/hr/employees/ | User: Anonymous | IP: 127.0.0.1
INFO 2026-06-10 15:09:45,543 middleware ← GET /api/v1/hr/employees/ | Status: 200 | Duration: 0.09s
INFO 2026-06-10 15:09:45,544 middleware ← GET /api/v1/auth/users/ | Status: 200 | Duration: 0.09s
INFO 2026-06-10 15:09:45,543 middleware ← GET /api/v1/hr/employees/ | Status: 200 | Duration: 0.09s
INFO 2026-06-10 15:09:45,551 basehttp "GET /api/v1/hr/employees/ HTTP/1.1" 200 52
INFO 2026-06-10 15:09:45,551 basehttp "GET /api/v1/hr/employees/ HTTP/1.1" 200 52
INFO 2026-06-10 15:09:45,544 middleware ← GET /api/v1/auth/users/ | Status: 200 | Duration: 0.09s
INFO 2026-06-10 15:09:45,556 middleware → GET /api/v1/hr/employees/ | User: Anonymous | IP: 127.0.0.1
INFO 2026-06-10 15:09:45,556 middleware → GET /api/v1/hr/employees/ | User: Anonymous | IP: 127.0.0.1
INFO 2026-06-10 15:09:45,577 basehttp "GET /api/v1/auth/users/ HTTP/1.1" 200 548
INFO 2026-06-10 15:09:45,577 basehttp "GET /api/v1/auth/users/ HTTP/1.1" 200 548
INFO 2026-06-10 15:09:45,583 middleware → GET /api/v1/auth/users/ | User: Anonymous | IP: 127.0.0.1
INFO 2026-06-10 15:09:45,583 middleware → GET /api/v1/auth/users/ | User: Anonymous | IP: 127.0.0.1
INFO 2026-06-10 15:09:45,672 middleware ← GET /api/v1/hr/employees/ | Status: 200 | Duration: 0.12s
INFO 2026-06-10 15:09:45,672 middleware ← GET /api/v1/hr/employees/ | Status: 200 | Duration: 0.12s
INFO 2026-06-10 15:09:45,674 basehttp "GET /api/v1/hr/employees/ HTTP/1.1" 200 52
INFO 2026-06-10 15:09:45,674 basehttp "GET /api/v1/hr/employees/ HTTP/1.1" 200 52
INFO 2026-06-10 15:09:45,690 middleware ← GET /api/v1/auth/users/ | Status: 200 | Duration: 0.11s
INFO 2026-06-10 15:09:45,690 middleware ← GET /api/v1/auth/users/ | Status: 200 | Duration: 0.11s
INFO 2026-06-10 15:09:45,692 basehttp "GET /api/v1/auth/users/ HTTP/1.1" 200 548
INFO 2026-06-10 15:09:45,692 basehttp "GET /api/v1/auth/users/ HTTP/1.1" 200 548
INFO 2026-06-10 15:09:46,862 middleware → GET /api/v1/auth/audit-logs/modules/ | User: Anonymous | IP: 127.0.0.1
INFO 2026-06-10 15:09:46,865 middleware → GET /api/v1/auth/audit-logs/actions/ | User: Anonymous | IP: 127.0.0.1
INFO 2026-06-10 15:09:46,866 middleware → GET /api/v1/auth/audit-logs/ | User: Anonymous | IP: 127.0.0.1
INFO 2026-06-10 15:09:46,862 middleware → GET /api/v1/auth/audit-logs/modules/ | User: Anonymous | IP: 127.0.0.1
INFO 2026-06-10 15:09:46,868 middleware → GET /api/v1/auth/audit-logs/stats/ | User: Anonymous | IP: 127.0.0.1
INFO 2026-06-10 15:09:46,868 middleware → GET /api/v1/auth/audit-logs/stats/ | User: Anonymous | IP: 127.0.0.1
INFO 2026-06-10 15:09:46,865 middleware → GET /api/v1/auth/audit-logs/actions/ | User: Anonymous | IP: 127.0.0.1
INFO 2026-06-10 15:09:46,866 middleware → GET /api/v1/auth/audit-logs/ | User: Anonymous | IP: 127.0.0.1
INFO 2026-06-10 15:09:46,911 middleware ← GET /api/v1/auth/audit-logs/modules/ | Status: 200 | Duration: 0.05s
INFO 2026-06-10 15:09:46,911 middleware ← GET /api/v1/auth/audit-logs/modules/ | Status: 200 | Duration: 0.05s
INFO 2026-06-10 15:09:46,915 middleware ← GET /api/v1/auth/audit-logs/actions/ | Status: 200 | Duration: 0.05s
INFO 2026-06-10 15:09:46,915 middleware ← GET /api/v1/auth/audit-logs/actions/ | Status: 200 | Duration: 0.05s
INFO 2026-06-10 15:09:46,919 basehttp "GET /api/v1/auth/audit-logs/actions/ HTTP/1.1" 200 283
INFO 2026-06-10 15:09:46,919 basehttp "GET /api/v1/auth/audit-logs/actions/ HTTP/1.1" 200 283
INFO 2026-06-10 15:09:46,925 middleware → GET /api/v1/auth/audit-logs/actions/ | User: Anonymous | IP: 127.0.0.1
INFO 2026-06-10 15:09:46,925 middleware → GET /api/v1/auth/audit-logs/actions/ | User: Anonymous | IP: 127.0.0.1
INFO 2026-06-10 15:09:46,934 basehttp "GET /api/v1/auth/audit-logs/modules/ HTTP/1.1" 200 289
INFO 2026-06-10 15:09:46,934 basehttp "GET /api/v1/auth/audit-logs/modules/ HTTP/1.1" 200 289
INFO 2026-06-10 15:09:46,947 middleware → GET /api/v1/auth/audit-logs/modules/ | User: Anonymous | IP: 127.0.0.1
INFO 2026-06-10 15:09:46,947 middleware → GET /api/v1/auth/audit-logs/modules/ | User: Anonymous | IP: 127.0.0.1
INFO 2026-06-10 15:09:46,968 middleware ← GET /api/v1/auth/audit-logs/stats/ | Status: 200 | Duration: 0.10s
INFO 2026-06-10 15:09:46,968 middleware ← GET /api/v1/auth/audit-logs/stats/ | Status: 200 | Duration: 0.10s
INFO 2026-06-10 15:09:46,975 middleware → GET /api/v1/auth/audit-logs/stats/ | User: Anonymous | IP: 127.0.0.1
INFO 2026-06-10 15:09:46,975 middleware → GET /api/v1/auth/audit-logs/stats/ | User: Anonymous | IP: 127.0.0.1
INFO 2026-06-10 15:09:46,996 basehttp "GET /api/v1/auth/audit-logs/stats/ HTTP/1.1" 200 304
INFO 2026-06-10 15:09:46,996 basehttp "GET /api/v1/auth/audit-logs/stats/ HTTP/1.1" 200 304
INFO 2026-06-10 15:09:47,017 middleware ← GET /api/v1/auth/audit-logs/modules/ | Status: 200 | Duration: 0.07s
INFO 2026-06-10 15:09:47,017 middleware ← GET /api/v1/auth/audit-logs/modules/ | Status: 200 | Duration: 0.07s
INFO 2026-06-10 15:09:47,021 middleware ← GET /api/v1/auth/audit-logs/actions/ | Status: 200 | Duration: 0.10s
INFO 2026-06-10 15:09:47,021 middleware ← GET /api/v1/auth/audit-logs/actions/ | Status: 200 | Duration: 0.10s
INFO 2026-06-10 15:09:47,030 basehttp "GET /api/v1/auth/audit-logs/modules/ HTTP/1.1" 200 289
INFO 2026-06-10 15:09:47,030 basehttp "GET /api/v1/auth/audit-logs/modules/ HTTP/1.1" 200 289
INFO 2026-06-10 15:09:47,048 basehttp "GET /api/v1/auth/audit-logs/actions/ HTTP/1.1" 200 283
INFO 2026-06-10 15:09:47,048 basehttp "GET /api/v1/auth/audit-logs/actions/ HTTP/1.1" 200 283
INFO 2026-06-10 15:09:47,069 middleware ← GET /api/v1/auth/audit-logs/stats/ | Status: 200 | Duration: 0.09s
INFO 2026-06-10 15:09:47,069 middleware ← GET /api/v1/auth/audit-logs/stats/ | Status: 200 | Duration: 0.09s
INFO 2026-06-10 15:09:47,074 basehttp "GET /api/v1/auth/audit-logs/stats/ HTTP/1.1" 200 304
INFO 2026-06-10 15:09:47,074 basehttp "GET /api/v1/auth/audit-logs/stats/ HTTP/1.1" 200 304
INFO 2026-06-10 15:09:47,163 middleware ← GET /api/v1/auth/audit-logs/ | Status: 200 | Duration: 0.30s
INFO 2026-06-10 15:09:47,163 middleware ← GET /api/v1/auth/audit-logs/ | Status: 200 | Duration: 0.30s
INFO 2026-06-10 15:09:47,171 middleware → GET /api/v1/auth/audit-logs/ | User: Anonymous | IP: 127.0.0.1
INFO 2026-06-10 15:09:47,171 middleware → GET /api/v1/auth/audit-logs/ | User: Anonymous | IP: 127.0.0.1
INFO 2026-06-10 15:09:47,173 basehttp "GET /api/v1/auth/audit-logs/?start_date=&end_date=&action=&module=&page=1&page_size=50 HTTP/1.1" 200 5353
INFO 2026-06-10 15:09:47,173 basehttp "GET /api/v1/auth/audit-logs/?start_date=&end_date=&action=&module=&page=1&page_size=50 HTTP/1.1" 200 5353
INFO 2026-06-10 15:09:47,313 middleware ← GET /api/v1/auth/audit-logs/ | Status: 200 | Duration: 0.14s
INFO 2026-06-10 15:09:47,313 middleware ← GET /api/v1/auth/audit-logs/ | Status: 200 | Duration: 0.14s
INFO 2026-06-10 15:09:47,315 basehttp "GET /api/v1/auth/audit-logs/?start_date=&end_date=&action=&module=&page=1&page_size=50 HTTP/1.1" 200 5353
INFO 2026-06-10 15:09:47,315 basehttp "GET /api/v1/auth/audit-logs/?start_date=&end_date=&action=&module=&page=1&page_size=50 HTTP/1.1" 200 5353
INFO 2026-06-10 15:09:49,865 middleware → GET /api/v1/auth/audit-logs/export/ | User: Anonymous | IP: 127.0.0.1
INFO 2026-06-10 15:09:49,865 middleware → GET /api/v1/auth/audit-logs/export/ | User: Anonymous | IP: 127.0.0.1
INFO 2026-06-10 15:09:49,867 middleware ← GET /api/v1/auth/audit-logs/export/ | Status: 404 | Duration: 0.00s
INFO 2026-06-10 15:09:49,867 middleware ← GET /api/v1/auth/audit-logs/export/ | Status: 404 | Duration: 0.00s
WARNING 2026-06-10 15:09:49,869 basehttp "GET /api/v1/auth/audit-logs/export/?start_date=&end_date=&action=&module=&format=csv HTTP/1.1" 404 23
WARNING 2026-06-10 15:09:49,869 basehttp "GET /api/v1/auth/audit-logs/export/?start_date=&end_date=&action=&module=&format=csv HTTP/1.1" 404 23
INFO 2026-06-10 16:58:47,770 autoreload Watching for file changes with StatReloader
INFO 2026-06-10 16:58:47,770 autoreload Watching for file changes with StatReloader
INFO 2026-06-10 17:00:42,005 basehttp "OPTIONS /api/v1/auth/login/ HTTP/1.1" 200 0
INFO 2026-06-10 17:00:42,005 basehttp "OPTIONS /api/v1/auth/login/ HTTP/1.1" 200 0
INFO 2026-06-10 17:00:42,014 middleware → POST /api/v1/auth/login/ | User: Anonymous | IP: 127.0.0.1
INFO 2026-06-10 17:00:42,014 middleware → POST /api/v1/auth/login/ | User: Anonymous | IP: 127.0.0.1
INFO 2026-06-10 17:00:42,050 middleware ← POST /api/v1/auth/login/ | Status: 401 | Duration: 0.04s
INFO 2026-06-10 17:00:42,050 middleware ← POST /api/v1/auth/login/ | Status: 401 | Duration: 0.04s
WARNING 2026-06-10 17:00:42,054 basehttp "POST /api/v1/auth/login/ HTTP/1.1" 401 183
WARNING 2026-06-10 17:00:42,054 basehttp "POST /api/v1/auth/login/ HTTP/1.1" 401 183
INFO 2026-06-10 17:00:42,061 basehttp "OPTIONS /api/v1/auth/refresh/ HTTP/1.1" 200 0
INFO 2026-06-10 17:00:42,061 basehttp "OPTIONS /api/v1/auth/refresh/ HTTP/1.1" 200 0
INFO 2026-06-10 17:00:42,065 middleware → POST /api/v1/auth/refresh/ | User: Anonymous | IP: 127.0.0.1
INFO 2026-06-10 17:00:42,065 middleware → POST /api/v1/auth/refresh/ | User: Anonymous | IP: 127.0.0.1
INFO 2026-06-10 17:00:42,093 middleware ← POST /api/v1/auth/refresh/ | Status: 401 | Duration: 0.03s
INFO 2026-06-10 17:00:42,093 middleware ← POST /api/v1/auth/refresh/ | Status: 401 | Duration: 0.03s
WARNING 2026-06-10 17:00:42,094 basehttp "POST /api/v1/auth/refresh/ HTTP/1.1" 401 58
WARNING 2026-06-10 17:00:42,094 basehttp "POST /api/v1/auth/refresh/ HTTP/1.1" 401 58
INFO 2026-06-10 17:00:56,736 middleware → POST /api/v1/auth/login/ | User: Anonymous | IP: 127.0.0.1
INFO 2026-06-10 17:00:56,736 middleware → POST /api/v1/auth/login/ | User: Anonymous | IP: 127.0.0.1
INFO 2026-06-10 17:00:57,701 middleware ← POST /api/v1/auth/login/ | Status: 200 | Duration: 0.96s
INFO 2026-06-10 17:00:57,701 middleware ← POST /api/v1/auth/login/ | Status: 200 | Duration: 0.96s
INFO 2026-06-10 17:00:57,702 basehttp "POST /api/v1/auth/login/ HTTP/1.1" 200 788
INFO 2026-06-10 17:00:57,702 basehttp "POST /api/v1/auth/login/ HTTP/1.1" 200 788
INFO 2026-06-10 17:01:03,232 basehttp "OPTIONS /api/v1/inventory/products/ HTTP/1.1" 200 0
INFO 2026-06-10 17:01:03,235 basehttp "OPTIONS /api/v1/sales/customers/ HTTP/1.1" 200 0
INFO 2026-06-10 17:01:03,246 middleware → GET /api/v1/inventory/products/ | User: Anonymous | IP: 127.0.0.1
INFO 2026-06-10 17:01:03,246 middleware → GET /api/v1/inventory/products/ | User: Anonymous | IP: 127.0.0.1
INFO 2026-06-10 17:01:03,257 basehttp "OPTIONS /api/v1/inventory/products/ HTTP/1.1" 200 0
INFO 2026-06-10 17:01:03,257 basehttp "OPTIONS /api/v1/inventory/products/ HTTP/1.1" 200 0
INFO 2026-06-10 17:01:03,235 basehttp "OPTIONS /api/v1/sales/customers/ HTTP/1.1" 200 0
INFO 2026-06-10 17:01:03,232 basehttp "OPTIONS /api/v1/inventory/products/ HTTP/1.1" 200 0
INFO 2026-06-10 17:01:03,277 middleware → GET /api/v1/sales/customers/ | User: Anonymous | IP: 127.0.0.1
INFO 2026-06-10 17:01:03,277 middleware → GET /api/v1/sales/customers/ | User: Anonymous | IP: 127.0.0.1
INFO 2026-06-10 17:01:03,277 basehttp "OPTIONS /api/v1/sales/customers/ HTTP/1.1" 200 0
INFO 2026-06-10 17:01:03,277 basehttp "OPTIONS /api/v1/sales/customers/ HTTP/1.1" 200 0
INFO 2026-06-10 17:01:03,324 middleware ← GET /api/v1/inventory/products/ | Status: 200 | Duration: 0.08s
INFO 2026-06-10 17:01:03,324 middleware ← GET /api/v1/inventory/products/ | Status: 200 | Duration: 0.08s
INFO 2026-06-10 17:01:03,326 basehttp "GET /api/v1/inventory/products/ HTTP/1.1" 200 52
INFO 2026-06-10 17:01:03,326 basehttp "GET /api/v1/inventory/products/ HTTP/1.1" 200 52
INFO 2026-06-10 17:01:03,329 middleware → GET /api/v1/inventory/products/ | User: Anonymous | IP: 127.0.0.1
INFO 2026-06-10 17:01:03,329 middleware → GET /api/v1/inventory/products/ | User: Anonymous | IP: 127.0.0.1
INFO 2026-06-10 17:01:03,353 middleware ← GET /api/v1/sales/customers/ | Status: 200 | Duration: 0.08s
INFO 2026-06-10 17:01:03,353 middleware ← GET /api/v1/sales/customers/ | Status: 200 | Duration: 0.08s
INFO 2026-06-10 17:01:03,358 basehttp "GET /api/v1/sales/customers/ HTTP/1.1" 200 52
INFO 2026-06-10 17:01:03,358 basehttp "GET /api/v1/sales/customers/ HTTP/1.1" 200 52
INFO 2026-06-10 17:01:03,363 middleware → GET /api/v1/sales/customers/ | User: Anonymous | IP: 127.0.0.1
INFO 2026-06-10 17:01:03,363 middleware → GET /api/v1/sales/customers/ | User: Anonymous | IP: 127.0.0.1
INFO 2026-06-10 17:01:03,387 middleware ← GET /api/v1/sales/customers/ | Status: 200 | Duration: 0.02s
INFO 2026-06-10 17:01:03,387 middleware ← GET /api/v1/sales/customers/ | Status: 200 | Duration: 0.02s
INFO 2026-06-10 17:01:03,388 basehttp "GET /api/v1/sales/customers/ HTTP/1.1" 200 52
INFO 2026-06-10 17:01:03,388 basehttp "GET /api/v1/sales/customers/ HTTP/1.1" 200 52
INFO 2026-06-10 17:01:03,423 middleware ← GET /api/v1/inventory/products/ | Status: 200 | Duration: 0.09s
INFO 2026-06-10 17:01:03,423 middleware ← GET /api/v1/inventory/products/ | Status: 200 | Duration: 0.09s
INFO 2026-06-10 17:01:03,425 basehttp "GET /api/v1/inventory/products/ HTTP/1.1" 200 52
INFO 2026-06-10 17:01:03,425 basehttp "GET /api/v1/inventory/products/ HTTP/1.1" 200 52
INFO 2026-06-10 17:03:13,623 basehttp "OPTIONS /api/v1/inventory/categories/ HTTP/1.1" 200 0
INFO 2026-06-10 17:03:13,623 basehttp "OPTIONS /api/v1/inventory/categories/ HTTP/1.1" 200 0
INFO 2026-06-10 17:03:13,623 basehttp "OPTIONS /api/v1/inventory/categories/ HTTP/1.1" 200 0
INFO 2026-06-10 17:03:13,623 basehttp "OPTIONS /api/v1/inventory/categories/ HTTP/1.1" 200 0
INFO 2026-06-10 17:03:13,630 middleware → GET /api/v1/inventory/categories/ | User: Anonymous | IP: 127.0.0.1
INFO 2026-06-10 17:03:13,630 middleware → GET /api/v1/inventory/categories/ | User: Anonymous | IP: 127.0.0.1
INFO 2026-06-10 17:03:13,663 middleware ← GET /api/v1/inventory/categories/ | Status: 200 | Duration: 0.03s
INFO 2026-06-10 17:03:13,663 middleware ← GET /api/v1/inventory/categories/ | Status: 200 | Duration: 0.03s
INFO 2026-06-10 17:03:13,666 basehttp "GET /api/v1/inventory/categories/ HTTP/1.1" 200 52
INFO 2026-06-10 17:03:13,666 basehttp "GET /api/v1/inventory/categories/ HTTP/1.1" 200 52
INFO 2026-06-10 17:03:13,675 middleware → GET /api/v1/inventory/categories/ | User: Anonymous | IP: 127.0.0.1
INFO 2026-06-10 17:03:13,675 middleware → GET /api/v1/inventory/categories/ | User: Anonymous | IP: 127.0.0.1
INFO 2026-06-10 17:03:13,681 middleware → GET /api/v1/inventory/products/ | User: Anonymous | IP: 127.0.0.1
INFO 2026-06-10 17:03:13,681 middleware → GET /api/v1/inventory/products/ | User: Anonymous | IP: 127.0.0.1
INFO 2026-06-10 17:03:13,708 middleware ← GET /api/v1/inventory/products/ | Status: 200 | Duration: 0.03s
INFO 2026-06-10 17:03:13,708 middleware ← GET /api/v1/inventory/products/ | Status: 200 | Duration: 0.03s
INFO 2026-06-10 17:03:13,710 basehttp "GET /api/v1/inventory/products/ HTTP/1.1" 200 52
INFO 2026-06-10 17:03:13,710 basehttp "GET /api/v1/inventory/products/ HTTP/1.1" 200 52
INFO 2026-06-10 17:03:13,738 middleware ← GET /api/v1/inventory/categories/ | Status: 200 | Duration: 0.06s
INFO 2026-06-10 17:03:13,738 middleware ← GET /api/v1/inventory/categories/ | Status: 200 | Duration: 0.06s
INFO 2026-06-10 17:03:13,739 basehttp "GET /api/v1/inventory/categories/ HTTP/1.1" 200 52
INFO 2026-06-10 17:03:13,739 basehttp "GET /api/v1/inventory/categories/ HTTP/1.1" 200 52
INFO 2026-06-10 17:03:13,750 middleware → GET /api/v1/inventory/products/ | User: Anonymous | IP: 127.0.0.1
INFO 2026-06-10 17:03:13,750 middleware → GET /api/v1/inventory/products/ | User: Anonymous | IP: 127.0.0.1
INFO 2026-06-10 17:03:13,765 middleware ← GET /api/v1/inventory/products/ | Status: 200 | Duration: 0.02s
INFO 2026-06-10 17:03:13,765 middleware ← GET /api/v1/inventory/products/ | Status: 200 | Duration: 0.02s
INFO 2026-06-10 17:03:13,767 basehttp "GET /api/v1/inventory/products/ HTTP/1.1" 200 52
INFO 2026-06-10 17:03:13,767 basehttp "GET /api/v1/inventory/products/ HTTP/1.1" 200 52
INFO 2026-06-10 17:03:19,960 middleware → POST /api/v1/inventory/categories/ | User: Anonymous | IP: 127.0.0.1
INFO 2026-06-10 17:03:19,960 middleware → POST /api/v1/inventory/categories/ | User: Anonymous | IP: 127.0.0.1
INFO 2026-06-10 17:03:20,218 logging_utils AUDIT: admin@bizsmart.com - CREATE - inventory - POST /api/v1/inventory/categories/
INFO 2026-06-10 17:03:20,218 logging_utils AUDIT: admin@bizsmart.com - CREATE - inventory - POST /api/v1/inventory/categories/
INFO 2026-06-10 17:03:20,219 middleware ← POST /api/v1/inventory/categories/ | Status: 500 | Duration: 0.26s
INFO 2026-06-10 17:03:20,219 middleware ← POST /api/v1/inventory/categories/ | Status: 500 | Duration: 0.26s
ERROR 2026-06-10 17:03:20,220 basehttp "POST /api/v1/inventory/categories/ HTTP/1.1" 500 208506
ERROR 2026-06-10 17:03:20,220 basehttp "POST /api/v1/inventory/categories/ HTTP/1.1" 500 208506
INFO 2026-06-10 17:03:32,381 middleware → POST /api/v1/inventory/categories/ | User: Anonymous | IP: 127.0.0.1
INFO 2026-06-10 17:03:32,381 middleware → POST /api/v1/inventory/categories/ | User: Anonymous | IP: 127.0.0.1
INFO 2026-06-10 17:03:32,503 logging_utils AUDIT: admin@bizsmart.com - CREATE - inventory - POST /api/v1/inventory/categories/
INFO 2026-06-10 17:03:32,503 logging_utils AUDIT: admin@bizsmart.com - CREATE - inventory - POST /api/v1/inventory/categories/
INFO 2026-06-10 17:03:32,504 middleware ← POST /api/v1/inventory/categories/ | Status: 500 | Duration: 0.12s
INFO 2026-06-10 17:03:32,504 middleware ← POST /api/v1/inventory/categories/ | Status: 500 | Duration: 0.12s
ERROR 2026-06-10 17:03:32,506 basehttp "POST /api/v1/inventory/categories/ HTTP/1.1" 500 208506
ERROR 2026-06-10 17:03:32,506 basehttp "POST /api/v1/inventory/categories/ HTTP/1.1" 500 208506
INFO 2026-06-10 17:03:57,397 basehttp "OPTIONS /api/v1/inventory/suppliers/ HTTP/1.1" 200 0
INFO 2026-06-10 17:03:57,397 basehttp "OPTIONS /api/v1/inventory/suppliers/ HTTP/1.1" 200 0
INFO 2026-06-10 17:03:57,400 basehttp "OPTIONS /api/v1/inventory/suppliers/ HTTP/1.1" 200 0
INFO 2026-06-10 17:03:57,400 basehttp "OPTIONS /api/v1/inventory/suppliers/ HTTP/1.1" 200 0
INFO 2026-06-10 17:03:57,403 middleware → GET /api/v1/inventory/suppliers/ | User: Anonymous | IP: 127.0.0.1
INFO 2026-06-10 17:03:57,403 middleware → GET /api/v1/inventory/suppliers/ | User: Anonymous | IP: 127.0.0.1
INFO 2026-06-10 17:03:57,446 middleware ← GET /api/v1/inventory/suppliers/ | Status: 200 | Duration: 0.04s
INFO 2026-06-10 17:03:57,446 middleware ← GET /api/v1/inventory/suppliers/ | Status: 200 | Duration: 0.04s
INFO 2026-06-10 17:03:57,453 basehttp "GET /api/v1/inventory/suppliers/ HTTP/1.1" 200 52
INFO 2026-06-10 17:03:57,453 basehttp "GET /api/v1/inventory/suppliers/ HTTP/1.1" 200 52
INFO 2026-06-10 17:03:57,458 middleware → GET /api/v1/inventory/products/ | User: Anonymous | IP: 127.0.0.1
INFO 2026-06-10 17:03:57,458 middleware → GET /api/v1/inventory/products/ | User: Anonymous | IP: 127.0.0.1
INFO 2026-06-10 17:03:57,470 middleware → GET /api/v1/inventory/suppliers/ | User: Anonymous | IP: 127.0.0.1
INFO 2026-06-10 17:03:57,470 middleware → GET /api/v1/inventory/suppliers/ | User: Anonymous | IP: 127.0.0.1
INFO 2026-06-10 17:03:57,541 middleware ← GET /api/v1/inventory/suppliers/ | Status: 200 | Duration: 0.07s
INFO 2026-06-10 17:03:57,541 middleware ← GET /api/v1/inventory/suppliers/ | Status: 200 | Duration: 0.07s
INFO 2026-06-10 17:03:57,553 basehttp "GET /api/v1/inventory/suppliers/ HTTP/1.1" 200 52
INFO 2026-06-10 17:03:57,553 basehttp "GET /api/v1/inventory/suppliers/ HTTP/1.1" 200 52
INFO 2026-06-10 17:03:57,555 middleware ← GET /api/v1/inventory/products/ | Status: 200 | Duration: 0.10s
INFO 2026-06-10 17:03:57,555 middleware ← GET /api/v1/inventory/products/ | Status: 200 | Duration: 0.10s
INFO 2026-06-10 17:03:57,558 basehttp "GET /api/v1/inventory/products/ HTTP/1.1" 200 52
INFO 2026-06-10 17:03:57,558 basehttp "GET /api/v1/inventory/products/ HTTP/1.1" 200 52
INFO 2026-06-10 17:03:57,563 middleware → GET /api/v1/inventory/products/ | User: Anonymous | IP: 127.0.0.1
INFO 2026-06-10 17:03:57,563 middleware → GET /api/v1/inventory/products/ | User: Anonymous | IP: 127.0.0.1
INFO 2026-06-10 17:03:57,642 middleware ← GET /api/v1/inventory/products/ | Status: 200 | Duration: 0.08s
INFO 2026-06-10 17:03:57,642 middleware ← GET /api/v1/inventory/products/ | Status: 200 | Duration: 0.08s
INFO 2026-06-10 17:03:57,644 basehttp "GET /api/v1/inventory/products/ HTTP/1.1" 200 52
INFO 2026-06-10 17:03:57,644 basehttp "GET /api/v1/inventory/products/ HTTP/1.1" 200 52
INFO 2026-06-10 17:04:24,033 middleware → POST /api/v1/inventory/suppliers/ | User: Anonymous | IP: 127.0.0.1
INFO 2026-06-10 17:04:24,033 middleware → POST /api/v1/inventory/suppliers/ | User: Anonymous | IP: 127.0.0.1
INFO 2026-06-10 17:04:24,055 logging_utils AUDIT: admin@bizsmart.com - CREATE - inventory - POST /api/v1/inventory/suppliers/
INFO 2026-06-10 17:04:24,055 logging_utils AUDIT: admin@bizsmart.com - CREATE - inventory - POST /api/v1/inventory/suppliers/
INFO 2026-06-10 17:04:24,055 middleware ← POST /api/v1/inventory/suppliers/ | Status: 201 | Duration: 0.02s
INFO 2026-06-10 17:04:24,055 middleware ← POST /api/v1/inventory/suppliers/ | Status: 201 | Duration: 0.02s
INFO 2026-06-10 17:04:24,057 basehttp "POST /api/v1/inventory/suppliers/ HTTP/1.1" 201 239
INFO 2026-06-10 17:04:24,057 basehttp "POST /api/v1/inventory/suppliers/ HTTP/1.1" 201 239
INFO 2026-06-10 17:04:24,065 middleware → GET /api/v1/inventory/suppliers/ | User: Anonymous | IP: 127.0.0.1
INFO 2026-06-10 17:04:24,065 middleware → GET /api/v1/inventory/suppliers/ | User: Anonymous | IP: 127.0.0.1
INFO 2026-06-10 17:04:24,148 middleware ← GET /api/v1/inventory/suppliers/ | Status: 200 | Duration: 0.08s
INFO 2026-06-10 17:04:24,148 middleware ← GET /api/v1/inventory/suppliers/ | Status: 200 | Duration: 0.08s
INFO 2026-06-10 17:04:24,153 basehttp "GET /api/v1/inventory/suppliers/ HTTP/1.1" 200 291
INFO 2026-06-10 17:04:24,153 basehttp "GET /api/v1/inventory/suppliers/ HTTP/1.1" 200 291
INFO 2026-06-10 17:04:24,160 middleware → GET /api/v1/inventory/products/ | User: Anonymous | IP: 127.0.0.1
INFO 2026-06-10 17:04:24,160 middleware → GET /api/v1/inventory/products/ | User: Anonymous | IP: 127.0.0.1
INFO 2026-06-10 17:04:24,197 middleware ← GET /api/v1/inventory/products/ | Status: 200 | Duration: 0.04s
INFO 2026-06-10 17:04:24,197 middleware ← GET /api/v1/inventory/products/ | Status: 200 | Duration: 0.04s
INFO 2026-06-10 17:04:24,203 basehttp "GET /api/v1/inventory/products/ HTTP/1.1" 200 52
INFO 2026-06-10 17:04:24,203 basehttp "GET /api/v1/inventory/products/ HTTP/1.1" 200 52
INFO 2026-06-10 17:04:28,332 middleware → GET /api/v1/inventory/categories/ | User: Anonymous | IP: 127.0.0.1
INFO 2026-06-10 17:04:28,332 middleware → GET /api/v1/inventory/categories/ | User: Anonymous | IP: 127.0.0.1
INFO 2026-06-10 17:04:28,352 middleware ← GET /api/v1/inventory/categories/ | Status: 200 | Duration: 0.02s
INFO 2026-06-10 17:04:28,352 middleware ← GET /api/v1/inventory/categories/ | Status: 200 | Duration: 0.02s
INFO 2026-06-10 17:04:28,354 basehttp "GET /api/v1/inventory/categories/ HTTP/1.1" 200 52
INFO 2026-06-10 17:04:28,354 basehttp "GET /api/v1/inventory/categories/ HTTP/1.1" 200 52
INFO 2026-06-10 17:04:28,362 middleware → GET /api/v1/inventory/products/ | User: Anonymous | IP: 127.0.0.1
INFO 2026-06-10 17:04:28,362 middleware → GET /api/v1/inventory/products/ | User: Anonymous | IP: 127.0.0.1
INFO 2026-06-10 17:04:28,390 middleware → GET /api/v1/inventory/categories/ | User: Anonymous | IP: 127.0.0.1
INFO 2026-06-10 17:04:28,390 middleware → GET /api/v1/inventory/categories/ | User: Anonymous | IP: 127.0.0.1
INFO 2026-06-10 17:04:28,403 middleware ← GET /api/v1/inventory/products/ | Status: 200 | Duration: 0.04s
INFO 2026-06-10 17:04:28,403 middleware ← GET /api/v1/inventory/products/ | Status: 200 | Duration: 0.04s
INFO 2026-06-10 17:04:28,410 basehttp "GET /api/v1/inventory/products/ HTTP/1.1" 200 52
INFO 2026-06-10 17:04:28,410 basehttp "GET /api/v1/inventory/products/ HTTP/1.1" 200 52
INFO 2026-06-10 17:04:28,453 middleware ← GET /api/v1/inventory/categories/ | Status: 200 | Duration: 0.06s
INFO 2026-06-10 17:04:28,453 middleware ← GET /api/v1/inventory/categories/ | Status: 200 | Duration: 0.06s
INFO 2026-06-10 17:04:28,463 basehttp "GET /api/v1/inventory/categories/ HTTP/1.1" 200 52
INFO 2026-06-10 17:04:28,463 basehttp "GET /api/v1/inventory/categories/ HTTP/1.1" 200 52
INFO 2026-06-10 17:04:28,474 middleware → GET /api/v1/inventory/products/ | User: Anonymous | IP: 127.0.0.1
INFO 2026-06-10 17:04:28,474 middleware → GET /api/v1/inventory/products/ | User: Anonymous | IP: 127.0.0.1
INFO 2026-06-10 17:04:28,490 middleware ← GET /api/v1/inventory/products/ | Status: 200 | Duration: 0.01s
INFO 2026-06-10 17:04:28,490 middleware ← GET /api/v1/inventory/products/ | Status: 200 | Duration: 0.01s
INFO 2026-06-10 17:04:28,498 basehttp "GET /api/v1/inventory/products/ HTTP/1.1" 200 52
INFO 2026-06-10 17:04:28,498 basehttp "GET /api/v1/inventory/products/ HTTP/1.1" 200 52
INFO 2026-06-10 17:04:33,908 middleware → POST /api/v1/inventory/categories/ | User: Anonymous | IP: 127.0.0.1
INFO 2026-06-10 17:04:33,908 middleware → POST /api/v1/inventory/categories/ | User: Anonymous | IP: 127.0.0.1
INFO 2026-06-10 17:04:34,036 logging_utils AUDIT: admin@bizsmart.com - CREATE - inventory - POST /api/v1/inventory/categories/
INFO 2026-06-10 17:04:34,036 logging_utils AUDIT: admin@bizsmart.com - CREATE - inventory - POST /api/v1/inventory/categories/
INFO 2026-06-10 17:04:34,036 middleware ← POST /api/v1/inventory/categories/ | Status: 500 | Duration: 0.13s
INFO 2026-06-10 17:04:34,036 middleware ← POST /api/v1/inventory/categories/ | Status: 500 | Duration: 0.13s
ERROR 2026-06-10 17:04:34,037 basehttp "POST /api/v1/inventory/categories/ HTTP/1.1" 500 208506
ERROR 2026-06-10 17:04:34,037 basehttp "POST /api/v1/inventory/categories/ HTTP/1.1" 500 208506
INFO 2026-06-10 17:04:39,286 middleware → GET /api/v1/inventory/products/ | User: Anonymous | IP: 127.0.0.1
INFO 2026-06-10 17:04:39,288 middleware → GET /api/v1/inventory/categories/ | User: Anonymous | IP: 127.0.0.1
INFO 2026-06-10 17:04:39,288 middleware → GET /api/v1/inventory/categories/ | User: Anonymous | IP: 127.0.0.1
INFO 2026-06-10 17:04:39,289 middleware → GET /api/v1/inventory/suppliers/ | User: Anonymous | IP: 127.0.0.1
INFO 2026-06-10 17:04:39,286 middleware → GET /api/v1/inventory/products/ | User: Anonymous | IP: 127.0.0.1
INFO 2026-06-10 17:04:39,289 middleware → GET /api/v1/inventory/suppliers/ | User: Anonymous | IP: 127.0.0.1
INFO 2026-06-10 17:04:39,427 middleware ← GET /api/v1/inventory/categories/ | Status: 200 | Duration: 0.14s
INFO 2026-06-10 17:04:39,433 middleware ← GET /api/v1/inventory/products/ | Status: 200 | Duration: 0.15s
INFO 2026-06-10 17:04:39,427 middleware ← GET /api/v1/inventory/categories/ | Status: 200 | Duration: 0.14s
INFO 2026-06-10 17:04:39,433 middleware ← GET /api/v1/inventory/products/ | Status: 200 | Duration: 0.15s
INFO 2026-06-10 17:04:39,442 basehttp "GET /api/v1/inventory/categories/ HTTP/1.1" 200 52
INFO 2026-06-10 17:04:39,442 basehttp "GET /api/v1/inventory/categories/ HTTP/1.1" 200 52
INFO 2026-06-10 17:04:39,468 middleware → GET /api/v1/inventory/categories/ | User: Anonymous | IP: 127.0.0.1
INFO 2026-06-10 17:04:39,451 basehttp "GET /api/v1/inventory/products/ HTTP/1.1" 200 52
INFO 2026-06-10 17:04:39,451 basehttp "GET /api/v1/inventory/products/ HTTP/1.1" 200 52
INFO 2026-06-10 17:04:39,468 middleware → GET /api/v1/inventory/categories/ | User: Anonymous | IP: 127.0.0.1
INFO 2026-06-10 17:04:39,489 middleware → GET /api/v1/inventory/products/ | User: Anonymous | IP: 127.0.0.1
INFO 2026-06-10 17:04:39,508 middleware ← GET /api/v1/inventory/suppliers/ | Status: 200 | Duration: 0.22s
INFO 2026-06-10 17:04:39,508 middleware ← GET /api/v1/inventory/suppliers/ | Status: 200 | Duration: 0.22s
INFO 2026-06-10 17:04:39,489 middleware → GET /api/v1/inventory/products/ | User: Anonymous | IP: 127.0.0.1
INFO 2026-06-10 17:04:39,542 middleware → GET /api/v1/inventory/suppliers/ | User: Anonymous | IP: 127.0.0.1
INFO 2026-06-10 17:04:39,542 middleware → GET /api/v1/inventory/suppliers/ | User: Anonymous | IP: 127.0.0.1
INFO 2026-06-10 17:04:39,551 basehttp "GET /api/v1/inventory/suppliers/ HTTP/1.1" 200 291
INFO 2026-06-10 17:04:39,551 basehttp "GET /api/v1/inventory/suppliers/ HTTP/1.1" 200 291
INFO 2026-06-10 17:04:39,619 middleware ← GET /api/v1/inventory/suppliers/ | Status: 200 | Duration: 0.08s
INFO 2026-06-10 17:04:39,619 middleware ← GET /api/v1/inventory/suppliers/ | Status: 200 | Duration: 0.08s
INFO 2026-06-10 17:04:39,626 middleware ← GET /api/v1/inventory/categories/ | Status: 200 | Duration: 0.16s
INFO 2026-06-10 17:04:39,626 middleware ← GET /api/v1/inventory/categories/ | Status: 200 | Duration: 0.16s
INFO 2026-06-10 17:04:39,628 basehttp "GET /api/v1/inventory/suppliers/ HTTP/1.1" 200 291
INFO 2026-06-10 17:04:39,628 basehttp "GET /api/v1/inventory/suppliers/ HTTP/1.1" 200 291
INFO 2026-06-10 17:04:39,634 basehttp "GET /api/v1/inventory/categories/ HTTP/1.1" 200 52
INFO 2026-06-10 17:04:39,634 basehttp "GET /api/v1/inventory/categories/ HTTP/1.1" 200 52
INFO 2026-06-10 17:04:39,639 middleware ← GET /api/v1/inventory/products/ | Status: 200 | Duration: 0.15s
INFO 2026-06-10 17:04:39,639 middleware ← GET /api/v1/inventory/products/ | Status: 200 | Duration: 0.15s
INFO 2026-06-10 17:04:39,643 basehttp "GET /api/v1/inventory/products/ HTTP/1.1" 200 52
INFO 2026-06-10 17:04:39,643 basehttp "GET /api/v1/inventory/products/ HTTP/1.1" 200 52
INFO 2026-06-10 17:04:40,875 middleware → GET /api/v1/inventory/suppliers/ | User: Anonymous | IP: 127.0.0.1
INFO 2026-06-10 17:04:40,875 middleware → GET /api/v1/inventory/suppliers/ | User: Anonymous | IP: 127.0.0.1
INFO 2026-06-10 17:04:40,898 middleware ← GET /api/v1/inventory/suppliers/ | Status: 200 | Duration: 0.02s
INFO 2026-06-10 17:04:40,898 middleware ← GET /api/v1/inventory/suppliers/ | Status: 200 | Duration: 0.02s
INFO 2026-06-10 17:04:40,899 basehttp "GET /api/v1/inventory/suppliers/ HTTP/1.1" 200 291
INFO 2026-06-10 17:04:40,899 basehttp "GET /api/v1/inventory/suppliers/ HTTP/1.1" 200 291
INFO 2026-06-10 17:04:40,906 middleware → GET /api/v1/inventory/products/ | User: Anonymous | IP: 127.0.0.1
INFO 2026-06-10 17:04:40,906 middleware → GET /api/v1/inventory/products/ | User: Anonymous | IP: 127.0.0.1
INFO 2026-06-10 17:04:40,926 middleware → GET /api/v1/inventory/suppliers/ | User: Anonymous | IP: 127.0.0.1
INFO 2026-06-10 17:04:40,926 middleware → GET /api/v1/inventory/suppliers/ | User: Anonymous | IP: 127.0.0.1
INFO 2026-06-10 17:04:40,980 middleware ← GET /api/v1/inventory/products/ | Status: 200 | Duration: 0.07s
INFO 2026-06-10 17:04:40,980 middleware ← GET /api/v1/inventory/products/ | Status: 200 | Duration: 0.07s
INFO 2026-06-10 17:04:40,983 middleware ← GET /api/v1/inventory/suppliers/ | Status: 200 | Duration: 0.06s
INFO 2026-06-10 17:04:40,983 middleware ← GET /api/v1/inventory/suppliers/ | Status: 200 | Duration: 0.06s
INFO 2026-06-10 17:04:40,984 basehttp "GET /api/v1/inventory/products/ HTTP/1.1" 200 52
INFO 2026-06-10 17:04:40,984 basehttp "GET /api/v1/inventory/products/ HTTP/1.1" 200 52
INFO 2026-06-10 17:04:40,992 basehttp "GET /api/v1/inventory/suppliers/ HTTP/1.1" 200 291
INFO 2026-06-10 17:04:40,992 basehttp "GET /api/v1/inventory/suppliers/ HTTP/1.1" 200 291
INFO 2026-06-10 17:04:41,010 middleware → GET /api/v1/inventory/products/ | User: Anonymous | IP: 127.0.0.1
INFO 2026-06-10 17:04:41,010 middleware → GET /api/v1/inventory/products/ | User: Anonymous | IP: 127.0.0.1
INFO 2026-06-10 17:04:41,044 middleware ← GET /api/v1/inventory/products/ | Status: 200 | Duration: 0.03s
INFO 2026-06-10 17:04:41,044 middleware ← GET /api/v1/inventory/products/ | Status: 200 | Duration: 0.03s
INFO 2026-06-10 17:04:41,047 basehttp "GET /api/v1/inventory/products/ HTTP/1.1" 200 52
INFO 2026-06-10 17:04:41,047 basehttp "GET /api/v1/inventory/products/ HTTP/1.1" 200 52
INFO 2026-06-10 17:04:47,271 basehttp "OPTIONS /api/v1/inventory/suppliers/1/ HTTP/1.1" 200 0
INFO 2026-06-10 17:04:47,271 basehttp "OPTIONS /api/v1/inventory/suppliers/1/ HTTP/1.1" 200 0
INFO 2026-06-10 17:04:47,278 middleware → DELETE /api/v1/inventory/suppliers/1/ | User: Anonymous | IP: 127.0.0.1
INFO 2026-06-10 17:04:47,278 middleware → DELETE /api/v1/inventory/suppliers/1/ | User: Anonymous | IP: 127.0.0.1
INFO 2026-06-10 17:04:47,320 logging_utils AUDIT: admin@bizsmart.com - DELETE - inventory - DELETE /api/v1/inventory/suppliers/1/
INFO 2026-06-10 17:04:47,320 logging_utils AUDIT: admin@bizsmart.com - DELETE - inventory - DELETE /api/v1/inventory/suppliers/1/
INFO 2026-06-10 17:04:47,322 middleware ← DELETE /api/v1/inventory/suppliers/1/ | Status: 200 | Duration: 0.04s
INFO 2026-06-10 17:04:47,322 middleware ← DELETE /api/v1/inventory/suppliers/1/ | Status: 200 | Duration: 0.04s
INFO 2026-06-10 17:04:47,325 basehttp "DELETE /api/v1/inventory/suppliers/1/ HTTP/1.1" 200 47
INFO 2026-06-10 17:04:47,325 basehttp "DELETE /api/v1/inventory/suppliers/1/ HTTP/1.1" 200 47
INFO 2026-06-10 17:04:47,351 middleware → GET /api/v1/inventory/suppliers/ | User: Anonymous | IP: 127.0.0.1
INFO 2026-06-10 17:04:47,351 middleware → GET /api/v1/inventory/suppliers/ | User: Anonymous | IP: 127.0.0.1
INFO 2026-06-10 17:04:47,400 middleware ← GET /api/v1/inventory/suppliers/ | Status: 200 | Duration: 0.05s
INFO 2026-06-10 17:04:47,400 middleware ← GET /api/v1/inventory/suppliers/ | Status: 200 | Duration: 0.05s
INFO 2026-06-10 17:04:47,407 basehttp "GET /api/v1/inventory/suppliers/ HTTP/1.1" 200 52
INFO 2026-06-10 17:04:47,407 basehttp "GET /api/v1/inventory/suppliers/ HTTP/1.1" 200 52
INFO 2026-06-10 17:04:47,416 middleware → GET /api/v1/inventory/products/ | User: Anonymous | IP: 127.0.0.1
INFO 2026-06-10 17:04:47,416 middleware → GET /api/v1/inventory/products/ | User: Anonymous | IP: 127.0.0.1
INFO 2026-06-10 17:04:47,487 middleware ← GET /api/v1/inventory/products/ | Status: 200 | Duration: 0.07s
INFO 2026-06-10 17:04:47,487 middleware ← GET /api/v1/inventory/products/ | Status: 200 | Duration: 0.07s
INFO 2026-06-10 17:04:47,493 basehttp "GET /api/v1/inventory/products/ HTTP/1.1" 200 52
INFO 2026-06-10 17:04:47,493 basehttp "GET /api/v1/inventory/products/ HTTP/1.1" 200 52
INFO 2026-06-10 17:04:50,226 middleware → GET /api/v1/inventory/products/ | User: Anonymous | IP: 127.0.0.1
INFO 2026-06-10 17:04:50,227 middleware → GET /api/v1/inventory/suppliers/ | User: Anonymous | IP: 127.0.0.1
INFO 2026-06-10 17:04:50,228 middleware → GET /api/v1/inventory/categories/ | User: Anonymous | IP: 127.0.0.1
INFO 2026-06-10 17:04:50,226 middleware → GET /api/v1/inventory/products/ | User: Anonymous | IP: 127.0.0.1
INFO 2026-06-10 17:04:50,227 middleware → GET /api/v1/inventory/suppliers/ | User: Anonymous | IP: 127.0.0.1
INFO 2026-06-10 17:04:50,228 middleware → GET /api/v1/inventory/categories/ | User: Anonymous | IP: 127.0.0.1
INFO 2026-06-10 17:04:50,265 middleware ← GET /api/v1/inventory/products/ | Status: 200 | Duration: 0.04s
INFO 2026-06-10 17:04:50,265 middleware ← GET /api/v1/inventory/products/ | Status: 200 | Duration: 0.04s
INFO 2026-06-10 17:04:50,271 basehttp "GET /api/v1/inventory/products/ HTTP/1.1" 200 52
INFO 2026-06-10 17:04:50,271 basehttp "GET /api/v1/inventory/products/ HTTP/1.1" 200 52
INFO 2026-06-10 17:04:50,278 middleware → GET /api/v1/inventory/products/ | User: Anonymous | IP: 127.0.0.1
INFO 2026-06-10 17:04:50,278 middleware → GET /api/v1/inventory/products/ | User: Anonymous | IP: 127.0.0.1
INFO 2026-06-10 17:04:50,316 middleware ← GET /api/v1/inventory/suppliers/ | Status: 200 | Duration: 0.09s
INFO 2026-06-10 17:04:50,316 middleware ← GET /api/v1/inventory/suppliers/ | Status: 200 | Duration: 0.09s
INFO 2026-06-10 17:04:50,317 basehttp "GET /api/v1/inventory/suppliers/ HTTP/1.1" 200 52
INFO 2026-06-10 17:04:50,317 basehttp "GET /api/v1/inventory/suppliers/ HTTP/1.1" 200 52
INFO 2026-06-10 17:04:50,323 middleware → GET /api/v1/inventory/suppliers/ | User: Anonymous | IP: 127.0.0.1
INFO 2026-06-10 17:04:50,323 middleware → GET /api/v1/inventory/suppliers/ | User: Anonymous | IP: 127.0.0.1
INFO 2026-06-10 17:04:50,349 middleware ← GET /api/v1/inventory/categories/ | Status: 200 | Duration: 0.12s
INFO 2026-06-10 17:04:50,349 middleware ← GET /api/v1/inventory/categories/ | Status: 200 | Duration: 0.12s
INFO 2026-06-10 17:04:50,351 basehttp "GET /api/v1/inventory/categories/ HTTP/1.1" 200 52
INFO 2026-06-10 17:04:50,351 basehttp "GET /api/v1/inventory/categories/ HTTP/1.1" 200 52
INFO 2026-06-10 17:04:50,371 middleware → GET /api/v1/inventory/categories/ | User: Anonymous | IP: 127.0.0.1
INFO 2026-06-10 17:04:50,371 middleware → GET /api/v1/inventory/categories/ | User: Anonymous | IP: 127.0.0.1
INFO 2026-06-10 17:04:50,391 middleware ← GET /api/v1/inventory/products/ | Status: 200 | Duration: 0.11s
INFO 2026-06-10 17:04:50,391 middleware ← GET /api/v1/inventory/products/ | Status: 200 | Duration: 0.11s
INFO 2026-06-10 17:04:50,394 basehttp "GET /api/v1/inventory/products/ HTTP/1.1" 200 52
INFO 2026-06-10 17:04:50,394 basehttp "GET /api/v1/inventory/products/ HTTP/1.1" 200 52
INFO 2026-06-10 17:04:50,463 middleware ← GET /api/v1/inventory/suppliers/ | Status: 200 | Duration: 0.14s
INFO 2026-06-10 17:04:50,463 middleware ← GET /api/v1/inventory/suppliers/ | Status: 200 | Duration: 0.14s
INFO 2026-06-10 17:04:50,472 basehttp "GET /api/v1/inventory/suppliers/ HTTP/1.1" 200 52
INFO 2026-06-10 17:04:50,474 middleware ← GET /api/v1/inventory/categories/ | Status: 200 | Duration: 0.10s
INFO 2026-06-10 17:04:50,472 basehttp "GET /api/v1/inventory/suppliers/ HTTP/1.1" 200 52
INFO 2026-06-10 17:04:50,474 middleware ← GET /api/v1/inventory/categories/ | Status: 200 | Duration: 0.10s
INFO 2026-06-10 17:04:50,484 basehttp "GET /api/v1/inventory/categories/ HTTP/1.1" 200 52
INFO 2026-06-10 17:04:50,484 basehttp "GET /api/v1/inventory/categories/ HTTP/1.1" 200 52
INFO 2026-06-10 17:05:31,842 middleware → POST /api/v1/inventory/products/ | User: Anonymous | IP: 127.0.0.1
INFO 2026-06-10 17:05:31,842 middleware → POST /api/v1/inventory/products/ | User: Anonymous | IP: 127.0.0.1
INFO 2026-06-10 17:05:31,900 logging_utils AUDIT: admin@bizsmart.com - CREATE - inventory - POST /api/v1/inventory/products/
INFO 2026-06-10 17:05:31,900 logging_utils AUDIT: admin@bizsmart.com - CREATE - inventory - POST /api/v1/inventory/products/
INFO 2026-06-10 17:05:31,901 middleware ← POST /api/v1/inventory/products/ | Status: 201 | Duration: 0.06s
INFO 2026-06-10 17:05:31,901 middleware ← POST /api/v1/inventory/products/ | Status: 201 | Duration: 0.06s
INFO 2026-06-10 17:05:31,905 basehttp "POST /api/v1/inventory/products/ HTTP/1.1" 201 511
INFO 2026-06-10 17:05:31,905 basehttp "POST /api/v1/inventory/products/ HTTP/1.1" 201 511
INFO 2026-06-10 17:05:31,933 middleware → GET /api/v1/inventory/products/ | User: Anonymous | IP: 127.0.0.1
INFO 2026-06-10 17:05:31,933 middleware → GET /api/v1/inventory/products/ | User: Anonymous | IP: 127.0.0.1
INFO 2026-06-10 17:05:31,948 middleware → GET /api/v1/inventory/categories/ | User: Anonymous | IP: 127.0.0.1
INFO 2026-06-10 17:05:31,948 middleware → GET /api/v1/inventory/categories/ | User: Anonymous | IP: 127.0.0.1
INFO 2026-06-10 17:05:31,957 middleware → GET /api/v1/inventory/suppliers/ | User: Anonymous | IP: 127.0.0.1
INFO 2026-06-10 17:05:31,957 middleware → GET /api/v1/inventory/suppliers/ | User: Anonymous | IP: 127.0.0.1
INFO 2026-06-10 17:05:32,097 middleware ← GET /api/v1/inventory/categories/ | Status: 200 | Duration: 0.15s
INFO 2026-06-10 17:05:32,097 middleware ← GET /api/v1/inventory/categories/ | Status: 200 | Duration: 0.15s
INFO 2026-06-10 17:05:32,103 middleware ← GET /api/v1/inventory/suppliers/ | Status: 200 | Duration: 0.15s
INFO 2026-06-10 17:05:32,103 middleware ← GET /api/v1/inventory/suppliers/ | Status: 200 | Duration: 0.15s
INFO 2026-06-10 17:05:32,109 basehttp "GET /api/v1/inventory/categories/ HTTP/1.1" 200 52
INFO 2026-06-10 17:05:32,109 basehttp "GET /api/v1/inventory/categories/ HTTP/1.1" 200 52
INFO 2026-06-10 17:05:32,115 basehttp "GET /api/v1/inventory/suppliers/ HTTP/1.1" 200 52
INFO 2026-06-10 17:05:32,115 basehttp "GET /api/v1/inventory/suppliers/ HTTP/1.1" 200 52
INFO 2026-06-10 17:05:32,148 middleware ← GET /api/v1/inventory/products/ | Status: 200 | Duration: 0.22s
INFO 2026-06-10 17:05:32,148 middleware ← GET /api/v1/inventory/products/ | Status: 200 | Duration: 0.22s
INFO 2026-06-10 17:05:32,158 basehttp "GET /api/v1/inventory/products/ HTTP/1.1" 200 563
INFO 2026-06-10 17:05:32,158 basehttp "GET /api/v1/inventory/products/ HTTP/1.1" 200 563
INFO 2026-06-10 17:05:37,775 basehttp "OPTIONS /api/v1/inventory/products/1/ HTTP/1.1" 200 0
INFO 2026-06-10 17:05:37,775 basehttp "OPTIONS /api/v1/inventory/products/1/ HTTP/1.1" 200 0
INFO 2026-06-10 17:05:37,777 middleware → DELETE /api/v1/inventory/products/1/ | User: Anonymous | IP: 127.0.0.1
INFO 2026-06-10 17:05:37,777 middleware → DELETE /api/v1/inventory/products/1/ | User: Anonymous | IP: 127.0.0.1
INFO 2026-06-10 17:05:37,797 logging_utils AUDIT: admin@bizsmart.com - DELETE - inventory - DELETE /api/v1/inventory/products/1/
INFO 2026-06-10 17:05:37,797 logging_utils AUDIT: admin@bizsmart.com - DELETE - inventory - DELETE /api/v1/inventory/products/1/
INFO 2026-06-10 17:05:37,798 middleware ← DELETE /api/v1/inventory/products/1/ | Status: 200 | Duration: 0.02s
INFO 2026-06-10 17:05:37,798 middleware ← DELETE /api/v1/inventory/products/1/ | Status: 200 | Duration: 0.02s
INFO 2026-06-10 17:05:37,801 basehttp "DELETE /api/v1/inventory/products/1/ HTTP/1.1" 200 74
INFO 2026-06-10 17:05:37,801 basehttp "DELETE /api/v1/inventory/products/1/ HTTP/1.1" 200 74
INFO 2026-06-10 17:05:37,814 middleware → GET /api/v1/inventory/products/ | User: Anonymous | IP: 127.0.0.1
INFO 2026-06-10 17:05:37,814 middleware → GET /api/v1/inventory/products/ | User: Anonymous | IP: 127.0.0.1
INFO 2026-06-10 17:05:37,828 middleware → GET /api/v1/inventory/suppliers/ | User: Anonymous | IP: 127.0.0.1
INFO 2026-06-10 17:05:37,828 middleware → GET /api/v1/inventory/suppliers/ | User: Anonymous | IP: 127.0.0.1
INFO 2026-06-10 17:05:37,831 middleware → GET /api/v1/inventory/categories/ | User: Anonymous | IP: 127.0.0.1
INFO 2026-06-10 17:05:37,831 middleware → GET /api/v1/inventory/categories/ | User: Anonymous | IP: 127.0.0.1
INFO 2026-06-10 17:05:37,941 middleware ← GET /api/v1/inventory/products/ | Status: 200 | Duration: 0.13s
INFO 2026-06-10 17:05:37,941 middleware ← GET /api/v1/inventory/products/ | Status: 200 | Duration: 0.13s
INFO 2026-06-10 17:05:37,950 basehttp "GET /api/v1/inventory/products/ HTTP/1.1" 200 52
INFO 2026-06-10 17:05:37,954 middleware ← GET /api/v1/inventory/suppliers/ | Status: 200 | Duration: 0.13s
INFO 2026-06-10 17:05:37,954 middleware ← GET /api/v1/inventory/suppliers/ | Status: 200 | Duration: 0.13s
INFO 2026-06-10 17:05:37,950 basehttp "GET /api/v1/inventory/products/ HTTP/1.1" 200 52
INFO 2026-06-10 17:05:37,967 basehttp "GET /api/v1/inventory/suppliers/ HTTP/1.1" 200 52
INFO 2026-06-10 17:05:37,967 basehttp "GET /api/v1/inventory/suppliers/ HTTP/1.1" 200 52
INFO 2026-06-10 17:05:37,960 middleware ← GET /api/v1/inventory/categories/ | Status: 200 | Duration: 0.13s
INFO 2026-06-10 17:05:37,960 middleware ← GET /api/v1/inventory/categories/ | Status: 200 | Duration: 0.13s
INFO 2026-06-10 17:05:37,977 basehttp "GET /api/v1/inventory/categories/ HTTP/1.1" 200 52
INFO 2026-06-10 17:05:37,977 basehttp "GET /api/v1/inventory/categories/ HTTP/1.1" 200 52
INFO 2026-06-10 17:05:48,916 basehttp "OPTIONS /api/v1/financials/transactions/?page=1&page_size=20 HTTP/1.1" 200 0
INFO 2026-06-10 17:05:48,916 basehttp "OPTIONS /api/v1/financials/transactions/?page=1&page_size=20 HTTP/1.1" 200 0
INFO 2026-06-10 17:05:48,916 basehttp "OPTIONS /api/v1/financials/transactions/?page=1&page_size=20 HTTP/1.1" 200 0
INFO 2026-06-10 17:05:48,916 basehttp "OPTIONS /api/v1/financials/transactions/?page=1&page_size=20 HTTP/1.1" 200 0
INFO 2026-06-10 17:05:48,920 middleware → GET /api/v1/financials/transactions/ | User: Anonymous | IP: 127.0.0.1
INFO 2026-06-10 17:05:48,920 middleware → GET /api/v1/financials/transactions/ | User: Anonymous | IP: 127.0.0.1
INFO 2026-06-10 17:05:48,934 middleware ← GET /api/v1/financials/transactions/ | Status: 200 | Duration: 0.01s
INFO 2026-06-10 17:05:48,934 middleware ← GET /api/v1/financials/transactions/ | Status: 200 | Duration: 0.01s
INFO 2026-06-10 17:05:48,936 basehttp "GET /api/v1/financials/transactions/?page=1&page_size=20 HTTP/1.1" 200 52
INFO 2026-06-10 17:05:48,936 basehttp "GET /api/v1/financials/transactions/?page=1&page_size=20 HTTP/1.1" 200 52
INFO 2026-06-10 17:05:49,009 middleware → GET /api/v1/financials/transactions/ | User: Anonymous | IP: 127.0.0.1
INFO 2026-06-10 17:05:49,009 middleware → GET /api/v1/financials/transactions/ | User: Anonymous | IP: 127.0.0.1
INFO 2026-06-10 17:05:49,042 middleware ← GET /api/v1/financials/transactions/ | Status: 200 | Duration: 0.09s
INFO 2026-06-10 17:05:49,042 middleware ← GET /api/v1/financials/transactions/ | Status: 200 | Duration: 0.09s
INFO 2026-06-10 17:05:49,045 basehttp "GET /api/v1/financials/transactions/?page=1&page_size=20 HTTP/1.1" 200 52
INFO 2026-06-10 17:05:49,045 basehttp "GET /api/v1/financials/transactions/?page=1&page_size=20 HTTP/1.1" 200 52
INFO 2026-06-10 17:06:06,042 basehttp "OPTIONS /api/v1/financials/transactions/ HTTP/1.1" 200 0
INFO 2026-06-10 17:06:06,042 basehttp "OPTIONS /api/v1/financials/transactions/ HTTP/1.1" 200 0
INFO 2026-06-10 17:06:06,056 middleware → POST /api/v1/financials/transactions/ | User: Anonymous | IP: 127.0.0.1
INFO 2026-06-10 17:06:06,056 middleware → POST /api/v1/financials/transactions/ | User: Anonymous | IP: 127.0.0.1
INFO 2026-06-10 17:06:06,090 logging_utils AUDIT: admin@bizsmart.com - CREATE - financials - POST /api/v1/financials/transactions/
INFO 2026-06-10 17:06:06,090 logging_utils AUDIT: admin@bizsmart.com - CREATE - financials - POST /api/v1/financials/transactions/
INFO 2026-06-10 17:06:06,090 middleware ← POST /api/v1/financials/transactions/ | Status: 201 | Duration: 0.03s
INFO 2026-06-10 17:06:06,090 middleware ← POST /api/v1/financials/transactions/ | Status: 201 | Duration: 0.03s
INFO 2026-06-10 17:06:06,093 basehttp "POST /api/v1/financials/transactions/ HTTP/1.1" 201 422
INFO 2026-06-10 17:06:06,093 basehttp "POST /api/v1/financials/transactions/ HTTP/1.1" 201 422
INFO 2026-06-10 17:06:06,111 middleware → GET /api/v1/financials/transactions/ | User: Anonymous | IP: 127.0.0.1
INFO 2026-06-10 17:06:06,111 middleware → GET /api/v1/financials/transactions/ | User: Anonymous | IP: 127.0.0.1
INFO 2026-06-10 17:06:06,179 middleware ← GET /api/v1/financials/transactions/ | Status: 200 | Duration: 0.07s
INFO 2026-06-10 17:06:06,179 middleware ← GET /api/v1/financials/transactions/ | Status: 200 | Duration: 0.07s
INFO 2026-06-10 17:06:06,181 basehttp "GET /api/v1/financials/transactions/?page=1&page_size=20 HTTP/1.1" 200 474
INFO 2026-06-10 17:06:06,181 basehttp "GET /api/v1/financials/transactions/?page=1&page_size=20 HTTP/1.1" 200 474
INFO 2026-06-10 17:06:14,041 basehttp "OPTIONS /api/v1/financials/transactions/1/ HTTP/1.1" 200 0
INFO 2026-06-10 17:06:14,041 basehttp "OPTIONS /api/v1/financials/transactions/1/ HTTP/1.1" 200 0
INFO 2026-06-10 17:06:14,044 middleware → DELETE /api/v1/financials/transactions/1/ | User: Anonymous | IP: 127.0.0.1
INFO 2026-06-10 17:06:14,044 middleware → DELETE /api/v1/financials/transactions/1/ | User: Anonymous | IP: 127.0.0.1
INFO 2026-06-10 17:06:14,068 logging_utils AUDIT: admin@bizsmart.com - DELETE - financials - DELETE /api/v1/financials/transactions/1/
INFO 2026-06-10 17:06:14,068 logging_utils AUDIT: admin@bizsmart.com - DELETE - financials - DELETE /api/v1/financials/transactions/1/
INFO 2026-06-10 17:06:14,069 middleware ← DELETE /api/v1/financials/transactions/1/ | Status: 204 | Duration: 0.02s
INFO 2026-06-10 17:06:14,069 middleware ← DELETE /api/v1/financials/transactions/1/ | Status: 204 | Duration: 0.02s
INFO 2026-06-10 17:06:14,071 basehttp "DELETE /api/v1/financials/transactions/1/ HTTP/1.1" 204 0
INFO 2026-06-10 17:06:14,071 basehttp "DELETE /api/v1/financials/transactions/1/ HTTP/1.1" 204 0
INFO 2026-06-10 17:06:14,085 middleware → GET /api/v1/financials/transactions/ | User: Anonymous | IP: 127.0.0.1
INFO 2026-06-10 17:06:14,085 middleware → GET /api/v1/financials/transactions/ | User: Anonymous | IP: 127.0.0.1
INFO 2026-06-10 17:06:14,138 middleware ← GET /api/v1/financials/transactions/ | Status: 200 | Duration: 0.05s
INFO 2026-06-10 17:06:14,138 middleware ← GET /api/v1/financials/transactions/ | Status: 200 | Duration: 0.05s
INFO 2026-06-10 17:06:14,145 basehttp "GET /api/v1/financials/transactions/?page=1&page_size=20 HTTP/1.1" 200 52
INFO 2026-06-10 17:06:14,145 basehttp "GET /api/v1/financials/transactions/?page=1&page_size=20 HTTP/1.1" 200 52
INFO 2026-06-10 17:06:22,602 basehttp "OPTIONS /api/v1/auth/audit-logs/modules/ HTTP/1.1" 200 0
INFO 2026-06-10 17:06:22,602 basehttp "OPTIONS /api/v1/auth/audit-logs/modules/ HTTP/1.1" 200 0
INFO 2026-06-10 17:06:22,608 middleware → GET /api/v1/auth/audit-logs/actions/ | User: Anonymous | IP: 127.0.0.1
INFO 2026-06-10 17:06:22,608 middleware → GET /api/v1/auth/audit-logs/actions/ | User: Anonymous | IP: 127.0.0.1
INFO 2026-06-10 17:06:22,612 basehttp "OPTIONS /api/v1/auth/audit-logs/actions/ HTTP/1.1" 200 0
INFO 2026-06-10 17:06:22,612 basehttp "OPTIONS /api/v1/auth/audit-logs/actions/ HTTP/1.1" 200 0
INFO 2026-06-10 17:06:22,614 basehttp "OPTIONS /api/v1/auth/audit-logs/modules/ HTTP/1.1" 200 0
INFO 2026-06-10 17:06:22,614 basehttp "OPTIONS /api/v1/auth/audit-logs/modules/ HTTP/1.1" 200 0
INFO 2026-06-10 17:06:22,615 basehttp "OPTIONS /api/v1/auth/audit-logs/actions/ HTTP/1.1" 200 0
INFO 2026-06-10 17:06:22,615 basehttp "OPTIONS /api/v1/auth/audit-logs/actions/ HTTP/1.1" 200 0
INFO 2026-06-10 17:06:22,613 basehttp "OPTIONS /api/v1/auth/audit-logs/?start_date=&end_date=&action=&module=&page=1&page_size=50 HTTP/1.1" 200 0
INFO 2026-06-10 17:06:22,613 basehttp "OPTIONS /api/v1/auth/audit-logs/?start_date=&end_date=&action=&module=&page=1&page_size=50 HTTP/1.1" 200 0
INFO 2026-06-10 17:06:22,642 basehttp "OPTIONS /api/v1/auth/audit-logs/?start_date=&end_date=&action=&module=&page=1&page_size=50 HTTP/1.1" 200 0
INFO 2026-06-10 17:06:22,642 basehttp "OPTIONS /api/v1/auth/audit-logs/?start_date=&end_date=&action=&module=&page=1&page_size=50 HTTP/1.1" 200 0
INFO 2026-06-10 17:06:22,629 middleware → GET /api/v1/auth/audit-logs/ | User: Anonymous | IP: 127.0.0.1
INFO 2026-06-10 17:06:22,629 middleware → GET /api/v1/auth/audit-logs/ | User: Anonymous | IP: 127.0.0.1
INFO 2026-06-10 17:06:22,639 middleware → GET /api/v1/auth/audit-logs/stats/ | User: Anonymous | IP: 127.0.0.1
INFO 2026-06-10 17:06:22,639 middleware → GET /api/v1/auth/audit-logs/stats/ | User: Anonymous | IP: 127.0.0.1
INFO 2026-06-10 17:06:22,663 basehttp "OPTIONS /api/v1/auth/audit-logs/stats/ HTTP/1.1" 200 0
INFO 2026-06-10 17:06:22,663 basehttp "OPTIONS /api/v1/auth/audit-logs/stats/ HTTP/1.1" 200 0
INFO 2026-06-10 17:06:22,614 basehttp "OPTIONS /api/v1/auth/audit-logs/stats/ HTTP/1.1" 200 0
INFO 2026-06-10 17:06:22,614 basehttp "OPTIONS /api/v1/auth/audit-logs/stats/ HTTP/1.1" 200 0
INFO 2026-06-10 17:06:22,674 middleware → GET /api/v1/auth/audit-logs/modules/ | User: Anonymous | IP: 127.0.0.1
INFO 2026-06-10 17:06:22,674 middleware → GET /api/v1/auth/audit-logs/modules/ | User: Anonymous | IP: 127.0.0.1
INFO 2026-06-10 17:06:22,700 middleware ← GET /api/v1/auth/audit-logs/actions/ | Status: 200 | Duration: 0.09s
INFO 2026-06-10 17:06:22,700 middleware ← GET /api/v1/auth/audit-logs/actions/ | Status: 200 | Duration: 0.09s
INFO 2026-06-10 17:06:22,717 basehttp "GET /api/v1/auth/audit-logs/actions/ HTTP/1.1" 200 283
INFO 2026-06-10 17:06:22,717 basehttp "GET /api/v1/auth/audit-logs/actions/ HTTP/1.1" 200 283
INFO 2026-06-10 17:06:22,719 middleware ← GET /api/v1/auth/audit-logs/modules/ | Status: 200 | Duration: 0.04s
INFO 2026-06-10 17:06:22,719 middleware ← GET /api/v1/auth/audit-logs/modules/ | Status: 200 | Duration: 0.04s
INFO 2026-06-10 17:06:22,724 basehttp "GET /api/v1/auth/audit-logs/modules/ HTTP/1.1" 200 289
INFO 2026-06-10 17:06:22,724 basehttp "GET /api/v1/auth/audit-logs/modules/ HTTP/1.1" 200 289
INFO 2026-06-10 17:06:22,729 middleware → GET /api/v1/auth/audit-logs/modules/ | User: Anonymous | IP: 127.0.0.1
INFO 2026-06-10 17:06:22,729 middleware → GET /api/v1/auth/audit-logs/modules/ | User: Anonymous | IP: 127.0.0.1
INFO 2026-06-10 17:06:22,742 middleware → GET /api/v1/auth/audit-logs/actions/ | User: Anonymous | IP: 127.0.0.1
INFO 2026-06-10 17:06:22,746 middleware ← GET /api/v1/auth/audit-logs/modules/ | Status: 200 | Duration: 0.02s
INFO 2026-06-10 17:06:22,746 middleware ← GET /api/v1/auth/audit-logs/stats/ | Status: 200 | Duration: 0.11s
INFO 2026-06-10 17:06:22,742 middleware → GET /api/v1/auth/audit-logs/actions/ | User: Anonymous | IP: 127.0.0.1
INFO 2026-06-10 17:06:22,746 middleware ← GET /api/v1/auth/audit-logs/modules/ | Status: 200 | Duration: 0.02s
INFO 2026-06-10 17:06:22,746 middleware ← GET /api/v1/auth/audit-logs/stats/ | Status: 200 | Duration: 0.11s
INFO 2026-06-10 17:06:22,759 basehttp "GET /api/v1/auth/audit-logs/modules/ HTTP/1.1" 200 289
INFO 2026-06-10 17:06:22,759 basehttp "GET /api/v1/auth/audit-logs/modules/ HTTP/1.1" 200 289
INFO 2026-06-10 17:06:22,765 basehttp "GET /api/v1/auth/audit-logs/stats/ HTTP/1.1" 200 304
INFO 2026-06-10 17:06:22,765 basehttp "GET /api/v1/auth/audit-logs/stats/ HTTP/1.1" 200 304
INFO 2026-06-10 17:06:22,774 middleware → GET /api/v1/auth/audit-logs/stats/ | User: Anonymous | IP: 127.0.0.1
INFO 2026-06-10 17:06:22,774 middleware → GET /api/v1/auth/audit-logs/stats/ | User: Anonymous | IP: 127.0.0.1
INFO 2026-06-10 17:06:22,815 middleware ← GET /api/v1/auth/audit-logs/actions/ | Status: 200 | Duration: 0.07s
INFO 2026-06-10 17:06:22,815 middleware ← GET /api/v1/auth/audit-logs/actions/ | Status: 200 | Duration: 0.07s
INFO 2026-06-10 17:06:22,820 basehttp "GET /api/v1/auth/audit-logs/actions/ HTTP/1.1" 200 283
INFO 2026-06-10 17:06:22,820 basehttp "GET /api/v1/auth/audit-logs/actions/ HTTP/1.1" 200 283
INFO 2026-06-10 17:06:22,874 middleware ← GET /api/v1/auth/audit-logs/ | Status: 200 | Duration: 0.24s
INFO 2026-06-10 17:06:22,874 middleware ← GET /api/v1/auth/audit-logs/ | Status: 200 | Duration: 0.24s
INFO 2026-06-10 17:06:22,884 basehttp "GET /api/v1/auth/audit-logs/?start_date=&end_date=&action=&module=&page=1&page_size=50 HTTP/1.1" 200 5739
INFO 2026-06-10 17:06:22,897 middleware → GET /api/v1/auth/audit-logs/ | User: Anonymous | IP: 127.0.0.1
INFO 2026-06-10 17:06:22,884 basehttp "GET /api/v1/auth/audit-logs/?start_date=&end_date=&action=&module=&page=1&page_size=50 HTTP/1.1" 200 5739
INFO 2026-06-10 17:06:22,897 middleware → GET /api/v1/auth/audit-logs/ | User: Anonymous | IP: 127.0.0.1
INFO 2026-06-10 17:06:22,954 middleware ← GET /api/v1/auth/audit-logs/stats/ | Status: 200 | Duration: 0.18s
INFO 2026-06-10 17:06:22,954 middleware ← GET /api/v1/auth/audit-logs/stats/ | Status: 200 | Duration: 0.18s
INFO 2026-06-10 17:06:22,977 basehttp "GET /api/v1/auth/audit-logs/stats/ HTTP/1.1" 200 304
INFO 2026-06-10 17:06:22,977 basehttp "GET /api/v1/auth/audit-logs/stats/ HTTP/1.1" 200 304
INFO 2026-06-10 17:06:23,047 middleware ← GET /api/v1/auth/audit-logs/ | Status: 200 | Duration: 0.15s
INFO 2026-06-10 17:06:23,047 middleware ← GET /api/v1/auth/audit-logs/ | Status: 200 | Duration: 0.15s
INFO 2026-06-10 17:06:23,058 basehttp "GET /api/v1/auth/audit-logs/?start_date=&end_date=&action=&module=&page=1&page_size=50 HTTP/1.1" 200 5739
INFO 2026-06-10 17:06:23,058 basehttp "GET /api/v1/auth/audit-logs/?start_date=&end_date=&action=&module=&page=1&page_size=50 HTTP/1.1" 200 5739
INFO 2026-06-10 17:06:53,407 basehttp "OPTIONS /api/v1/sales/items/ HTTP/1.1" 200 0
INFO 2026-06-10 17:06:53,407 basehttp "OPTIONS /api/v1/sales/items/ HTTP/1.1" 200 0
INFO 2026-06-10 17:06:53,407 basehttp "OPTIONS /api/v1/sales/items/ HTTP/1.1" 200 0
INFO 2026-06-10 17:06:53,407 basehttp "OPTIONS /api/v1/sales/items/ HTTP/1.1" 200 0
INFO 2026-06-10 17:06:53,413 middleware → GET /api/v1/sales/items/ | User: Anonymous | IP: 127.0.0.1
INFO 2026-06-10 17:06:53,413 middleware → GET /api/v1/sales/items/ | User: Anonymous | IP: 127.0.0.1
INFO 2026-06-10 17:06:53,443 middleware ← GET /api/v1/sales/items/ | Status: 200 | Duration: 0.03s
INFO 2026-06-10 17:06:53,443 middleware ← GET /api/v1/sales/items/ | Status: 200 | Duration: 0.03s
INFO 2026-06-10 17:06:53,445 basehttp "GET /api/v1/sales/items/ HTTP/1.1" 200 52
INFO 2026-06-10 17:06:53,445 basehttp "GET /api/v1/sales/items/ HTTP/1.1" 200 52
INFO 2026-06-10 17:06:53,448 middleware → GET /api/v1/sales/items/ | User: Anonymous | IP: 127.0.0.1
INFO 2026-06-10 17:06:53,448 middleware → GET /api/v1/sales/items/ | User: Anonymous | IP: 127.0.0.1
INFO 2026-06-10 17:06:53,501 middleware ← GET /api/v1/sales/items/ | Status: 200 | Duration: 0.05s
INFO 2026-06-10 17:06:53,501 middleware ← GET /api/v1/sales/items/ | Status: 200 | Duration: 0.05s
INFO 2026-06-10 17:06:53,510 basehttp "GET /api/v1/sales/items/ HTTP/1.1" 200 52
INFO 2026-06-10 17:06:53,510 basehttp "GET /api/v1/sales/items/ HTTP/1.1" 200 52
INFO 2026-06-10 17:06:59,947 middleware → GET /api/v1/sales/customers/ | User: Anonymous | IP: 127.0.0.1
INFO 2026-06-10 17:06:59,947 middleware → GET /api/v1/sales/customers/ | User: Anonymous | IP: 127.0.0.1
INFO 2026-06-10 17:06:59,961 middleware ← GET /api/v1/sales/customers/ | Status: 200 | Duration: 0.01s
INFO 2026-06-10 17:06:59,961 middleware ← GET /api/v1/sales/customers/ | Status: 200 | Duration: 0.01s
INFO 2026-06-10 17:06:59,962 basehttp "GET /api/v1/sales/customers/ HTTP/1.1" 200 52
INFO 2026-06-10 17:06:59,962 basehttp "GET /api/v1/sales/customers/ HTTP/1.1" 200 52
INFO 2026-06-10 17:06:59,969 middleware → GET /api/v1/sales/customers/ | User: Anonymous | IP: 127.0.0.1
INFO 2026-06-10 17:06:59,969 middleware → GET /api/v1/sales/customers/ | User: Anonymous | IP: 127.0.0.1
INFO 2026-06-10 17:07:00,049 middleware ← GET /api/v1/sales/customers/ | Status: 200 | Duration: 0.08s
INFO 2026-06-10 17:07:00,049 middleware ← GET /api/v1/sales/customers/ | Status: 200 | Duration: 0.08s
INFO 2026-06-10 17:07:00,053 basehttp "GET /api/v1/sales/customers/ HTTP/1.1" 200 52
INFO 2026-06-10 17:07:00,053 basehttp "GET /api/v1/sales/customers/ HTTP/1.1" 200 52
INFO 2026-06-10 17:07:17,165 middleware → POST /api/v1/sales/customers/ | User: Anonymous | IP: 127.0.0.1
INFO 2026-06-10 17:07:17,165 middleware → POST /api/v1/sales/customers/ | User: Anonymous | IP: 127.0.0.1
INFO 2026-06-10 17:07:17,185 logging_utils AUDIT: admin@bizsmart.com - CREATE - sales - POST /api/v1/sales/customers/
INFO 2026-06-10 17:07:17,185 logging_utils AUDIT: admin@bizsmart.com - CREATE - sales - POST /api/v1/sales/customers/
INFO 2026-06-10 17:07:17,186 middleware ← POST /api/v1/sales/customers/ | Status: 400 | Duration: 0.02s
INFO 2026-06-10 17:07:17,186 middleware ← POST /api/v1/sales/customers/ | Status: 400 | Duration: 0.02s
WARNING 2026-06-10 17:07:17,190 basehttp "POST /api/v1/sales/customers/ HTTP/1.1" 400 40
WARNING 2026-06-10 17:07:17,190 basehttp "POST /api/v1/sales/customers/ HTTP/1.1" 400 40
INFO 2026-06-10 17:07:24,745 middleware → POST /api/v1/sales/customers/ | User: Anonymous | IP: 127.0.0.1
INFO 2026-06-10 17:07:24,745 middleware → POST /api/v1/sales/customers/ | User: Anonymous | IP: 127.0.0.1
INFO 2026-06-10 17:07:24,767 logging_utils AUDIT: admin@bizsmart.com - CREATE - sales - POST /api/v1/sales/customers/
INFO 2026-06-10 17:07:24,767 logging_utils AUDIT: admin@bizsmart.com - CREATE - sales - POST /api/v1/sales/customers/
INFO 2026-06-10 17:07:24,767 middleware ← POST /api/v1/sales/customers/ | Status: 400 | Duration: 0.02s
INFO 2026-06-10 17:07:24,767 middleware ← POST /api/v1/sales/customers/ | Status: 400 | Duration: 0.02s
WARNING 2026-06-10 17:07:24,768 basehttp "POST /api/v1/sales/customers/ HTTP/1.1" 400 40
WARNING 2026-06-10 17:07:24,768 basehttp "POST /api/v1/sales/customers/ HTTP/1.1" 400 40
INFO 2026-06-10 17:08:08,513 middleware → GET /admin/ | User: admin@bizsmart.com | IP: 127.0.0.1
INFO 2026-06-10 17:08:08,513 middleware → GET /admin/ | User: admin@bizsmart.com | IP: 127.0.0.1
INFO 2026-06-10 17:08:09,072 middleware ← GET /admin/ | Status: 200 | Duration: 0.61s
INFO 2026-06-10 17:08:09,072 middleware ← GET /admin/ | Status: 200 | Duration: 0.61s
INFO 2026-06-10 17:08:09,074 basehttp "GET /admin/ HTTP/1.1" 200 20437
INFO 2026-06-10 17:08:09,074 basehttp "GET /admin/ HTTP/1.1" 200 20437
INFO 2026-06-10 17:08:09,446 middleware → GET /favicon.ico | User: admin@bizsmart.com | IP: 127.0.0.1
INFO 2026-06-10 17:08:09,446 middleware → GET /favicon.ico | User: admin@bizsmart.com | IP: 127.0.0.1
INFO 2026-06-10 17:08:09,462 middleware ← GET /favicon.ico | Status: 404 | Duration: 0.03s
INFO 2026-06-10 17:08:09,462 middleware ← GET /favicon.ico | Status: 404 | Duration: 0.03s
WARNING 2026-06-10 17:08:09,465 basehttp "GET /favicon.ico HTTP/1.1" 404 3304
WARNING 2026-06-10 17:08:09,465 basehttp "GET /favicon.ico HTTP/1.1" 404 3304
INFO 2026-06-10 17:08:26,585 middleware → GET /admin/sales/customer/ | User: admin@bizsmart.com | IP: 127.0.0.1
INFO 2026-06-10 17:08:26,585 middleware → GET /admin/sales/customer/ | User: admin@bizsmart.com | IP: 127.0.0.1
INFO 2026-06-10 17:08:26,672 middleware ← GET /admin/sales/customer/ | Status: 200 | Duration: 0.10s
INFO 2026-06-10 17:08:26,672 middleware ← GET /admin/sales/customer/ | Status: 200 | Duration: 0.10s
INFO 2026-06-10 17:08:26,674 basehttp "GET /admin/sales/customer/ HTTP/1.1" 200 17632
INFO 2026-06-10 17:08:26,674 basehttp "GET /admin/sales/customer/ HTTP/1.1" 200 17632
INFO 2026-06-10 17:08:26,789 middleware → GET /admin/jsi18n/ | User: admin@bizsmart.com | IP: 127.0.0.1
INFO 2026-06-10 17:08:26,789 middleware → GET /admin/jsi18n/ | User: admin@bizsmart.com | IP: 127.0.0.1
INFO 2026-06-10 17:08:26,800 middleware ← GET /admin/jsi18n/ | Status: 200 | Duration: 0.04s
INFO 2026-06-10 17:08:26,800 middleware ← GET /admin/jsi18n/ | Status: 200 | Duration: 0.04s
INFO 2026-06-10 17:08:26,802 basehttp "GET /admin/jsi18n/ HTTP/1.1" 200 3343
INFO 2026-06-10 17:08:26,802 basehttp "GET /admin/jsi18n/ HTTP/1.1" 200 3343
INFO 2026-06-10 17:08:28,735 middleware → GET /admin/sales/customer/add/ | User: admin@bizsmart.com | IP: 127.0.0.1
INFO 2026-06-10 17:08:28,735 middleware → GET /admin/sales/customer/add/ | User: admin@bizsmart.com | IP: 127.0.0.1
INFO 2026-06-10 17:08:28,837 middleware ← GET /admin/sales/customer/add/ | Status: 200 | Duration: 0.11s
INFO 2026-06-10 17:08:28,837 middleware ← GET /admin/sales/customer/add/ | Status: 200 | Duration: 0.11s
INFO 2026-06-10 17:08:28,839 basehttp "GET /admin/sales/customer/add/ HTTP/1.1" 200 22250
INFO 2026-06-10 17:08:28,839 basehttp "GET /admin/sales/customer/add/ HTTP/1.1" 200 22250
INFO 2026-06-10 17:08:28,889 middleware → GET /admin/jsi18n/ | User: admin@bizsmart.com | IP: 127.0.0.1
INFO 2026-06-10 17:08:28,889 middleware → GET /admin/jsi18n/ | User: admin@bizsmart.com | IP: 127.0.0.1
INFO 2026-06-10 17:08:28,893 middleware ← GET /admin/jsi18n/ | Status: 200 | Duration: 0.02s
INFO 2026-06-10 17:08:28,893 middleware ← GET /admin/jsi18n/ | Status: 200 | Duration: 0.02s
INFO 2026-06-10 17:08:28,895 basehttp "GET /admin/jsi18n/ HTTP/1.1" 200 3343
INFO 2026-06-10 17:08:28,895 basehttp "GET /admin/jsi18n/ HTTP/1.1" 200 3343
INFO 2026-06-10 17:08:45,647 middleware → POST /admin/sales/customer/add/ | User: admin@bizsmart.com | IP: 127.0.0.1
INFO 2026-06-10 17:08:45,647 middleware → POST /admin/sales/customer/add/ | User: admin@bizsmart.com | IP: 127.0.0.1
INFO 2026-06-10 17:08:45,676 logging_utils AUDIT: admin@bizsmart.com - CREATE - auth - POST /admin/sales/customer/add/
INFO 2026-06-10 17:08:45,676 logging_utils AUDIT: admin@bizsmart.com - CREATE - auth - POST /admin/sales/customer/add/
INFO 2026-06-10 17:08:45,677 middleware ← POST /admin/sales/customer/add/ | Status: 302 | Duration: 0.04s
INFO 2026-06-10 17:08:45,677 middleware ← POST /admin/sales/customer/add/ | Status: 302 | Duration: 0.04s
INFO 2026-06-10 17:08:45,681 basehttp "POST /admin/sales/customer/add/ HTTP/1.1" 302 0
INFO 2026-06-10 17:08:45,681 basehttp "POST /admin/sales/customer/add/ HTTP/1.1" 302 0
INFO 2026-06-10 17:08:45,708 middleware → GET /admin/sales/customer/ | User: admin@bizsmart.com | IP: 127.0.0.1
INFO 2026-06-10 17:08:45,708 middleware → GET /admin/sales/customer/ | User: admin@bizsmart.com | IP: 127.0.0.1
INFO 2026-06-10 17:08:45,787 middleware ← GET /admin/sales/customer/ | Status: 200 | Duration: 0.10s
INFO 2026-06-10 17:08:45,787 middleware ← GET /admin/sales/customer/ | Status: 200 | Duration: 0.10s
INFO 2026-06-10 17:08:45,789 basehttp "GET /admin/sales/customer/ HTTP/1.1" 200 20178
INFO 2026-06-10 17:08:45,789 basehttp "GET /admin/sales/customer/ HTTP/1.1" 200 20178
INFO 2026-06-10 17:08:45,852 middleware → GET /admin/jsi18n/ | User: admin@bizsmart.com | IP: 127.0.0.1
INFO 2026-06-10 17:08:45,852 middleware → GET /admin/jsi18n/ | User: admin@bizsmart.com | IP: 127.0.0.1
INFO 2026-06-10 17:08:45,857 middleware ← GET /admin/jsi18n/ | Status: 200 | Duration: 0.03s
INFO 2026-06-10 17:08:45,857 middleware ← GET /admin/jsi18n/ | Status: 200 | Duration: 0.03s
INFO 2026-06-10 17:08:45,864 basehttp "GET /admin/jsi18n/ HTTP/1.1" 200 3343
INFO 2026-06-10 17:08:45,864 basehttp "GET /admin/jsi18n/ HTTP/1.1" 200 3343
INFO 2026-06-10 17:08:54,031 middleware → GET /api/v1/sales/items/ | User: Anonymous | IP: 127.0.0.1
INFO 2026-06-10 17:08:54,031 middleware → GET /api/v1/sales/items/ | User: Anonymous | IP: 127.0.0.1
INFO 2026-06-10 17:08:54,049 middleware ← GET /api/v1/sales/items/ | Status: 200 | Duration: 0.02s
INFO 2026-06-10 17:08:54,049 middleware ← GET /api/v1/sales/items/ | Status: 200 | Duration: 0.02s
INFO 2026-06-10 17:08:54,054 basehttp "GET /api/v1/sales/items/ HTTP/1.1" 200 52
INFO 2026-06-10 17:08:54,054 basehttp "GET /api/v1/sales/items/ HTTP/1.1" 200 52
INFO 2026-06-10 17:08:54,058 middleware → GET /api/v1/sales/items/ | User: Anonymous | IP: 127.0.0.1
INFO 2026-06-10 17:08:54,058 middleware → GET /api/v1/sales/items/ | User: Anonymous | IP: 127.0.0.1
INFO 2026-06-10 17:08:54,080 middleware ← GET /api/v1/sales/items/ | Status: 200 | Duration: 0.02s
INFO 2026-06-10 17:08:54,080 middleware ← GET /api/v1/sales/items/ | Status: 200 | Duration: 0.02s
INFO 2026-06-10 17:08:54,083 basehttp "GET /api/v1/sales/items/ HTTP/1.1" 200 52
INFO 2026-06-10 17:08:54,083 basehttp "GET /api/v1/sales/items/ HTTP/1.1" 200 52
INFO 2026-06-10 17:08:55,179 middleware → GET /api/v1/sales/customers/ | User: Anonymous | IP: 127.0.0.1
INFO 2026-06-10 17:08:55,179 middleware → GET /api/v1/sales/customers/ | User: Anonymous | IP: 127.0.0.1
INFO 2026-06-10 17:08:55,218 middleware ← GET /api/v1/sales/customers/ | Status: 200 | Duration: 0.04s
INFO 2026-06-10 17:08:55,218 middleware ← GET /api/v1/sales/customers/ | Status: 200 | Duration: 0.04s
INFO 2026-06-10 17:08:55,222 basehttp "GET /api/v1/sales/customers/ HTTP/1.1" 200 283
INFO 2026-06-10 17:08:55,222 basehttp "GET /api/v1/sales/customers/ HTTP/1.1" 200 283
INFO 2026-06-10 17:08:55,228 middleware → GET /api/v1/sales/customers/ | User: Anonymous | IP: 127.0.0.1
INFO 2026-06-10 17:08:55,228 middleware → GET /api/v1/sales/customers/ | User: Anonymous | IP: 127.0.0.1
INFO 2026-06-10 17:08:55,264 middleware ← GET /api/v1/sales/customers/ | Status: 200 | Duration: 0.04s
INFO 2026-06-10 17:08:55,264 middleware ← GET /api/v1/sales/customers/ | Status: 200 | Duration: 0.04s
INFO 2026-06-10 17:08:55,279 basehttp "GET /api/v1/sales/customers/ HTTP/1.1" 200 283
INFO 2026-06-10 17:08:55,279 basehttp "GET /api/v1/sales/customers/ HTTP/1.1" 200 283
INFO 2026-06-10 17:09:16,909 middleware → GET /admin/ | User: admin@bizsmart.com | IP: 127.0.0.1
INFO 2026-06-10 17:09:16,909 middleware → GET /admin/ | User: admin@bizsmart.com | IP: 127.0.0.1
INFO 2026-06-10 17:09:17,014 middleware ← GET /admin/ | Status: 200 | Duration: 0.11s
INFO 2026-06-10 17:09:17,014 middleware ← GET /admin/ | Status: 200 | Duration: 0.11s
INFO 2026-06-10 17:09:17,016 basehttp "GET /admin/ HTTP/1.1" 200 20723
INFO 2026-06-10 17:09:17,016 basehttp "GET /admin/ HTTP/1.1" 200 20723
INFO 2026-06-10 17:09:21,731 middleware → GET /api/docs/ | User: admin@bizsmart.com | IP: 127.0.0.1
INFO 2026-06-10 17:09:21,731 middleware → GET /api/docs/ | User: admin@bizsmart.com | IP: 127.0.0.1
INFO 2026-06-10 17:09:21,798 middleware ← GET /api/docs/ | Status: 200 | Duration: 0.07s
INFO 2026-06-10 17:09:21,798 middleware ← GET /api/docs/ | Status: 200 | Duration: 0.07s
INFO 2026-06-10 17:09:21,800 basehttp "GET /api/docs/ HTTP/1.1" 200 4645
INFO 2026-06-10 17:09:21,800 basehttp "GET /api/docs/ HTTP/1.1" 200 4645
INFO 2026-06-10 17:09:40,374 middleware → GET /api/v1/auth/audit-logs/modules/ | User: Anonymous | IP: 127.0.0.1
INFO 2026-06-10 17:09:40,374 middleware → GET /api/v1/auth/audit-logs/modules/ | User: Anonymous | IP: 127.0.0.1
INFO 2026-06-10 17:09:40,376 middleware → GET /api/v1/auth/audit-logs/actions/ | User: Anonymous | IP: 127.0.0.1
INFO 2026-06-10 17:09:40,376 middleware → GET /api/v1/auth/audit-logs/actions/ | User: Anonymous | IP: 127.0.0.1
INFO 2026-06-10 17:09:40,378 middleware → GET /api/v1/auth/audit-logs/ | User: Anonymous | IP: 127.0.0.1
INFO 2026-06-10 17:09:40,378 middleware → GET /api/v1/auth/audit-logs/ | User: Anonymous | IP: 127.0.0.1
INFO 2026-06-10 17:09:40,387 middleware → GET /api/v1/auth/audit-logs/stats/ | User: Anonymous | IP: 127.0.0.1
INFO 2026-06-10 17:09:40,387 middleware → GET /api/v1/auth/audit-logs/stats/ | User: Anonymous | IP: 127.0.0.1
INFO 2026-06-10 17:09:40,452 middleware ← GET /api/v1/auth/audit-logs/modules/ | Status: 200 | Duration: 0.08s
INFO 2026-06-10 17:09:40,452 middleware ← GET /api/v1/auth/audit-logs/modules/ | Status: 200 | Duration: 0.08s
INFO 2026-06-10 17:09:40,455 basehttp "GET /api/v1/auth/audit-logs/modules/ HTTP/1.1" 200 289
INFO 2026-06-10 17:09:40,455 basehttp "GET /api/v1/auth/audit-logs/modules/ HTTP/1.1" 200 289
INFO 2026-06-10 17:09:40,461 middleware → GET /api/v1/auth/audit-logs/modules/ | User: Anonymous | IP: 127.0.0.1
INFO 2026-06-10 17:09:40,461 middleware → GET /api/v1/auth/audit-logs/modules/ | User: Anonymous | IP: 127.0.0.1
INFO 2026-06-10 17:09:40,516 middleware ← GET /api/v1/auth/audit-logs/actions/ | Status: 200 | Duration: 0.14s
INFO 2026-06-10 17:09:40,516 middleware ← GET /api/v1/auth/audit-logs/actions/ | Status: 200 | Duration: 0.14s
INFO 2026-06-10 17:09:40,518 basehttp "GET /api/v1/auth/audit-logs/actions/ HTTP/1.1" 200 283
INFO 2026-06-10 17:09:40,518 basehttp "GET /api/v1/auth/audit-logs/actions/ HTTP/1.1" 200 283
INFO 2026-06-10 17:09:40,528 middleware → GET /api/v1/auth/audit-logs/actions/ | User: Anonymous | IP: 127.0.0.1
INFO 2026-06-10 17:09:40,528 middleware → GET /api/v1/auth/audit-logs/actions/ | User: Anonymous | IP: 127.0.0.1
INFO 2026-06-10 17:09:40,539 middleware ← GET /api/v1/auth/audit-logs/modules/ | Status: 200 | Duration: 0.08s
INFO 2026-06-10 17:09:40,539 middleware ← GET /api/v1/auth/audit-logs/modules/ | Status: 200 | Duration: 0.08s
INFO 2026-06-10 17:09:40,543 basehttp "GET /api/v1/auth/audit-logs/modules/ HTTP/1.1" 200 289
INFO 2026-06-10 17:09:40,543 basehttp "GET /api/v1/auth/audit-logs/modules/ HTTP/1.1" 200 289
INFO 2026-06-10 17:09:40,574 middleware ← GET /api/v1/auth/audit-logs/actions/ | Status: 200 | Duration: 0.05s
INFO 2026-06-10 17:09:40,574 middleware ← GET /api/v1/auth/audit-logs/actions/ | Status: 200 | Duration: 0.05s
INFO 2026-06-10 17:09:40,592 middleware ← GET /api/v1/auth/audit-logs/stats/ | Status: 200 | Duration: 0.20s
INFO 2026-06-10 17:09:40,595 basehttp "GET /api/v1/auth/audit-logs/actions/ HTTP/1.1" 200 283
INFO 2026-06-10 17:09:40,592 middleware ← GET /api/v1/auth/audit-logs/stats/ | Status: 200 | Duration: 0.20s
INFO 2026-06-10 17:09:40,595 basehttp "GET /api/v1/auth/audit-logs/actions/ HTTP/1.1" 200 283
INFO 2026-06-10 17:09:40,638 basehttp "GET /api/v1/auth/audit-logs/stats/ HTTP/1.1" 200 304
INFO 2026-06-10 17:09:40,638 basehttp "GET /api/v1/auth/audit-logs/stats/ HTTP/1.1" 200 304
INFO 2026-06-10 17:09:40,644 middleware → GET /api/v1/auth/audit-logs/stats/ | User: Anonymous | IP: 127.0.0.1
INFO 2026-06-10 17:09:40,644 middleware → GET /api/v1/auth/audit-logs/stats/ | User: Anonymous | IP: 127.0.0.1
INFO 2026-06-10 17:09:40,672 middleware ← GET /api/v1/auth/audit-logs/ | Status: 200 | Duration: 0.29s
INFO 2026-06-10 17:09:40,672 middleware ← GET /api/v1/auth/audit-logs/ | Status: 200 | Duration: 0.29s
INFO 2026-06-10 17:09:40,677 basehttp "GET /api/v1/auth/audit-logs/?start_date=&end_date=&action=&module=&page=1&page_size=50 HTTP/1.1" 200 5780
INFO 2026-06-10 17:09:40,677 basehttp "GET /api/v1/auth/audit-logs/?start_date=&end_date=&action=&module=&page=1&page_size=50 HTTP/1.1" 200 5780
INFO 2026-06-10 17:09:40,688 middleware → GET /api/v1/auth/audit-logs/ | User: Anonymous | IP: 127.0.0.1
INFO 2026-06-10 17:09:40,688 middleware → GET /api/v1/auth/audit-logs/ | User: Anonymous | IP: 127.0.0.1
INFO 2026-06-10 17:09:40,755 middleware ← GET /api/v1/auth/audit-logs/stats/ | Status: 200 | Duration: 0.11s
INFO 2026-06-10 17:09:40,755 middleware ← GET /api/v1/auth/audit-logs/stats/ | Status: 200 | Duration: 0.11s
INFO 2026-06-10 17:09:40,790 basehttp "GET /api/v1/auth/audit-logs/stats/ HTTP/1.1" 200 304
INFO 2026-06-10 17:09:40,790 basehttp "GET /api/v1/auth/audit-logs/stats/ HTTP/1.1" 200 304
INFO 2026-06-10 17:09:40,797 middleware ← GET /api/v1/auth/audit-logs/ | Status: 200 | Duration: 0.11s
INFO 2026-06-10 17:09:40,797 middleware ← GET /api/v1/auth/audit-logs/ | Status: 200 | Duration: 0.11s
INFO 2026-06-10 17:09:40,800 basehttp "GET /api/v1/auth/audit-logs/?start_date=&end_date=&action=&module=&page=1&page_size=50 HTTP/1.1" 200 5780
INFO 2026-06-10 17:09:40,800 basehttp "GET /api/v1/auth/audit-logs/?start_date=&end_date=&action=&module=&page=1&page_size=50 HTTP/1.1" 200 5780
INFO 2026-06-10 17:10:04,854 middleware → GET /api/v1/sales/customers/ | User: Anonymous | IP: 127.0.0.1
INFO 2026-06-10 17:10:04,854 middleware → GET /api/v1/sales/customers/ | User: Anonymous | IP: 127.0.0.1
INFO 2026-06-10 17:10:04,872 middleware ← GET /api/v1/sales/customers/ | Status: 200 | Duration: 0.02s
INFO 2026-06-10 17:10:04,872 middleware ← GET /api/v1/sales/customers/ | Status: 200 | Duration: 0.02s
INFO 2026-06-10 17:10:04,874 basehttp "GET /api/v1/sales/customers/ HTTP/1.1" 200 283
INFO 2026-06-10 17:10:04,874 basehttp "GET /api/v1/sales/customers/ HTTP/1.1" 200 283
INFO 2026-06-10 17:10:04,890 middleware → GET /api/v1/sales/customers/ | User: Anonymous | IP: 127.0.0.1
INFO 2026-06-10 17:10:04,890 middleware → GET /api/v1/sales/customers/ | User: Anonymous | IP: 127.0.0.1
INFO 2026-06-10 17:10:04,926 middleware ← GET /api/v1/sales/customers/ | Status: 200 | Duration: 0.04s
INFO 2026-06-10 17:10:04,926 middleware ← GET /api/v1/sales/customers/ | Status: 200 | Duration: 0.04s
INFO 2026-06-10 17:10:04,928 basehttp "GET /api/v1/sales/customers/ HTTP/1.1" 200 283
INFO 2026-06-10 17:10:04,928 basehttp "GET /api/v1/sales/customers/ HTTP/1.1" 200 283
INFO 2026-06-10 17:10:09,114 basehttp "OPTIONS /api/v1/sales/customers/1/ HTTP/1.1" 200 0
INFO 2026-06-10 17:10:09,114 basehttp "OPTIONS /api/v1/sales/customers/1/ HTTP/1.1" 200 0
INFO 2026-06-10 17:10:09,120 middleware → PUT /api/v1/sales/customers/1/ | User: Anonymous | IP: 127.0.0.1
INFO 2026-06-10 17:10:09,120 middleware → PUT /api/v1/sales/customers/1/ | User: Anonymous | IP: 127.0.0.1
INFO 2026-06-10 17:10:09,142 logging_utils AUDIT: admin@bizsmart.com - UPDATE - sales - PUT /api/v1/sales/customers/1/
INFO 2026-06-10 17:10:09,142 logging_utils AUDIT: admin@bizsmart.com - UPDATE - sales - PUT /api/v1/sales/customers/1/
INFO 2026-06-10 17:10:09,143 middleware ← PUT /api/v1/sales/customers/1/ | Status: 400 | Duration: 0.02s
INFO 2026-06-10 17:10:09,143 middleware ← PUT /api/v1/sales/customers/1/ | Status: 400 | Duration: 0.02s
WARNING 2026-06-10 17:10:09,144 basehttp "PUT /api/v1/sales/customers/1/ HTTP/1.1" 400 40
WARNING 2026-06-10 17:10:09,144 basehttp "PUT /api/v1/sales/customers/1/ HTTP/1.1" 400 40
INFO 2026-06-10 17:10:19,589 middleware → PUT /api/v1/sales/customers/1/ | User: Anonymous | IP: 127.0.0.1
INFO 2026-06-10 17:10:19,589 middleware → PUT /api/v1/sales/customers/1/ | User: Anonymous | IP: 127.0.0.1
INFO 2026-06-10 17:10:19,609 logging_utils AUDIT: admin@bizsmart.com - UPDATE - sales - PUT /api/v1/sales/customers/1/
INFO 2026-06-10 17:10:19,609 logging_utils AUDIT: admin@bizsmart.com - UPDATE - sales - PUT /api/v1/sales/customers/1/
INFO 2026-06-10 17:10:19,610 middleware ← PUT /api/v1/sales/customers/1/ | Status: 400 | Duration: 0.02s
INFO 2026-06-10 17:10:19,610 middleware ← PUT /api/v1/sales/customers/1/ | Status: 400 | Duration: 0.02s
WARNING 2026-06-10 17:10:19,614 basehttp "PUT /api/v1/sales/customers/1/ HTTP/1.1" 400 40
WARNING 2026-06-10 17:10:19,614 basehttp "PUT /api/v1/sales/customers/1/ HTTP/1.1" 400 40
INFO 2026-06-10 17:10:27,325 middleware → PUT /api/v1/sales/customers/1/ | User: Anonymous | IP: 127.0.0.1
INFO 2026-06-10 17:10:27,325 middleware → PUT /api/v1/sales/customers/1/ | User: Anonymous | IP: 127.0.0.1
INFO 2026-06-10 17:10:27,348 logging_utils AUDIT: admin@bizsmart.com - UPDATE - sales - PUT /api/v1/sales/customers/1/
INFO 2026-06-10 17:10:27,348 logging_utils AUDIT: admin@bizsmart.com - UPDATE - sales - PUT /api/v1/sales/customers/1/
INFO 2026-06-10 17:10:27,350 middleware ← PUT /api/v1/sales/customers/1/ | Status: 400 | Duration: 0.02s
INFO 2026-06-10 17:10:27,350 middleware ← PUT /api/v1/sales/customers/1/ | Status: 400 | Duration: 0.02s
WARNING 2026-06-10 17:10:27,353 basehttp "PUT /api/v1/sales/customers/1/ HTTP/1.1" 400 40
WARNING 2026-06-10 17:10:27,353 basehttp "PUT /api/v1/sales/customers/1/ HTTP/1.1" 400 40
INFO 2026-06-10 17:10:47,892 basehttp "OPTIONS /api/v1/financials/petty-cash/?page=1&page_size=20 HTTP/1.1" 200 0
INFO 2026-06-10 17:10:47,893 basehttp "OPTIONS /api/v1/financials/petty-cash/?page=1&page_size=20 HTTP/1.1" 200 0
INFO 2026-06-10 17:10:47,893 basehttp "OPTIONS /api/v1/financials/petty-cash/?page=1&page_size=20 HTTP/1.1" 200 0
INFO 2026-06-10 17:10:47,899 middleware → GET /api/v1/financials/petty-cash/ | User: Anonymous | IP: 127.0.0.1
INFO 2026-06-10 17:10:47,899 middleware → GET /api/v1/financials/petty-cash/ | User: Anonymous | IP: 127.0.0.1
INFO 2026-06-10 17:10:47,892 basehttp "OPTIONS /api/v1/financials/petty-cash/?page=1&page_size=20 HTTP/1.1" 200 0
INFO 2026-06-10 17:10:47,925 middleware ← GET /api/v1/financials/petty-cash/ | Status: 200 | Duration: 0.03s
INFO 2026-06-10 17:10:47,925 middleware ← GET /api/v1/financials/petty-cash/ | Status: 200 | Duration: 0.03s
INFO 2026-06-10 17:10:47,927 basehttp "GET /api/v1/financials/petty-cash/?page=1&page_size=20 HTTP/1.1" 200 52
INFO 2026-06-10 17:10:47,927 basehttp "GET /api/v1/financials/petty-cash/?page=1&page_size=20 HTTP/1.1" 200 52
INFO 2026-06-10 17:10:47,931 middleware → GET /api/v1/financials/petty-cash/ | User: Anonymous | IP: 127.0.0.1
INFO 2026-06-10 17:10:47,931 middleware → GET /api/v1/financials/petty-cash/ | User: Anonymous | IP: 127.0.0.1
INFO 2026-06-10 17:10:47,964 middleware ← GET /api/v1/financials/petty-cash/ | Status: 200 | Duration: 0.03s
INFO 2026-06-10 17:10:47,964 middleware ← GET /api/v1/financials/petty-cash/ | Status: 200 | Duration: 0.03s
INFO 2026-06-10 17:10:47,967 basehttp "GET /api/v1/financials/petty-cash/?page=1&page_size=20 HTTP/1.1" 200 52
INFO 2026-06-10 17:10:47,967 basehttp "GET /api/v1/financials/petty-cash/?page=1&page_size=20 HTTP/1.1" 200 52
INFO 2026-06-10 17:11:06,346 basehttp "OPTIONS /api/v1/financials/petty-cash/ HTTP/1.1" 200 0
INFO 2026-06-10 17:11:06,346 basehttp "OPTIONS /api/v1/financials/petty-cash/ HTTP/1.1" 200 0
INFO 2026-06-10 17:11:06,349 middleware → POST /api/v1/financials/petty-cash/ | User: Anonymous | IP: 127.0.0.1
INFO 2026-06-10 17:11:06,349 middleware → POST /api/v1/financials/petty-cash/ | User: Anonymous | IP: 127.0.0.1
INFO 2026-06-10 17:11:06,384 logging_utils AUDIT: admin@bizsmart.com - CREATE - financials - POST /api/v1/financials/petty-cash/
INFO 2026-06-10 17:11:06,384 logging_utils AUDIT: admin@bizsmart.com - CREATE - financials - POST /api/v1/financials/petty-cash/
INFO 2026-06-10 17:11:06,386 middleware ← POST /api/v1/financials/petty-cash/ | Status: 201 | Duration: 0.04s
INFO 2026-06-10 17:11:06,386 middleware ← POST /api/v1/financials/petty-cash/ | Status: 201 | Duration: 0.04s
INFO 2026-06-10 17:11:06,389 basehttp "POST /api/v1/financials/petty-cash/ HTTP/1.1" 201 222
INFO 2026-06-10 17:11:06,389 basehttp "POST /api/v1/financials/petty-cash/ HTTP/1.1" 201 222
INFO 2026-06-10 17:11:06,403 middleware → GET /api/v1/financials/petty-cash/ | User: Anonymous | IP: 127.0.0.1
INFO 2026-06-10 17:11:06,403 middleware → GET /api/v1/financials/petty-cash/ | User: Anonymous | IP: 127.0.0.1
INFO 2026-06-10 17:11:06,440 middleware ← GET /api/v1/financials/petty-cash/ | Status: 200 | Duration: 0.04s
INFO 2026-06-10 17:11:06,440 middleware ← GET /api/v1/financials/petty-cash/ | Status: 200 | Duration: 0.04s
INFO 2026-06-10 17:11:06,442 basehttp "GET /api/v1/financials/petty-cash/?page=1&page_size=20 HTTP/1.1" 200 274
INFO 2026-06-10 17:11:06,442 basehttp "GET /api/v1/financials/petty-cash/?page=1&page_size=20 HTTP/1.1" 200 274
INFO 2026-06-10 17:11:13,399 basehttp "OPTIONS /api/v1/financials/petty-cash/1/ HTTP/1.1" 200 0
INFO 2026-06-10 17:11:13,399 basehttp "OPTIONS /api/v1/financials/petty-cash/1/ HTTP/1.1" 200 0
INFO 2026-06-10 17:11:13,401 middleware → DELETE /api/v1/financials/petty-cash/1/ | User: Anonymous | IP: 127.0.0.1
INFO 2026-06-10 17:11:13,401 middleware → DELETE /api/v1/financials/petty-cash/1/ | User: Anonymous | IP: 127.0.0.1
INFO 2026-06-10 17:11:13,421 logging_utils AUDIT: admin@bizsmart.com - DELETE - financials - DELETE /api/v1/financials/petty-cash/1/
INFO 2026-06-10 17:11:13,421 logging_utils AUDIT: admin@bizsmart.com - DELETE - financials - DELETE /api/v1/financials/petty-cash/1/
INFO 2026-06-10 17:11:13,422 middleware ← DELETE /api/v1/financials/petty-cash/1/ | Status: 204 | Duration: 0.02s
INFO 2026-06-10 17:11:13,422 middleware ← DELETE /api/v1/financials/petty-cash/1/ | Status: 204 | Duration: 0.02s
INFO 2026-06-10 17:11:13,424 basehttp "DELETE /api/v1/financials/petty-cash/1/ HTTP/1.1" 204 0
INFO 2026-06-10 17:11:13,424 basehttp "DELETE /api/v1/financials/petty-cash/1/ HTTP/1.1" 204 0
INFO 2026-06-10 17:11:13,435 middleware → GET /api/v1/financials/petty-cash/ | User: Anonymous | IP: 127.0.0.1
INFO 2026-06-10 17:11:13,435 middleware → GET /api/v1/financials/petty-cash/ | User: Anonymous | IP: 127.0.0.1
INFO 2026-06-10 17:11:13,455 middleware ← GET /api/v1/financials/petty-cash/ | Status: 200 | Duration: 0.02s
INFO 2026-06-10 17:11:13,455 middleware ← GET /api/v1/financials/petty-cash/ | Status: 200 | Duration: 0.02s
INFO 2026-06-10 17:11:13,459 basehttp "GET /api/v1/financials/petty-cash/?page=1&page_size=20 HTTP/1.1" 200 52
INFO 2026-06-10 17:11:13,459 basehttp "GET /api/v1/financials/petty-cash/?page=1&page_size=20 HTTP/1.1" 200 52
INFO 2026-06-10 17:11:20,514 basehttp "OPTIONS /api/v1/financials/budgets/?year=2026 HTTP/1.1" 200 0
INFO 2026-06-10 17:11:20,514 basehttp "OPTIONS /api/v1/financials/budgets/?year=2026 HTTP/1.1" 200 0
INFO 2026-06-10 17:11:20,515 basehttp "OPTIONS /api/v1/financials/budgets/?year=2026 HTTP/1.1" 200 0
INFO 2026-06-10 17:11:20,515 basehttp "OPTIONS /api/v1/financials/budgets/?year=2026 HTTP/1.1" 200 0
INFO 2026-06-10 17:11:20,518 middleware → GET /api/v1/financials/budgets/ | User: Anonymous | IP: 127.0.0.1
INFO 2026-06-10 17:11:20,518 middleware → GET /api/v1/financials/budgets/ | User: Anonymous | IP: 127.0.0.1
INFO 2026-06-10 17:11:20,534 middleware ← GET /api/v1/financials/budgets/ | Status: 200 | Duration: 0.02s
INFO 2026-06-10 17:11:20,534 middleware ← GET /api/v1/financials/budgets/ | Status: 200 | Duration: 0.02s
INFO 2026-06-10 17:11:20,557 basehttp "GET /api/v1/financials/budgets/?year=2026 HTTP/1.1" 200 52
INFO 2026-06-10 17:11:20,557 basehttp "GET /api/v1/financials/budgets/?year=2026 HTTP/1.1" 200 52
INFO 2026-06-10 17:11:20,577 middleware → GET /api/v1/financials/budgets/ | User: Anonymous | IP: 127.0.0.1
INFO 2026-06-10 17:11:20,577 middleware → GET /api/v1/financials/budgets/ | User: Anonymous | IP: 127.0.0.1
INFO 2026-06-10 17:11:20,629 middleware ← GET /api/v1/financials/budgets/ | Status: 200 | Duration: 0.05s
INFO 2026-06-10 17:11:20,629 middleware ← GET /api/v1/financials/budgets/ | Status: 200 | Duration: 0.05s
INFO 2026-06-10 17:11:20,632 basehttp "GET /api/v1/financials/budgets/?year=2026 HTTP/1.1" 200 52
INFO 2026-06-10 17:11:20,632 basehttp "GET /api/v1/financials/budgets/?year=2026 HTTP/1.1" 200 52
INFO 2026-06-10 17:12:00,805 basehttp "OPTIONS /api/v1/financials/budgets/ HTTP/1.1" 200 0
INFO 2026-06-10 17:12:00,805 basehttp "OPTIONS /api/v1/financials/budgets/ HTTP/1.1" 200 0
INFO 2026-06-10 17:12:00,808 middleware → POST /api/v1/financials/budgets/ | User: Anonymous | IP: 127.0.0.1
INFO 2026-06-10 17:12:00,808 middleware → POST /api/v1/financials/budgets/ | User: Anonymous | IP: 127.0.0.1
INFO 2026-06-10 17:12:00,836 logging_utils AUDIT: admin@bizsmart.com - CREATE - financials - POST /api/v1/financials/budgets/
INFO 2026-06-10 17:12:00,836 logging_utils AUDIT: admin@bizsmart.com - CREATE - financials - POST /api/v1/financials/budgets/
INFO 2026-06-10 17:12:00,837 middleware ← POST /api/v1/financials/budgets/ | Status: 201 | Duration: 0.03s
INFO 2026-06-10 17:12:00,837 middleware ← POST /api/v1/financials/budgets/ | Status: 201 | Duration: 0.03s
INFO 2026-06-10 17:12:00,838 basehttp "POST /api/v1/financials/budgets/ HTTP/1.1" 201 258
INFO 2026-06-10 17:12:00,838 basehttp "POST /api/v1/financials/budgets/ HTTP/1.1" 201 258
INFO 2026-06-10 17:12:00,844 middleware → GET /api/v1/financials/budgets/ | User: Anonymous | IP: 127.0.0.1
INFO 2026-06-10 17:12:00,844 middleware → GET /api/v1/financials/budgets/ | User: Anonymous | IP: 127.0.0.1
INFO 2026-06-10 17:12:00,894 middleware ← GET /api/v1/financials/budgets/ | Status: 200 | Duration: 0.05s
INFO 2026-06-10 17:12:00,894 middleware ← GET /api/v1/financials/budgets/ | Status: 200 | Duration: 0.05s
INFO 2026-06-10 17:12:00,897 basehttp "GET /api/v1/financials/budgets/?year=2026 HTTP/1.1" 200 310
INFO 2026-06-10 17:12:00,897 basehttp "GET /api/v1/financials/budgets/?year=2026 HTTP/1.1" 200 310
INFO 2026-06-10 17:12:29,364 basehttp "OPTIONS /api/v1/financials/budgets/1/ HTTP/1.1" 200 0
INFO 2026-06-10 17:12:29,364 basehttp "OPTIONS /api/v1/financials/budgets/1/ HTTP/1.1" 200 0
INFO 2026-06-10 17:12:29,369 middleware → PATCH /api/v1/financials/budgets/1/ | User: Anonymous | IP: 127.0.0.1
INFO 2026-06-10 17:12:29,369 middleware → PATCH /api/v1/financials/budgets/1/ | User: Anonymous | IP: 127.0.0.1
INFO 2026-06-10 17:12:29,422 logging_utils AUDIT: admin@bizsmart.com - UPDATE - financials - PATCH /api/v1/financials/budgets/1/
INFO 2026-06-10 17:12:29,422 logging_utils AUDIT: admin@bizsmart.com - UPDATE - financials - PATCH /api/v1/financials/budgets/1/
INFO 2026-06-10 17:12:29,422 middleware ← PATCH /api/v1/financials/budgets/1/ | Status: 200 | Duration: 0.05s
INFO 2026-06-10 17:12:29,422 middleware ← PATCH /api/v1/financials/budgets/1/ | Status: 200 | Duration: 0.05s
INFO 2026-06-10 17:12:29,423 basehttp "PATCH /api/v1/financials/budgets/1/ HTTP/1.1" 200 782
INFO 2026-06-10 17:12:29,423 basehttp "PATCH /api/v1/financials/budgets/1/ HTTP/1.1" 200 782
INFO 2026-06-10 17:12:29,429 middleware → GET /api/v1/financials/budgets/ | User: Anonymous | IP: 127.0.0.1
INFO 2026-06-10 17:12:29,429 middleware → GET /api/v1/financials/budgets/ | User: Anonymous | IP: 127.0.0.1
INFO 2026-06-10 17:12:29,459 middleware ← GET /api/v1/financials/budgets/ | Status: 200 | Duration: 0.03s
INFO 2026-06-10 17:12:29,459 middleware ← GET /api/v1/financials/budgets/ | Status: 200 | Duration: 0.03s
INFO 2026-06-10 17:12:29,461 basehttp "GET /api/v1/financials/budgets/?year=2026 HTTP/1.1" 200 310
INFO 2026-06-10 17:12:29,461 basehttp "GET /api/v1/financials/budgets/?year=2026 HTTP/1.1" 200 310
INFO 2026-06-10 17:13:04,105 basehttp "OPTIONS /api/v1/financials/budgets/?year=2026&status=active&period=monthly HTTP/1.1" 200 0
INFO 2026-06-10 17:13:04,105 basehttp "OPTIONS /api/v1/financials/budgets/?year=2026&status=active&period=monthly HTTP/1.1" 200 0
INFO 2026-06-10 17:13:04,105 basehttp "OPTIONS /api/v1/financials/budgets/?year=2026&status=active&period=monthly HTTP/1.1" 200 0
INFO 2026-06-10 17:13:04,105 basehttp "OPTIONS /api/v1/financials/budgets/?year=2026&status=active&period=monthly HTTP/1.1" 200 0
INFO 2026-06-10 17:13:04,114 middleware → GET /api/v1/financials/budgets/ | User: Anonymous | IP: 127.0.0.1
INFO 2026-06-10 17:13:04,114 middleware → GET /api/v1/financials/budgets/ | User: Anonymous | IP: 127.0.0.1
INFO 2026-06-10 17:13:04,154 middleware ← GET /api/v1/financials/budgets/ | Status: 200 | Duration: 0.04s
INFO 2026-06-10 17:13:04,154 middleware ← GET /api/v1/financials/budgets/ | Status: 200 | Duration: 0.04s
INFO 2026-06-10 17:13:04,155 basehttp "GET /api/v1/financials/budgets/?year=2026&status=active&period=monthly HTTP/1.1" 200 310
INFO 2026-06-10 17:13:04,155 basehttp "GET /api/v1/financials/budgets/?year=2026&status=active&period=monthly HTTP/1.1" 200 310
INFO 2026-06-10 17:13:04,189 middleware → GET /api/v1/financials/transactions/ | User: Anonymous | IP: 127.0.0.1
INFO 2026-06-10 17:13:04,189 middleware → GET /api/v1/financials/transactions/ | User: Anonymous | IP: 127.0.0.1
INFO 2026-06-10 17:13:04,205 basehttp "OPTIONS /api/v1/financials/cash-flow/ HTTP/1.1" 200 0
INFO 2026-06-10 17:13:04,205 basehttp "OPTIONS /api/v1/financials/cash-flow/ HTTP/1.1" 200 0
INFO 2026-06-10 17:13:04,211 middleware → GET /api/v1/financials/petty-cash/ | User: Anonymous | IP: 127.0.0.1
INFO 2026-06-10 17:13:04,213 middleware → GET /api/v1/sales/customers/ | User: Anonymous | IP: 127.0.0.1
INFO 2026-06-10 17:13:04,213 middleware → GET /api/v1/sales/customers/ | User: Anonymous | IP: 127.0.0.1
INFO 2026-06-10 17:13:04,226 basehttp "OPTIONS /api/v1/financials/loans/ HTTP/1.1" 200 0
INFO 2026-06-10 17:13:04,226 basehttp "OPTIONS /api/v1/financials/loans/ HTTP/1.1" 200 0
INFO 2026-06-10 17:13:04,251 basehttp "OPTIONS /api/v1/financials/invoices/ HTTP/1.1" 200 0
INFO 2026-06-10 17:13:04,251 basehttp "OPTIONS /api/v1/financials/invoices/ HTTP/1.1" 200 0
INFO 2026-06-10 17:13:04,226 basehttp "OPTIONS /api/v1/bi/financial/profit-loss/ HTTP/1.1" 200 0
INFO 2026-06-10 17:13:04,226 basehttp "OPTIONS /api/v1/bi/financial/profit-loss/ HTTP/1.1" 200 0
INFO 2026-06-10 17:13:04,238 middleware → GET /api/v1/financials/budgets/ | User: Anonymous | IP: 127.0.0.1
INFO 2026-06-10 17:13:04,238 middleware → GET /api/v1/financials/budgets/ | User: Anonymous | IP: 127.0.0.1
INFO 2026-06-10 17:13:04,211 middleware → GET /api/v1/financials/petty-cash/ | User: Anonymous | IP: 127.0.0.1
INFO 2026-06-10 17:13:04,264 basehttp "OPTIONS /api/v1/sales/sales/?page_size=500 HTTP/1.1" 200 0
INFO 2026-06-10 17:13:04,273 basehttp "OPTIONS /api/v1/hr/payroll/ HTTP/1.1" 200 0
INFO 2026-06-10 17:13:04,273 basehttp "OPTIONS /api/v1/hr/payroll/ HTTP/1.1" 200 0
INFO 2026-06-10 17:13:04,264 basehttp "OPTIONS /api/v1/sales/sales/?page_size=500 HTTP/1.1" 200 0
INFO 2026-06-10 17:13:04,296 middleware → GET /api/v1/bi/financial/profit-loss/ | User: Anonymous | IP: 127.0.0.1
INFO 2026-06-10 17:13:04,296 middleware → GET /api/v1/bi/financial/profit-loss/ | User: Anonymous | IP: 127.0.0.1
INFO 2026-06-10 17:13:04,305 middleware → GET /api/v1/financials/cash-flow/ | User: Anonymous | IP: 127.0.0.1
INFO 2026-06-10 17:13:04,305 middleware → GET /api/v1/financials/cash-flow/ | User: Anonymous | IP: 127.0.0.1
INFO 2026-06-10 17:13:04,381 middleware ← GET /api/v1/financials/transactions/ | Status: 200 | Duration: 0.19s
INFO 2026-06-10 17:13:04,381 middleware ← GET /api/v1/financials/transactions/ | Status: 200 | Duration: 0.19s
INFO 2026-06-10 17:13:04,408 middleware ← GET /api/v1/financials/petty-cash/ | Status: 200 | Duration: 0.20s
INFO 2026-06-10 17:13:04,406 middleware ← GET /api/v1/sales/customers/ | Status: 200 | Duration: 0.19s
INFO 2026-06-10 17:13:04,411 basehttp "GET /api/v1/financials/transactions/ HTTP/1.1" 200 519
INFO 2026-06-10 17:13:04,418 middleware ← GET /api/v1/financials/budgets/ | Status: 200 | Duration: 0.18s
INFO 2026-06-10 17:13:04,418 middleware ← GET /api/v1/financials/budgets/ | Status: 200 | Duration: 0.18s
INFO 2026-06-10 17:13:04,406 middleware ← GET /api/v1/sales/customers/ | Status: 200 | Duration: 0.19s
INFO 2026-06-10 17:13:04,411 basehttp "GET /api/v1/financials/transactions/ HTTP/1.1" 200 519
INFO 2026-06-10 17:13:04,427 basehttp "GET /api/v1/financials/budgets/?year=2026&status=active&period=monthly HTTP/1.1" 200 310
INFO 2026-06-10 17:13:04,442 middleware → GET /api/v1/financials/loans/ | User: Anonymous | IP: 127.0.0.1
INFO 2026-06-10 17:13:04,408 middleware ← GET /api/v1/financials/petty-cash/ | Status: 200 | Duration: 0.20s
INFO 2026-06-10 17:13:04,446 basehttp "GET /api/v1/sales/customers/ HTTP/1.1" 200 283
INFO 2026-06-10 17:13:04,427 basehttp "GET /api/v1/financials/budgets/?year=2026&status=active&period=monthly HTTP/1.1" 200 310
INFO 2026-06-10 17:13:04,459 middleware ← GET /api/v1/bi/financial/profit-loss/ | Status: 200 | Duration: 0.16s
INFO 2026-06-10 17:13:04,442 middleware → GET /api/v1/financials/loans/ | User: Anonymous | IP: 127.0.0.1
INFO 2026-06-10 17:13:04,446 basehttp "GET /api/v1/sales/customers/ HTTP/1.1" 200 283
INFO 2026-06-10 17:13:04,464 basehttp "GET /api/v1/financials/petty-cash/ HTTP/1.1" 200 52
INFO 2026-06-10 17:13:04,464 basehttp "GET /api/v1/financials/petty-cash/ HTTP/1.1" 200 52
INFO 2026-06-10 17:13:04,459 middleware ← GET /api/v1/bi/financial/profit-loss/ | Status: 200 | Duration: 0.16s
INFO 2026-06-10 17:13:04,504 middleware ← GET /api/v1/financials/cash-flow/ | Status: 200 | Duration: 0.20s
INFO 2026-06-10 17:13:04,508 middleware → GET /api/v1/sales/sales/ | User: Anonymous | IP: 127.0.0.1
INFO 2026-06-10 17:13:04,511 middleware → GET /api/v1/hr/payroll/ | User: Anonymous | IP: 127.0.0.1
INFO 2026-06-10 17:13:04,504 middleware ← GET /api/v1/financials/cash-flow/ | Status: 200 | Duration: 0.20s
INFO 2026-06-10 17:13:04,514 basehttp "GET /api/v1/bi/financial/profit-loss/ HTTP/1.1" 200 88
INFO 2026-06-10 17:13:04,514 basehttp "GET /api/v1/bi/financial/profit-loss/ HTTP/1.1" 200 88
INFO 2026-06-10 17:13:04,508 middleware → GET /api/v1/sales/sales/ | User: Anonymous | IP: 127.0.0.1
INFO 2026-06-10 17:13:04,560 middleware → GET /api/v1/financials/transactions/ | User: Anonymous | IP: 127.0.0.1
INFO 2026-06-10 17:13:04,560 middleware → GET /api/v1/financials/transactions/ | User: Anonymous | IP: 127.0.0.1
INFO 2026-06-10 17:13:04,511 middleware → GET /api/v1/hr/payroll/ | User: Anonymous | IP: 127.0.0.1
INFO 2026-06-10 17:13:04,480 middleware → GET /api/v1/financials/invoices/ | User: Anonymous | IP: 127.0.0.1
INFO 2026-06-10 17:13:04,480 middleware → GET /api/v1/financials/invoices/ | User: Anonymous | IP: 127.0.0.1
INFO 2026-06-10 17:13:04,610 basehttp "GET /api/v1/financials/cash-flow/ HTTP/1.1" 200 1986
INFO 2026-06-10 17:13:04,610 basehttp "GET /api/v1/financials/cash-flow/ HTTP/1.1" 200 1986
INFO 2026-06-10 17:13:04,614 middleware → GET /api/v1/sales/customers/ | User: Anonymous | IP: 127.0.0.1
INFO 2026-06-10 17:13:04,614 middleware → GET /api/v1/sales/customers/ | User: Anonymous | IP: 127.0.0.1
INFO 2026-06-10 17:13:04,722 middleware ← GET /api/v1/financials/loans/ | Status: 200 | Duration: 0.28s
INFO 2026-06-10 17:13:04,722 middleware ← GET /api/v1/financials/loans/ | Status: 200 | Duration: 0.28s
INFO 2026-06-10 17:13:04,728 basehttp "GET /api/v1/financials/loans/ HTTP/1.1" 200 52
INFO 2026-06-10 17:13:04,728 basehttp "GET /api/v1/financials/loans/ HTTP/1.1" 200 52
INFO 2026-06-10 17:13:04,740 middleware ← GET /api/v1/financials/invoices/ | Status: 200 | Duration: 0.26s
INFO 2026-06-10 17:13:04,740 middleware ← GET /api/v1/financials/invoices/ | Status: 200 | Duration: 0.26s
INFO 2026-06-10 17:13:04,752 middleware ← GET /api/v1/sales/sales/ | Status: 200 | Duration: 0.24s
INFO 2026-06-10 17:13:04,752 middleware ← GET /api/v1/sales/sales/ | Status: 200 | Duration: 0.24s
INFO 2026-06-10 17:13:04,743 middleware → GET /api/v1/financials/petty-cash/ | User: Anonymous | IP: 127.0.0.1
INFO 2026-06-10 17:13:04,743 middleware → GET /api/v1/financials/petty-cash/ | User: Anonymous | IP: 127.0.0.1
INFO 2026-06-10 17:13:04,767 basehttp "GET /api/v1/sales/sales/?page_size=500 HTTP/1.1" 200 52
INFO 2026-06-10 17:13:04,767 basehttp "GET /api/v1/sales/sales/?page_size=500 HTTP/1.1" 200 52
INFO 2026-06-10 17:13:04,773 basehttp "GET /api/v1/financials/invoices/ HTTP/1.1" 200 52
INFO 2026-06-10 17:13:04,773 basehttp "GET /api/v1/financials/invoices/ HTTP/1.1" 200 52
INFO 2026-06-10 17:13:04,777 middleware → GET /api/v1/bi/financial/profit-loss/ | User: Anonymous | IP: 127.0.0.1
INFO 2026-06-10 17:13:04,777 middleware → GET /api/v1/bi/financial/profit-loss/ | User: Anonymous | IP: 127.0.0.1
INFO 2026-06-10 17:13:04,761 middleware ← GET /api/v1/hr/payroll/ | Status: 200 | Duration: 0.25s
INFO 2026-06-10 17:13:04,783 middleware → GET /api/v1/financials/cash-flow/ | User: Anonymous | IP: 127.0.0.1
INFO 2026-06-10 17:13:04,761 middleware ← GET /api/v1/hr/payroll/ | Status: 200 | Duration: 0.25s
INFO 2026-06-10 17:13:04,802 middleware ← GET /api/v1/financials/transactions/ | Status: 200 | Duration: 0.24s
INFO 2026-06-10 17:13:04,783 middleware → GET /api/v1/financials/cash-flow/ | User: Anonymous | IP: 127.0.0.1
INFO 2026-06-10 17:13:04,814 middleware ← GET /api/v1/financials/petty-cash/ | Status: 200 | Duration: 0.07s
INFO 2026-06-10 17:13:04,814 middleware ← GET /api/v1/financials/petty-cash/ | Status: 200 | Duration: 0.07s
INFO 2026-06-10 17:13:04,841 basehttp "GET /api/v1/hr/payroll/ HTTP/1.1" 200 52
INFO 2026-06-10 17:13:04,863 middleware ← GET /api/v1/sales/customers/ | Status: 200 | Duration: 0.25s
INFO 2026-06-10 17:13:04,841 basehttp "GET /api/v1/hr/payroll/ HTTP/1.1" 200 52
INFO 2026-06-10 17:13:04,863 middleware ← GET /api/v1/sales/customers/ | Status: 200 | Duration: 0.25s
INFO 2026-06-10 17:13:04,802 middleware ← GET /api/v1/financials/transactions/ | Status: 200 | Duration: 0.24s
INFO 2026-06-10 17:13:04,933 middleware → GET /api/v1/financials/loans/ | User: Anonymous | IP: 127.0.0.1
INFO 2026-06-10 17:13:04,937 basehttp "GET /api/v1/sales/customers/ HTTP/1.1" 200 283
INFO 2026-06-10 17:13:04,937 basehttp "GET /api/v1/sales/customers/ HTTP/1.1" 200 283
INFO 2026-06-10 17:13:04,933 middleware → GET /api/v1/financials/loans/ | User: Anonymous | IP: 127.0.0.1
INFO 2026-06-10 17:13:04,946 middleware → GET /api/v1/sales/sales/ | User: Anonymous | IP: 127.0.0.1
INFO 2026-06-10 17:13:04,947 basehttp "GET /api/v1/financials/transactions/ HTTP/1.1" 200 519
INFO 2026-06-10 17:13:04,965 basehttp "GET /api/v1/financials/petty-cash/ HTTP/1.1" 200 52
INFO 2026-06-10 17:13:04,946 middleware → GET /api/v1/sales/sales/ | User: Anonymous | IP: 127.0.0.1
INFO 2026-06-10 17:13:04,947 basehttp "GET /api/v1/financials/transactions/ HTTP/1.1" 200 519
INFO 2026-06-10 17:13:04,965 basehttp "GET /api/v1/financials/petty-cash/ HTTP/1.1" 200 52
INFO 2026-06-10 17:13:05,015 middleware → GET /api/v1/financials/invoices/ | User: Anonymous | IP: 127.0.0.1
INFO 2026-06-10 17:13:05,015 middleware → GET /api/v1/financials/invoices/ | User: Anonymous | IP: 127.0.0.1
INFO 2026-06-10 17:13:05,022 middleware ← GET /api/v1/financials/loans/ | Status: 200 | Duration: 0.09s
INFO 2026-06-10 17:13:05,022 middleware ← GET /api/v1/financials/loans/ | Status: 200 | Duration: 0.09s
INFO 2026-06-10 17:13:05,040 middleware ← GET /api/v1/bi/financial/profit-loss/ | Status: 200 | Duration: 0.26s
INFO 2026-06-10 17:13:05,040 middleware ← GET /api/v1/bi/financial/profit-loss/ | Status: 200 | Duration: 0.26s
INFO 2026-06-10 17:13:05,057 basehttp "GET /api/v1/financials/loans/ HTTP/1.1" 200 52
INFO 2026-06-10 17:13:05,027 middleware → GET /api/v1/hr/payroll/ | User: Anonymous | IP: 127.0.0.1
INFO 2026-06-10 17:13:05,027 middleware → GET /api/v1/hr/payroll/ | User: Anonymous | IP: 127.0.0.1
INFO 2026-06-10 17:13:05,067 basehttp "GET /api/v1/bi/financial/profit-loss/ HTTP/1.1" 200 88
INFO 2026-06-10 17:13:05,057 basehttp "GET /api/v1/financials/loans/ HTTP/1.1" 200 52
INFO 2026-06-10 17:13:05,087 middleware ← GET /api/v1/financials/cash-flow/ | Status: 200 | Duration: 0.30s
INFO 2026-06-10 17:13:05,087 middleware ← GET /api/v1/financials/cash-flow/ | Status: 200 | Duration: 0.30s
INFO 2026-06-10 17:13:05,067 basehttp "GET /api/v1/bi/financial/profit-loss/ HTTP/1.1" 200 88
INFO 2026-06-10 17:13:05,099 basehttp "GET /api/v1/financials/cash-flow/ HTTP/1.1" 200 1986
INFO 2026-06-10 17:13:05,099 basehttp "GET /api/v1/financials/cash-flow/ HTTP/1.1" 200 1986
INFO 2026-06-10 17:13:05,148 middleware ← GET /api/v1/hr/payroll/ | Status: 200 | Duration: 0.12s
INFO 2026-06-10 17:13:05,148 middleware ← GET /api/v1/hr/payroll/ | Status: 200 | Duration: 0.12s
INFO 2026-06-10 17:13:05,161 middleware ← GET /api/v1/sales/sales/ | Status: 200 | Duration: 0.22s
INFO 2026-06-10 17:13:05,161 middleware ← GET /api/v1/sales/sales/ | Status: 200 | Duration: 0.22s
INFO 2026-06-10 17:13:05,163 basehttp "GET /api/v1/hr/payroll/ HTTP/1.1" 200 52
INFO 2026-06-10 17:13:05,163 basehttp "GET /api/v1/hr/payroll/ HTTP/1.1" 200 52
INFO 2026-06-10 17:13:05,169 basehttp "GET /api/v1/sales/sales/?page_size=500 HTTP/1.1" 200 52
INFO 2026-06-10 17:13:05,169 basehttp "GET /api/v1/sales/sales/?page_size=500 HTTP/1.1" 200 52
INFO 2026-06-10 17:13:05,180 middleware ← GET /api/v1/financials/invoices/ | Status: 200 | Duration: 0.17s
INFO 2026-06-10 17:13:05,180 middleware ← GET /api/v1/financials/invoices/ | Status: 200 | Duration: 0.17s
INFO 2026-06-10 17:13:05,182 basehttp "GET /api/v1/financials/invoices/ HTTP/1.1" 200 52
INFO 2026-06-10 17:13:05,182 basehttp "GET /api/v1/financials/invoices/ HTTP/1.1" 200 52
INFO 2026-06-10 17:13:17,117 middleware → GET /api/v1/financials/budgets/ | User: Anonymous | IP: 127.0.0.1
INFO 2026-06-10 17:13:17,117 middleware → GET /api/v1/financials/budgets/ | User: Anonymous | IP: 127.0.0.1
INFO 2026-06-10 17:13:17,141 middleware ← GET /api/v1/financials/budgets/ | Status: 200 | Duration: 0.02s
INFO 2026-06-10 17:13:17,141 middleware ← GET /api/v1/financials/budgets/ | Status: 200 | Duration: 0.02s
INFO 2026-06-10 17:13:17,143 basehttp "GET /api/v1/financials/budgets/?year=2026 HTTP/1.1" 200 310
INFO 2026-06-10 17:13:17,143 basehttp "GET /api/v1/financials/budgets/?year=2026 HTTP/1.1" 200 310
INFO 2026-06-10 17:13:17,155 middleware → GET /api/v1/financials/budgets/ | User: Anonymous | IP: 127.0.0.1
INFO 2026-06-10 17:13:17,155 middleware → GET /api/v1/financials/budgets/ | User: Anonymous | IP: 127.0.0.1
INFO 2026-06-10 17:13:17,186 middleware ← GET /api/v1/financials/budgets/ | Status: 200 | Duration: 0.03s
INFO 2026-06-10 17:13:17,186 middleware ← GET /api/v1/financials/budgets/ | Status: 200 | Duration: 0.03s
INFO 2026-06-10 17:13:17,188 basehttp "GET /api/v1/financials/budgets/?year=2026 HTTP/1.1" 200 310
INFO 2026-06-10 17:13:17,188 basehttp "GET /api/v1/financials/budgets/?year=2026 HTTP/1.1" 200 310
INFO 2026-06-10 17:13:25,614 middleware → GET /api/v1/financials/budgets/ | User: Anonymous | IP: 127.0.0.1
INFO 2026-06-10 17:13:25,614 middleware → GET /api/v1/financials/budgets/ | User: Anonymous | IP: 127.0.0.1
INFO 2026-06-10 17:13:25,661 middleware ← GET /api/v1/financials/budgets/ | Status: 200 | Duration: 0.05s
INFO 2026-06-10 17:13:25,661 middleware ← GET /api/v1/financials/budgets/ | Status: 200 | Duration: 0.05s
INFO 2026-06-10 17:13:25,666 basehttp "GET /api/v1/financials/budgets/?year=2026&status=active&period=monthly HTTP/1.1" 200 310
INFO 2026-06-10 17:13:25,666 basehttp "GET /api/v1/financials/budgets/?year=2026&status=active&period=monthly HTTP/1.1" 200 310
INFO 2026-06-10 17:13:25,693 middleware → GET /api/v1/financials/transactions/ | User: Anonymous | IP: 127.0.0.1
INFO 2026-06-10 17:13:25,693 middleware → GET /api/v1/financials/transactions/ | User: Anonymous | IP: 127.0.0.1
INFO 2026-06-10 17:13:25,702 middleware → GET /api/v1/financials/loans/ | User: Anonymous | IP: 127.0.0.1
INFO 2026-06-10 17:13:25,704 middleware → GET /api/v1/sales/customers/ | User: Anonymous | IP: 127.0.0.1
INFO 2026-06-10 17:13:25,708 middleware → GET /api/v1/financials/cash-flow/ | User: Anonymous | IP: 127.0.0.1
INFO 2026-06-10 17:13:25,711 middleware → GET /api/v1/financials/budgets/ | User: Anonymous | IP: 127.0.0.1
INFO 2026-06-10 17:13:25,715 middleware → GET /api/v1/bi/financial/profit-loss/ | User: Anonymous | IP: 127.0.0.1
INFO 2026-06-10 17:13:25,702 middleware → GET /api/v1/financials/loans/ | User: Anonymous | IP: 127.0.0.1
INFO 2026-06-10 17:13:25,704 middleware → GET /api/v1/sales/customers/ | User: Anonymous | IP: 127.0.0.1
INFO 2026-06-10 17:13:25,708 middleware → GET /api/v1/financials/cash-flow/ | User: Anonymous | IP: 127.0.0.1
INFO 2026-06-10 17:13:25,711 middleware → GET /api/v1/financials/budgets/ | User: Anonymous | IP: 127.0.0.1
INFO 2026-06-10 17:13:25,715 middleware → GET /api/v1/bi/financial/profit-loss/ | User: Anonymous | IP: 127.0.0.1
INFO 2026-06-10 17:13:25,767 middleware ← GET /api/v1/financials/transactions/ | Status: 200 | Duration: 0.07s
INFO 2026-06-10 17:13:25,767 middleware ← GET /api/v1/financials/transactions/ | Status: 200 | Duration: 0.07s
INFO 2026-06-10 17:13:25,828 basehttp "GET /api/v1/financials/transactions/ HTTP/1.1" 200 519
INFO 2026-06-10 17:13:25,828 basehttp "GET /api/v1/financials/transactions/ HTTP/1.1" 200 519
INFO 2026-06-10 17:13:25,851 middleware → GET /api/v1/financials/petty-cash/ | User: Anonymous | IP: 127.0.0.1
INFO 2026-06-10 17:13:25,854 middleware ← GET /api/v1/sales/customers/ | Status: 200 | Duration: 0.15s
INFO 2026-06-10 17:13:25,851 middleware → GET /api/v1/financials/petty-cash/ | User: Anonymous | IP: 127.0.0.1
INFO 2026-06-10 17:13:25,860 middleware ← GET /api/v1/financials/loans/ | Status: 200 | Duration: 0.16s
INFO 2026-06-10 17:13:25,854 middleware ← GET /api/v1/sales/customers/ | Status: 200 | Duration: 0.15s
INFO 2026-06-10 17:13:25,860 middleware ← GET /api/v1/financials/loans/ | Status: 200 | Duration: 0.16s
INFO 2026-06-10 17:13:25,895 basehttp "GET /api/v1/financials/loans/ HTTP/1.1" 200 52
INFO 2026-06-10 17:13:25,902 middleware ← GET /api/v1/financials/budgets/ | Status: 200 | Duration: 0.19s
INFO 2026-06-10 17:13:25,895 basehttp "GET /api/v1/financials/loans/ HTTP/1.1" 200 52
INFO 2026-06-10 17:13:25,902 middleware ← GET /api/v1/financials/budgets/ | Status: 200 | Duration: 0.19s
INFO 2026-06-10 17:13:25,920 middleware ← GET /api/v1/bi/financial/profit-loss/ | Status: 200 | Duration: 0.21s
INFO 2026-06-10 17:13:25,929 basehttp "GET /api/v1/financials/budgets/?year=2026&status=active&period=monthly HTTP/1.1" 200 310
INFO 2026-06-10 17:13:25,930 middleware → GET /api/v1/hr/payroll/ | User: Anonymous | IP: 127.0.0.1
INFO 2026-06-10 17:13:25,920 middleware ← GET /api/v1/bi/financial/profit-loss/ | Status: 200 | Duration: 0.21s
INFO 2026-06-10 17:13:25,929 basehttp "GET /api/v1/financials/budgets/?year=2026&status=active&period=monthly HTTP/1.1" 200 310
INFO 2026-06-10 17:13:25,930 middleware → GET /api/v1/hr/payroll/ | User: Anonymous | IP: 127.0.0.1
INFO 2026-06-10 17:13:25,948 middleware → GET /api/v1/financials/invoices/ | User: Anonymous | IP: 127.0.0.1
INFO 2026-06-10 17:13:25,951 middleware ← GET /api/v1/financials/cash-flow/ | Status: 200 | Duration: 0.24s
INFO 2026-06-10 17:13:25,951 basehttp "GET /api/v1/bi/financial/profit-loss/ HTTP/1.1" 200 88
INFO 2026-06-10 17:13:25,952 basehttp "GET /api/v1/sales/customers/ HTTP/1.1" 200 283
INFO 2026-06-10 17:13:25,948 middleware → GET /api/v1/financials/invoices/ | User: Anonymous | IP: 127.0.0.1
INFO 2026-06-10 17:13:25,951 middleware ← GET /api/v1/financials/cash-flow/ | Status: 200 | Duration: 0.24s
INFO 2026-06-10 17:13:25,951 basehttp "GET /api/v1/bi/financial/profit-loss/ HTTP/1.1" 200 88
INFO 2026-06-10 17:13:25,952 basehttp "GET /api/v1/sales/customers/ HTTP/1.1" 200 283
INFO 2026-06-10 17:13:25,984 middleware → GET /api/v1/financials/transactions/ | User: Anonymous | IP: 127.0.0.1
INFO 2026-06-10 17:13:25,984 middleware → GET /api/v1/financials/transactions/ | User: Anonymous | IP: 127.0.0.1
INFO 2026-06-10 17:13:25,986 basehttp "GET /api/v1/financials/cash-flow/ HTTP/1.1" 200 1986
INFO 2026-06-10 17:13:25,986 basehttp "GET /api/v1/financials/cash-flow/ HTTP/1.1" 200 1986
INFO 2026-06-10 17:13:25,999 middleware → GET /api/v1/sales/sales/ | User: Anonymous | IP: 127.0.0.1
INFO 2026-06-10 17:13:25,999 middleware → GET /api/v1/sales/sales/ | User: Anonymous | IP: 127.0.0.1
INFO 2026-06-10 17:13:26,008 middleware → GET /api/v1/financials/loans/ | User: Anonymous | IP: 127.0.0.1
INFO 2026-06-10 17:13:26,012 middleware ← GET /api/v1/hr/payroll/ | Status: 200 | Duration: 0.08s
INFO 2026-06-10 17:13:26,008 middleware → GET /api/v1/financials/loans/ | User: Anonymous | IP: 127.0.0.1
INFO 2026-06-10 17:13:26,012 middleware ← GET /api/v1/hr/payroll/ | Status: 200 | Duration: 0.08s
INFO 2026-06-10 17:13:26,050 basehttp "GET /api/v1/hr/payroll/ HTTP/1.1" 200 52
INFO 2026-06-10 17:13:26,050 basehttp "GET /api/v1/hr/payroll/ HTTP/1.1" 200 52
INFO 2026-06-10 17:13:26,062 middleware ← GET /api/v1/financials/petty-cash/ | Status: 200 | Duration: 0.21s
INFO 2026-06-10 17:13:26,066 middleware → GET /api/v1/sales/customers/ | User: Anonymous | IP: 127.0.0.1
INFO 2026-06-10 17:13:26,069 middleware ← GET /api/v1/financials/invoices/ | Status: 200 | Duration: 0.12s
INFO 2026-06-10 17:13:26,062 middleware ← GET /api/v1/financials/petty-cash/ | Status: 200 | Duration: 0.21s
INFO 2026-06-10 17:13:26,066 middleware → GET /api/v1/sales/customers/ | User: Anonymous | IP: 127.0.0.1
INFO 2026-06-10 17:13:26,069 middleware ← GET /api/v1/financials/invoices/ | Status: 200 | Duration: 0.12s
INFO 2026-06-10 17:13:26,080 basehttp "GET /api/v1/financials/petty-cash/ HTTP/1.1" 200 52
INFO 2026-06-10 17:13:26,080 basehttp "GET /api/v1/financials/petty-cash/ HTTP/1.1" 200 52
INFO 2026-06-10 17:13:26,097 middleware → GET /api/v1/bi/financial/profit-loss/ | User: Anonymous | IP: 127.0.0.1
INFO 2026-06-10 17:13:26,097 middleware → GET /api/v1/bi/financial/profit-loss/ | User: Anonymous | IP: 127.0.0.1
INFO 2026-06-10 17:13:26,087 middleware ← GET /api/v1/financials/transactions/ | Status: 200 | Duration: 0.10s
INFO 2026-06-10 17:13:26,087 middleware ← GET /api/v1/financials/transactions/ | Status: 200 | Duration: 0.10s
INFO 2026-06-10 17:13:26,116 middleware ← GET /api/v1/sales/sales/ | Status: 200 | Duration: 0.12s
INFO 2026-06-10 17:13:26,116 middleware ← GET /api/v1/sales/sales/ | Status: 200 | Duration: 0.12s
INFO 2026-06-10 17:13:26,121 basehttp "GET /api/v1/financials/transactions/ HTTP/1.1" 200 519
INFO 2026-06-10 17:13:26,121 basehttp "GET /api/v1/financials/transactions/ HTTP/1.1" 200 519
INFO 2026-06-10 17:13:26,141 basehttp "GET /api/v1/financials/invoices/ HTTP/1.1" 200 52
INFO 2026-06-10 17:13:26,141 basehttp "GET /api/v1/financials/invoices/ HTTP/1.1" 200 52
INFO 2026-06-10 17:13:26,138 middleware ← GET /api/v1/financials/loans/ | Status: 200 | Duration: 0.13s
INFO 2026-06-10 17:13:26,138 middleware ← GET /api/v1/financials/loans/ | Status: 200 | Duration: 0.13s
INFO 2026-06-10 17:13:26,243 middleware → GET /api/v1/financials/petty-cash/ | User: Anonymous | IP: 127.0.0.1
INFO 2026-06-10 17:13:26,243 middleware → GET /api/v1/financials/petty-cash/ | User: Anonymous | IP: 127.0.0.1
INFO 2026-06-10 17:13:26,219 middleware → GET /api/v1/financials/cash-flow/ | User: Anonymous | IP: 127.0.0.1
INFO 2026-06-10 17:13:26,219 middleware → GET /api/v1/financials/cash-flow/ | User: Anonymous | IP: 127.0.0.1
INFO 2026-06-10 17:13:26,145 basehttp "GET /api/v1/sales/sales/?page_size=500 HTTP/1.1" 200 52
INFO 2026-06-10 17:13:26,257 basehttp "GET /api/v1/financials/loans/ HTTP/1.1" 200 52
INFO 2026-06-10 17:13:26,145 basehttp "GET /api/v1/sales/sales/?page_size=500 HTTP/1.1" 200 52
INFO 2026-06-10 17:13:26,262 middleware → GET /api/v1/hr/payroll/ | User: Anonymous | IP: 127.0.0.1
INFO 2026-06-10 17:13:26,262 middleware → GET /api/v1/hr/payroll/ | User: Anonymous | IP: 127.0.0.1
INFO 2026-06-10 17:13:26,257 basehttp "GET /api/v1/financials/loans/ HTTP/1.1" 200 52
INFO 2026-06-10 17:13:26,293 middleware → GET /api/v1/financials/invoices/ | User: Anonymous | IP: 127.0.0.1
INFO 2026-06-10 17:13:26,293 middleware → GET /api/v1/financials/invoices/ | User: Anonymous | IP: 127.0.0.1
INFO 2026-06-10 17:13:26,338 middleware ← GET /api/v1/sales/customers/ | Status: 200 | Duration: 0.27s
INFO 2026-06-10 17:13:26,338 middleware ← GET /api/v1/sales/customers/ | Status: 200 | Duration: 0.27s
INFO 2026-06-10 17:13:26,343 middleware ← GET /api/v1/financials/petty-cash/ | Status: 200 | Duration: 0.10s
INFO 2026-06-10 17:13:26,343 middleware ← GET /api/v1/financials/petty-cash/ | Status: 200 | Duration: 0.10s
INFO 2026-06-10 17:13:26,349 basehttp "GET /api/v1/sales/customers/ HTTP/1.1" 200 283
INFO 2026-06-10 17:13:26,349 basehttp "GET /api/v1/sales/customers/ HTTP/1.1" 200 283
INFO 2026-06-10 17:13:26,373 middleware → GET /api/v1/sales/sales/ | User: Anonymous | IP: 127.0.0.1
INFO 2026-06-10 17:13:26,373 middleware → GET /api/v1/sales/sales/ | User: Anonymous | IP: 127.0.0.1
INFO 2026-06-10 17:13:26,351 basehttp "GET /api/v1/financials/petty-cash/ HTTP/1.1" 200 52
INFO 2026-06-10 17:13:26,351 basehttp "GET /api/v1/financials/petty-cash/ HTTP/1.1" 200 52
INFO 2026-06-10 17:13:26,399 middleware ← GET /api/v1/financials/cash-flow/ | Status: 200 | Duration: 0.18s
INFO 2026-06-10 17:13:26,399 middleware ← GET /api/v1/financials/cash-flow/ | Status: 200 | Duration: 0.18s
INFO 2026-06-10 17:13:26,401 basehttp "GET /api/v1/financials/cash-flow/ HTTP/1.1" 200 1986
INFO 2026-06-10 17:13:26,401 basehttp "GET /api/v1/financials/cash-flow/ HTTP/1.1" 200 1986
INFO 2026-06-10 17:13:26,406 middleware ← GET /api/v1/hr/payroll/ | Status: 200 | Duration: 0.14s
INFO 2026-06-10 17:13:26,406 middleware ← GET /api/v1/hr/payroll/ | Status: 200 | Duration: 0.14s
INFO 2026-06-10 17:13:26,413 basehttp "GET /api/v1/hr/payroll/ HTTP/1.1" 200 52
INFO 2026-06-10 17:13:26,413 basehttp "GET /api/v1/hr/payroll/ HTTP/1.1" 200 52
INFO 2026-06-10 17:13:26,503 middleware ← GET /api/v1/financials/invoices/ | Status: 200 | Duration: 0.21s
INFO 2026-06-10 17:13:26,503 middleware ← GET /api/v1/financials/invoices/ | Status: 200 | Duration: 0.21s
INFO 2026-06-10 17:13:26,513 middleware ← GET /api/v1/bi/financial/profit-loss/ | Status: 200 | Duration: 0.42s
INFO 2026-06-10 17:13:26,513 middleware ← GET /api/v1/bi/financial/profit-loss/ | Status: 200 | Duration: 0.42s
INFO 2026-06-10 17:13:26,522 basehttp "GET /api/v1/financials/invoices/ HTTP/1.1" 200 52
INFO 2026-06-10 17:13:26,527 middleware ← GET /api/v1/sales/sales/ | Status: 200 | Duration: 0.15s
INFO 2026-06-10 17:13:26,527 middleware ← GET /api/v1/sales/sales/ | Status: 200 | Duration: 0.15s
INFO 2026-06-10 17:13:26,528 basehttp "GET /api/v1/bi/financial/profit-loss/ HTTP/1.1" 200 88
INFO 2026-06-10 17:13:26,528 basehttp "GET /api/v1/bi/financial/profit-loss/ HTTP/1.1" 200 88
INFO 2026-06-10 17:13:26,522 basehttp "GET /api/v1/financials/invoices/ HTTP/1.1" 200 52
INFO 2026-06-10 17:13:26,535 basehttp "GET /api/v1/sales/sales/?page_size=500 HTTP/1.1" 200 52
INFO 2026-06-10 17:13:26,535 basehttp "GET /api/v1/sales/sales/?page_size=500 HTTP/1.1" 200 52
INFO 2026-06-10 17:14:00,999 middleware → GET /api/v1/financials/petty-cash/ | User: Anonymous | IP: 127.0.0.1
INFO 2026-06-10 17:14:00,999 middleware → GET /api/v1/financials/petty-cash/ | User: Anonymous | IP: 127.0.0.1
INFO 2026-06-10 17:14:01,047 middleware ← GET /api/v1/financials/petty-cash/ | Status: 200 | Duration: 0.05s
INFO 2026-06-10 17:14:01,047 middleware ← GET /api/v1/financials/petty-cash/ | Status: 200 | Duration: 0.05s
INFO 2026-06-10 17:14:01,050 basehttp "GET /api/v1/financials/petty-cash/?page=1&page_size=20 HTTP/1.1" 200 52
INFO 2026-06-10 17:14:01,050 basehttp "GET /api/v1/financials/petty-cash/?page=1&page_size=20 HTTP/1.1" 200 52
INFO 2026-06-10 17:14:01,084 middleware → GET /api/v1/financials/petty-cash/ | User: Anonymous | IP: 127.0.0.1
INFO 2026-06-10 17:14:01,084 middleware → GET /api/v1/financials/petty-cash/ | User: Anonymous | IP: 127.0.0.1
INFO 2026-06-10 17:14:01,109 middleware ← GET /api/v1/financials/petty-cash/ | Status: 200 | Duration: 0.03s
INFO 2026-06-10 17:14:01,109 middleware ← GET /api/v1/financials/petty-cash/ | Status: 200 | Duration: 0.03s
INFO 2026-06-10 17:14:01,111 basehttp "GET /api/v1/financials/petty-cash/?page=1&page_size=20 HTTP/1.1" 200 52
INFO 2026-06-10 17:14:01,111 basehttp "GET /api/v1/financials/petty-cash/?page=1&page_size=20 HTTP/1.1" 200 52
INFO 2026-06-10 17:14:06,894 middleware → GET /api/v1/financials/transactions/ | User: Anonymous | IP: 127.0.0.1
INFO 2026-06-10 17:14:06,894 middleware → GET /api/v1/financials/transactions/ | User: Anonymous | IP: 127.0.0.1
INFO 2026-06-10 17:14:06,910 middleware ← GET /api/v1/financials/transactions/ | Status: 200 | Duration: 0.02s
INFO 2026-06-10 17:14:06,910 middleware ← GET /api/v1/financials/transactions/ | Status: 200 | Duration: 0.02s
INFO 2026-06-10 17:14:06,912 basehttp "GET /api/v1/financials/transactions/?page=1&page_size=20 HTTP/1.1" 200 519
INFO 2026-06-10 17:14:06,912 basehttp "GET /api/v1/financials/transactions/?page=1&page_size=20 HTTP/1.1" 200 519
INFO 2026-06-10 17:14:06,989 middleware → GET /api/v1/financials/transactions/ | User: Anonymous | IP: 127.0.0.1
INFO 2026-06-10 17:14:06,989 middleware → GET /api/v1/financials/transactions/ | User: Anonymous | IP: 127.0.0.1
INFO 2026-06-10 17:14:07,042 middleware ← GET /api/v1/financials/transactions/ | Status: 200 | Duration: 0.05s
INFO 2026-06-10 17:14:07,042 middleware ← GET /api/v1/financials/transactions/ | Status: 200 | Duration: 0.05s
INFO 2026-06-10 17:14:07,046 basehttp "GET /api/v1/financials/transactions/?page=1&page_size=20 HTTP/1.1" 200 519
INFO 2026-06-10 17:14:07,046 basehttp "GET /api/v1/financials/transactions/?page=1&page_size=20 HTTP/1.1" 200 519
INFO 2026-06-10 17:14:10,795 basehttp "OPTIONS /api/v1/financials/transactions/2/ HTTP/1.1" 200 0
INFO 2026-06-10 17:14:10,795 basehttp "OPTIONS /api/v1/financials/transactions/2/ HTTP/1.1" 200 0
INFO 2026-06-10 17:14:10,799 middleware → DELETE /api/v1/financials/transactions/2/ | User: Anonymous | IP: 127.0.0.1
INFO 2026-06-10 17:14:10,799 middleware → DELETE /api/v1/financials/transactions/2/ | User: Anonymous | IP: 127.0.0.1
INFO 2026-06-10 17:14:10,821 logging_utils AUDIT: admin@bizsmart.com - DELETE - financials - DELETE /api/v1/financials/transactions/2/
INFO 2026-06-10 17:14:10,821 logging_utils AUDIT: admin@bizsmart.com - DELETE - financials - DELETE /api/v1/financials/transactions/2/
INFO 2026-06-10 17:14:10,823 middleware ← DELETE /api/v1/financials/transactions/2/ | Status: 204 | Duration: 0.02s
INFO 2026-06-10 17:14:10,823 middleware ← DELETE /api/v1/financials/transactions/2/ | Status: 204 | Duration: 0.02s
INFO 2026-06-10 17:14:10,825 basehttp "DELETE /api/v1/financials/transactions/2/ HTTP/1.1" 204 0
INFO 2026-06-10 17:14:10,825 basehttp "DELETE /api/v1/financials/transactions/2/ HTTP/1.1" 204 0
INFO 2026-06-10 17:14:10,835 middleware → GET /api/v1/financials/transactions/ | User: Anonymous | IP: 127.0.0.1
INFO 2026-06-10 17:14:10,835 middleware → GET /api/v1/financials/transactions/ | User: Anonymous | IP: 127.0.0.1
INFO 2026-06-10 17:14:10,954 middleware ← GET /api/v1/financials/transactions/ | Status: 200 | Duration: 0.12s
INFO 2026-06-10 17:14:10,954 middleware ← GET /api/v1/financials/transactions/ | Status: 200 | Duration: 0.12s
INFO 2026-06-10 17:14:10,955 basehttp "GET /api/v1/financials/transactions/?page=1&page_size=20 HTTP/1.1" 200 52
INFO 2026-06-10 17:14:10,955 basehttp "GET /api/v1/financials/transactions/?page=1&page_size=20 HTTP/1.1" 200 52
INFO 2026-06-10 17:14:14,951 middleware → GET /api/v1/financials/budgets/ | User: Anonymous | IP: 127.0.0.1
INFO 2026-06-10 17:14:14,951 middleware → GET /api/v1/financials/budgets/ | User: Anonymous | IP: 127.0.0.1
INFO 2026-06-10 17:14:14,993 middleware ← GET /api/v1/financials/budgets/ | Status: 200 | Duration: 0.04s
INFO 2026-06-10 17:14:14,993 middleware ← GET /api/v1/financials/budgets/ | Status: 200 | Duration: 0.04s
INFO 2026-06-10 17:14:14,997 basehttp "GET /api/v1/financials/budgets/?year=2026&status=active&period=monthly HTTP/1.1" 200 310
INFO 2026-06-10 17:14:14,997 basehttp "GET /api/v1/financials/budgets/?year=2026&status=active&period=monthly HTTP/1.1" 200 310
INFO 2026-06-10 17:14:15,018 middleware → GET /api/v1/financials/budgets/ | User: Anonymous | IP: 127.0.0.1
INFO 2026-06-10 17:14:15,020 middleware → GET /api/v1/bi/financial/profit-loss/ | User: Anonymous | IP: 127.0.0.1
INFO 2026-06-10 17:14:15,018 middleware → GET /api/v1/financials/budgets/ | User: Anonymous | IP: 127.0.0.1
INFO 2026-06-10 17:14:15,025 middleware → GET /api/v1/financials/transactions/ | User: Anonymous | IP: 127.0.0.1
INFO 2026-06-10 17:14:15,035 middleware → GET /api/v1/financials/cash-flow/ | User: Anonymous | IP: 127.0.0.1
INFO 2026-06-10 17:14:15,034 middleware → GET /api/v1/sales/customers/ | User: Anonymous | IP: 127.0.0.1
INFO 2026-06-10 17:14:15,024 middleware → GET /api/v1/financials/loans/ | User: Anonymous | IP: 127.0.0.1
INFO 2026-06-10 17:14:15,035 middleware → GET /api/v1/financials/cash-flow/ | User: Anonymous | IP: 127.0.0.1
INFO 2026-06-10 17:14:15,025 middleware → GET /api/v1/financials/transactions/ | User: Anonymous | IP: 127.0.0.1
INFO 2026-06-10 17:14:15,020 middleware → GET /api/v1/bi/financial/profit-loss/ | User: Anonymous | IP: 127.0.0.1
INFO 2026-06-10 17:14:15,034 middleware → GET /api/v1/sales/customers/ | User: Anonymous | IP: 127.0.0.1
INFO 2026-06-10 17:14:15,024 middleware → GET /api/v1/financials/loans/ | User: Anonymous | IP: 127.0.0.1
INFO 2026-06-10 17:14:15,140 middleware ← GET /api/v1/financials/transactions/ | Status: 200 | Duration: 0.11s
INFO 2026-06-10 17:14:15,140 middleware ← GET /api/v1/financials/transactions/ | Status: 200 | Duration: 0.11s
INFO 2026-06-10 17:14:15,149 middleware ← GET /api/v1/financials/cash-flow/ | Status: 200 | Duration: 0.11s
INFO 2026-06-10 17:14:15,149 middleware ← GET /api/v1/financials/cash-flow/ | Status: 200 | Duration: 0.11s
INFO 2026-06-10 17:14:15,152 middleware ← GET /api/v1/financials/budgets/ | Status: 200 | Duration: 0.13s
INFO 2026-06-10 17:14:15,161 middleware ← GET /api/v1/financials/loans/ | Status: 200 | Duration: 0.14s
INFO 2026-06-10 17:14:15,170 middleware ← GET /api/v1/sales/customers/ | Status: 200 | Duration: 0.14s
INFO 2026-06-10 17:14:15,179 basehttp "GET /api/v1/financials/cash-flow/ HTTP/1.1" 200 1681
INFO 2026-06-10 17:14:15,180 basehttp "GET /api/v1/financials/transactions/ HTTP/1.1" 200 52
INFO 2026-06-10 17:14:15,152 middleware ← GET /api/v1/financials/budgets/ | Status: 200 | Duration: 0.13s
INFO 2026-06-10 17:14:15,182 middleware ← GET /api/v1/bi/financial/profit-loss/ | Status: 200 | Duration: 0.16s
INFO 2026-06-10 17:14:15,161 middleware ← GET /api/v1/financials/loans/ | Status: 200 | Duration: 0.14s
INFO 2026-06-10 17:14:15,170 middleware ← GET /api/v1/sales/customers/ | Status: 200 | Duration: 0.14s
INFO 2026-06-10 17:14:15,212 basehttp "GET /api/v1/sales/customers/ HTTP/1.1" 200 283
INFO 2026-06-10 17:14:15,212 basehttp "GET /api/v1/sales/customers/ HTTP/1.1" 200 283
INFO 2026-06-10 17:14:15,179 basehttp "GET /api/v1/financials/cash-flow/ HTTP/1.1" 200 1681
INFO 2026-06-10 17:14:15,195 basehttp "GET /api/v1/financials/budgets/?year=2026&status=active&period=monthly HTTP/1.1" 200 310
INFO 2026-06-10 17:14:15,216 middleware → GET /api/v1/financials/cash-flow/ | User: Anonymous | IP: 127.0.0.1
INFO 2026-06-10 17:14:15,208 basehttp "GET /api/v1/financials/loans/ HTTP/1.1" 200 52
INFO 2026-06-10 17:14:15,182 middleware ← GET /api/v1/bi/financial/profit-loss/ | Status: 200 | Duration: 0.16s
INFO 2026-06-10 17:14:15,180 basehttp "GET /api/v1/financials/transactions/ HTTP/1.1" 200 52
INFO 2026-06-10 17:14:15,224 middleware → GET /api/v1/financials/petty-cash/ | User: Anonymous | IP: 127.0.0.1
INFO 2026-06-10 17:14:15,195 basehttp "GET /api/v1/financials/budgets/?year=2026&status=active&period=monthly HTTP/1.1" 200 310
INFO 2026-06-10 17:14:15,216 middleware → GET /api/v1/financials/cash-flow/ | User: Anonymous | IP: 127.0.0.1
INFO 2026-06-10 17:14:15,208 basehttp "GET /api/v1/financials/loans/ HTTP/1.1" 200 52
INFO 2026-06-10 17:14:15,232 basehttp "GET /api/v1/bi/financial/profit-loss/ HTTP/1.1" 200 77
INFO 2026-06-10 17:14:15,224 middleware → GET /api/v1/financials/petty-cash/ | User: Anonymous | IP: 127.0.0.1
INFO 2026-06-10 17:14:15,236 middleware → GET /api/v1/hr/payroll/ | User: Anonymous | IP: 127.0.0.1
INFO 2026-06-10 17:14:15,240 middleware → GET /api/v1/financials/invoices/ | User: Anonymous | IP: 127.0.0.1
INFO 2026-06-10 17:14:15,240 middleware → GET /api/v1/financials/invoices/ | User: Anonymous | IP: 127.0.0.1
INFO 2026-06-10 17:14:15,249 middleware → GET /api/v1/sales/sales/ | User: Anonymous | IP: 127.0.0.1
INFO 2026-06-10 17:14:15,236 middleware → GET /api/v1/hr/payroll/ | User: Anonymous | IP: 127.0.0.1
INFO 2026-06-10 17:14:15,232 basehttp "GET /api/v1/bi/financial/profit-loss/ HTTP/1.1" 200 77
INFO 2026-06-10 17:14:15,249 middleware → GET /api/v1/sales/sales/ | User: Anonymous | IP: 127.0.0.1
INFO 2026-06-10 17:14:15,274 middleware → GET /api/v1/financials/transactions/ | User: Anonymous | IP: 127.0.0.1
INFO 2026-06-10 17:14:15,274 middleware → GET /api/v1/financials/transactions/ | User: Anonymous | IP: 127.0.0.1
INFO 2026-06-10 17:14:15,338 middleware ← GET /api/v1/financials/invoices/ | Status: 200 | Duration: 0.10s
INFO 2026-06-10 17:14:15,341 middleware ← GET /api/v1/sales/sales/ | Status: 200 | Duration: 0.09s
INFO 2026-06-10 17:14:15,345 middleware ← GET /api/v1/hr/payroll/ | Status: 200 | Duration: 0.11s
INFO 2026-06-10 17:14:15,338 middleware ← GET /api/v1/financials/invoices/ | Status: 200 | Duration: 0.10s
INFO 2026-06-10 17:14:15,341 middleware ← GET /api/v1/sales/sales/ | Status: 200 | Duration: 0.09s
INFO 2026-06-10 17:14:15,345 middleware ← GET /api/v1/hr/payroll/ | Status: 200 | Duration: 0.11s
INFO 2026-06-10 17:14:15,366 basehttp "GET /api/v1/hr/payroll/ HTTP/1.1" 200 52
INFO 2026-06-10 17:14:15,366 basehttp "GET /api/v1/hr/payroll/ HTTP/1.1" 200 52
INFO 2026-06-10 17:14:15,357 middleware ← GET /api/v1/financials/cash-flow/ | Status: 200 | Duration: 0.14s
INFO 2026-06-10 17:14:15,368 basehttp "GET /api/v1/sales/sales/?page_size=500 HTTP/1.1" 200 52
INFO 2026-06-10 17:14:15,349 middleware ← GET /api/v1/financials/transactions/ | Status: 200 | Duration: 0.08s
INFO 2026-06-10 17:14:15,359 basehttp "GET /api/v1/financials/invoices/ HTTP/1.1" 200 52
INFO 2026-06-10 17:14:15,357 middleware ← GET /api/v1/financials/cash-flow/ | Status: 200 | Duration: 0.14s
INFO 2026-06-10 17:14:15,376 middleware → GET /api/v1/sales/customers/ | User: Anonymous | IP: 127.0.0.1
INFO 2026-06-10 17:14:15,368 basehttp "GET /api/v1/sales/sales/?page_size=500 HTTP/1.1" 200 52
INFO 2026-06-10 17:14:15,349 middleware ← GET /api/v1/financials/transactions/ | Status: 200 | Duration: 0.08s
INFO 2026-06-10 17:14:15,359 basehttp "GET /api/v1/financials/invoices/ HTTP/1.1" 200 52
INFO 2026-06-10 17:14:15,376 middleware → GET /api/v1/sales/customers/ | User: Anonymous | IP: 127.0.0.1
INFO 2026-06-10 17:14:15,393 middleware ← GET /api/v1/financials/petty-cash/ | Status: 200 | Duration: 0.17s
INFO 2026-06-10 17:14:15,393 middleware ← GET /api/v1/financials/petty-cash/ | Status: 200 | Duration: 0.17s
INFO 2026-06-10 17:14:15,397 basehttp "GET /api/v1/financials/cash-flow/ HTTP/1.1" 200 1681
INFO 2026-06-10 17:14:15,401 basehttp "GET /api/v1/financials/transactions/ HTTP/1.1" 200 52
INFO 2026-06-10 17:14:15,401 basehttp "GET /api/v1/financials/transactions/ HTTP/1.1" 200 52
INFO 2026-06-10 17:14:15,471 middleware → GET /api/v1/sales/sales/ | User: Anonymous | IP: 127.0.0.1
INFO 2026-06-10 17:14:15,471 middleware → GET /api/v1/sales/sales/ | User: Anonymous | IP: 127.0.0.1
INFO 2026-06-10 17:14:15,412 basehttp "GET /api/v1/financials/petty-cash/ HTTP/1.1" 200 52
INFO 2026-06-10 17:14:15,412 basehttp "GET /api/v1/financials/petty-cash/ HTTP/1.1" 200 52
INFO 2026-06-10 17:14:15,484 middleware → GET /api/v1/hr/payroll/ | User: Anonymous | IP: 127.0.0.1
INFO 2026-06-10 17:14:15,484 middleware → GET /api/v1/hr/payroll/ | User: Anonymous | IP: 127.0.0.1
INFO 2026-06-10 17:14:15,399 middleware → GET /api/v1/bi/financial/profit-loss/ | User: Anonymous | IP: 127.0.0.1
INFO 2026-06-10 17:14:15,397 basehttp "GET /api/v1/financials/cash-flow/ HTTP/1.1" 200 1681
INFO 2026-06-10 17:14:15,399 middleware → GET /api/v1/bi/financial/profit-loss/ | User: Anonymous | IP: 127.0.0.1
INFO 2026-06-10 17:14:15,509 middleware → GET /api/v1/financials/invoices/ | User: Anonymous | IP: 127.0.0.1
INFO 2026-06-10 17:14:15,514 middleware → GET /api/v1/financials/loans/ | User: Anonymous | IP: 127.0.0.1
INFO 2026-06-10 17:14:15,509 middleware → GET /api/v1/financials/invoices/ | User: Anonymous | IP: 127.0.0.1
INFO 2026-06-10 17:14:15,514 middleware → GET /api/v1/financials/loans/ | User: Anonymous | IP: 127.0.0.1
INFO 2026-06-10 17:14:15,544 middleware ← GET /api/v1/hr/payroll/ | Status: 200 | Duration: 0.06s
INFO 2026-06-10 17:14:15,544 middleware ← GET /api/v1/hr/payroll/ | Status: 200 | Duration: 0.06s
INFO 2026-06-10 17:14:15,569 middleware ← GET /api/v1/bi/financial/profit-loss/ | Status: 200 | Duration: 0.17s
INFO 2026-06-10 17:14:15,569 middleware ← GET /api/v1/bi/financial/profit-loss/ | Status: 200 | Duration: 0.17s
INFO 2026-06-10 17:14:15,577 basehttp "GET /api/v1/bi/financial/profit-loss/ HTTP/1.1" 200 77
INFO 2026-06-10 17:14:15,577 basehttp "GET /api/v1/bi/financial/profit-loss/ HTTP/1.1" 200 77
INFO 2026-06-10 17:14:15,581 middleware → GET /api/v1/financials/petty-cash/ | User: Anonymous | IP: 127.0.0.1
INFO 2026-06-10 17:14:15,581 middleware → GET /api/v1/financials/petty-cash/ | User: Anonymous | IP: 127.0.0.1
INFO 2026-06-10 17:14:15,611 basehttp "GET /api/v1/hr/payroll/ HTTP/1.1" 200 52
INFO 2026-06-10 17:14:15,611 basehttp "GET /api/v1/hr/payroll/ HTTP/1.1" 200 52
INFO 2026-06-10 17:14:15,653 middleware ← GET /api/v1/sales/sales/ | Status: 200 | Duration: 0.18s
INFO 2026-06-10 17:14:15,653 middleware ← GET /api/v1/sales/sales/ | Status: 200 | Duration: 0.18s
INFO 2026-06-10 17:14:15,655 basehttp "GET /api/v1/sales/sales/?page_size=500 HTTP/1.1" 200 52
INFO 2026-06-10 17:14:15,655 basehttp "GET /api/v1/sales/sales/?page_size=500 HTTP/1.1" 200 52
INFO 2026-06-10 17:14:15,672 middleware ← GET /api/v1/sales/customers/ | Status: 200 | Duration: 0.30s
INFO 2026-06-10 17:14:15,672 middleware ← GET /api/v1/sales/customers/ | Status: 200 | Duration: 0.30s
INFO 2026-06-10 17:14:15,682 middleware ← GET /api/v1/financials/loans/ | Status: 200 | Duration: 0.17s
INFO 2026-06-10 17:14:15,700 middleware ← GET /api/v1/financials/invoices/ | Status: 200 | Duration: 0.19s
INFO 2026-06-10 17:14:15,704 basehttp "GET /api/v1/sales/customers/ HTTP/1.1" 200 283
INFO 2026-06-10 17:14:15,704 basehttp "GET /api/v1/sales/customers/ HTTP/1.1" 200 283
INFO 2026-06-10 17:14:15,700 middleware ← GET /api/v1/financials/invoices/ | Status: 200 | Duration: 0.19s
INFO 2026-06-10 17:14:15,682 middleware ← GET /api/v1/financials/loans/ | Status: 200 | Duration: 0.17s
INFO 2026-06-10 17:14:15,736 basehttp "GET /api/v1/financials/invoices/ HTTP/1.1" 200 52
INFO 2026-06-10 17:14:15,736 basehttp "GET /api/v1/financials/invoices/ HTTP/1.1" 200 52
INFO 2026-06-10 17:14:15,741 basehttp "GET /api/v1/financials/loans/ HTTP/1.1" 200 52
INFO 2026-06-10 17:14:15,741 basehttp "GET /api/v1/financials/loans/ HTTP/1.1" 200 52
INFO 2026-06-10 17:14:15,754 middleware ← GET /api/v1/financials/petty-cash/ | Status: 200 | Duration: 0.17s
INFO 2026-06-10 17:14:15,754 middleware ← GET /api/v1/financials/petty-cash/ | Status: 200 | Duration: 0.17s
INFO 2026-06-10 17:14:15,780 basehttp "GET /api/v1/financials/petty-cash/ HTTP/1.1" 200 52
INFO 2026-06-10 17:14:15,780 basehttp "GET /api/v1/financials/petty-cash/ HTTP/1.1" 200 52
INFO 2026-06-10 17:14:26,049 basehttp "OPTIONS /api/v1/bi/dashboard/available-months/ HTTP/1.1" 200 0
INFO 2026-06-10 17:14:26,049 basehttp "OPTIONS /api/v1/bi/dashboard/available-months/ HTTP/1.1" 200 0
INFO 2026-06-10 17:14:26,051 middleware → GET /api/v1/bi/dashboard/available-months/ | User: Anonymous | IP: 127.0.0.1
INFO 2026-06-10 17:14:26,051 middleware → GET /api/v1/bi/dashboard/available-months/ | User: Anonymous | IP: 127.0.0.1
INFO 2026-06-10 17:14:26,123 middleware ← GET /api/v1/bi/dashboard/available-months/ | Status: 200 | Duration: 0.07s
INFO 2026-06-10 17:14:26,123 middleware ← GET /api/v1/bi/dashboard/available-months/ | Status: 200 | Duration: 0.07s
INFO 2026-06-10 17:14:26,125 basehttp "GET /api/v1/bi/dashboard/available-months/ HTTP/1.1" 200 116
INFO 2026-06-10 17:14:26,125 basehttp "GET /api/v1/bi/dashboard/available-months/ HTTP/1.1" 200 116
INFO 2026-06-10 17:14:26,132 middleware → GET /api/v1/bi/dashboard/available-months/ | User: Anonymous | IP: 127.0.0.1
INFO 2026-06-10 17:14:26,132 middleware → GET /api/v1/bi/dashboard/available-months/ | User: Anonymous | IP: 127.0.0.1
INFO 2026-06-10 17:14:26,176 basehttp "OPTIONS /api/v1/sales/sales/?start_date=2026-05-31&end_date=2026-06-29&page_size=500 HTTP/1.1" 200 0
INFO 2026-06-10 17:14:26,178 middleware ← GET /api/v1/bi/dashboard/available-months/ | Status: 200 | Duration: 0.05s
INFO 2026-06-10 17:14:26,176 basehttp "OPTIONS /api/v1/sales/sales/?start_date=2026-05-31&end_date=2026-06-29&page_size=500 HTTP/1.1" 200 0
INFO 2026-06-10 17:14:26,178 middleware ← GET /api/v1/bi/dashboard/available-months/ | Status: 200 | Duration: 0.05s
INFO 2026-06-10 17:14:26,180 middleware → GET /api/v1/sales/sales/ | User: Anonymous | IP: 127.0.0.1
INFO 2026-06-10 17:14:26,180 middleware → GET /api/v1/sales/sales/ | User: Anonymous | IP: 127.0.0.1
INFO 2026-06-10 17:14:26,192 basehttp "GET /api/v1/bi/dashboard/available-months/ HTTP/1.1" 200 116
INFO 2026-06-10 17:14:26,192 basehttp "GET /api/v1/bi/dashboard/available-months/ HTTP/1.1" 200 116
INFO 2026-06-10 17:14:26,222 middleware ← GET /api/v1/sales/sales/ | Status: 200 | Duration: 0.04s
INFO 2026-06-10 17:14:26,222 middleware ← GET /api/v1/sales/sales/ | Status: 200 | Duration: 0.04s
INFO 2026-06-10 17:14:26,225 basehttp "GET /api/v1/sales/sales/?start_date=2026-05-31&end_date=2026-06-29&page_size=500 HTTP/1.1" 200 52
INFO 2026-06-10 17:14:26,225 basehttp "GET /api/v1/sales/sales/?start_date=2026-05-31&end_date=2026-06-29&page_size=500 HTTP/1.1" 200 52
INFO 2026-06-10 17:14:26,238 basehttp "OPTIONS /api/v1/bi/sales/top-products/?limit=10 HTTP/1.1" 200 0
INFO 2026-06-10 17:14:26,238 basehttp "OPTIONS /api/v1/bi/sales/top-products/?limit=10 HTTP/1.1" 200 0
INFO 2026-06-10 17:14:26,243 middleware → GET /api/v1/bi/sales/top-products/ | User: Anonymous | IP: 127.0.0.1
INFO 2026-06-10 17:14:26,243 middleware → GET /api/v1/bi/sales/top-products/ | User: Anonymous | IP: 127.0.0.1
INFO 2026-06-10 17:14:26,262 middleware ← GET /api/v1/bi/sales/top-products/ | Status: 200 | Duration: 0.02s
INFO 2026-06-10 17:14:26,262 middleware ← GET /api/v1/bi/sales/top-products/ | Status: 200 | Duration: 0.02s
INFO 2026-06-10 17:14:26,265 basehttp "GET /api/v1/bi/sales/top-products/?limit=10 HTTP/1.1" 200 29
INFO 2026-06-10 17:14:26,265 basehttp "GET /api/v1/bi/sales/top-products/?limit=10 HTTP/1.1" 200 29
INFO 2026-06-10 17:14:26,281 basehttp "OPTIONS /api/v1/bi/trends/?days=180 HTTP/1.1" 200 0
INFO 2026-06-10 17:14:26,281 basehttp "OPTIONS /api/v1/bi/trends/?days=180 HTTP/1.1" 200 0
INFO 2026-06-10 17:14:26,285 middleware → GET /api/v1/bi/trends/ | User: Anonymous | IP: 127.0.0.1
INFO 2026-06-10 17:14:26,285 middleware → GET /api/v1/bi/trends/ | User: Anonymous | IP: 127.0.0.1
INFO 2026-06-10 17:14:26,721 middleware ← GET /api/v1/bi/trends/ | Status: 200 | Duration: 0.44s
INFO 2026-06-10 17:14:26,721 middleware ← GET /api/v1/bi/trends/ | Status: 200 | Duration: 0.44s
INFO 2026-06-10 17:14:26,725 basehttp "GET /api/v1/bi/trends/?days=180 HTTP/1.1" 200 6527
INFO 2026-06-10 17:14:26,725 basehttp "GET /api/v1/bi/trends/?days=180 HTTP/1.1" 200 6527
INFO 2026-06-10 17:14:39,620 basehttp "OPTIONS /api/v1/sales/returns/?page=1&page_size=20 HTTP/1.1" 200 0
INFO 2026-06-10 17:14:39,620 basehttp "OPTIONS /api/v1/sales/returns/?page=1&page_size=20 HTTP/1.1" 200 0
INFO 2026-06-10 17:14:39,626 basehttp "OPTIONS /api/v1/sales/returns/?page=1&page_size=20 HTTP/1.1" 200 0
INFO 2026-06-10 17:14:39,626 basehttp "OPTIONS /api/v1/sales/returns/?page=1&page_size=20 HTTP/1.1" 200 0
INFO 2026-06-10 17:14:39,628 middleware → GET /api/v1/sales/returns/ | User: Anonymous | IP: 127.0.0.1
INFO 2026-06-10 17:14:39,628 middleware → GET /api/v1/sales/returns/ | User: Anonymous | IP: 127.0.0.1
INFO 2026-06-10 17:14:39,653 middleware ← GET /api/v1/sales/returns/ | Status: 200 | Duration: 0.02s
INFO 2026-06-10 17:14:39,653 middleware ← GET /api/v1/sales/returns/ | Status: 200 | Duration: 0.02s
INFO 2026-06-10 17:14:39,656 basehttp "GET /api/v1/sales/returns/?page=1&page_size=20 HTTP/1.1" 200 52
INFO 2026-06-10 17:14:39,656 basehttp "GET /api/v1/sales/returns/?page=1&page_size=20 HTTP/1.1" 200 52
INFO 2026-06-10 17:14:39,667 middleware → GET /api/v1/sales/returns/ | User: Anonymous | IP: 127.0.0.1
INFO 2026-06-10 17:14:39,667 middleware → GET /api/v1/sales/returns/ | User: Anonymous | IP: 127.0.0.1
INFO 2026-06-10 17:14:39,690 middleware ← GET /api/v1/sales/returns/ | Status: 200 | Duration: 0.02s
INFO 2026-06-10 17:14:39,690 middleware ← GET /api/v1/sales/returns/ | Status: 200 | Duration: 0.02s
INFO 2026-06-10 17:14:39,695 basehttp "GET /api/v1/sales/returns/?page=1&page_size=20 HTTP/1.1" 200 52
INFO 2026-06-10 17:14:39,695 basehttp "GET /api/v1/sales/returns/?page=1&page_size=20 HTTP/1.1" 200 52
INFO 2026-06-10 17:15:07,005 middleware → POST /api/v1/auth/login/ | User: Anonymous | IP: 127.0.0.1
INFO 2026-06-10 17:15:07,005 middleware → POST /api/v1/auth/login/ | User: Anonymous | IP: 127.0.0.1
INFO 2026-06-10 17:15:07,983 middleware ← POST /api/v1/auth/login/ | Status: 401 | Duration: 0.98s
INFO 2026-06-10 17:15:07,983 middleware ← POST /api/v1/auth/login/ | Status: 401 | Duration: 0.98s
WARNING 2026-06-10 17:15:07,986 basehttp "POST /api/v1/auth/login/ HTTP/1.1" 401 50
WARNING 2026-06-10 17:15:07,986 basehttp "POST /api/v1/auth/login/ HTTP/1.1" 401 50
INFO 2026-06-10 17:15:26,268 middleware → POST /api/v1/auth/login/ | User: Anonymous | IP: 127.0.0.1
INFO 2026-06-10 17:15:26,268 middleware → POST /api/v1/auth/login/ | User: Anonymous | IP: 127.0.0.1
INFO 2026-06-10 17:15:27,233 middleware ← POST /api/v1/auth/login/ | Status: 200 | Duration: 0.97s
INFO 2026-06-10 17:15:27,233 middleware ← POST /api/v1/auth/login/ | Status: 200 | Duration: 0.97s
INFO 2026-06-10 17:15:27,234 basehttp "POST /api/v1/auth/login/ HTTP/1.1" 200 797
INFO 2026-06-10 17:15:27,234 basehttp "POST /api/v1/auth/login/ HTTP/1.1" 200 797
INFO 2026-06-10 17:15:29,794 middleware → GET /api/v1/auth/audit-logs/modules/ | User: Anonymous | IP: 127.0.0.1
INFO 2026-06-10 17:15:29,794 middleware → GET /api/v1/auth/audit-logs/modules/ | User: Anonymous | IP: 127.0.0.1
INFO 2026-06-10 17:15:29,795 middleware → GET /api/v1/auth/audit-logs/actions/ | User: Anonymous | IP: 127.0.0.1
INFO 2026-06-10 17:15:29,795 middleware → GET /api/v1/auth/audit-logs/actions/ | User: Anonymous | IP: 127.0.0.1
INFO 2026-06-10 17:15:29,814 middleware → GET /api/v1/auth/audit-logs/ | User: Anonymous | IP: 127.0.0.1
INFO 2026-06-10 17:15:29,814 middleware → GET /api/v1/auth/audit-logs/ | User: Anonymous | IP: 127.0.0.1
INFO 2026-06-10 17:15:29,820 middleware → GET /api/v1/auth/audit-logs/stats/ | User: Anonymous | IP: 127.0.0.1
INFO 2026-06-10 17:15:29,820 middleware → GET /api/v1/auth/audit-logs/stats/ | User: Anonymous | IP: 127.0.0.1
INFO 2026-06-10 17:15:29,852 middleware ← GET /api/v1/auth/audit-logs/modules/ | Status: 200 | Duration: 0.06s
INFO 2026-06-10 17:15:29,852 middleware ← GET /api/v1/auth/audit-logs/modules/ | Status: 200 | Duration: 0.06s
INFO 2026-06-10 17:15:29,856 middleware ← GET /api/v1/auth/audit-logs/actions/ | Status: 200 | Duration: 0.06s
INFO 2026-06-10 17:15:29,864 middleware → GET /api/v1/auth/audit-logs/modules/ | User: Anonymous | IP: 127.0.0.1
INFO 2026-06-10 17:15:29,856 middleware ← GET /api/v1/auth/audit-logs/actions/ | Status: 200 | Duration: 0.06s
INFO 2026-06-10 17:15:29,875 basehttp "GET /api/v1/auth/audit-logs/modules/ HTTP/1.1" 200 289
INFO 2026-06-10 17:15:29,864 middleware → GET /api/v1/auth/audit-logs/modules/ | User: Anonymous | IP: 127.0.0.1
INFO 2026-06-10 17:15:29,875 basehttp "GET /api/v1/auth/audit-logs/modules/ HTTP/1.1" 200 289
INFO 2026-06-10 17:15:29,905 basehttp "GET /api/v1/auth/audit-logs/actions/ HTTP/1.1" 200 283
INFO 2026-06-10 17:15:29,905 basehttp "GET /api/v1/auth/audit-logs/actions/ HTTP/1.1" 200 283
INFO 2026-06-10 17:15:29,916 middleware → GET /api/v1/auth/audit-logs/actions/ | User: Anonymous | IP: 127.0.0.1
INFO 2026-06-10 17:15:29,916 middleware → GET /api/v1/auth/audit-logs/actions/ | User: Anonymous | IP: 127.0.0.1
INFO 2026-06-10 17:15:29,918 middleware ← GET /api/v1/auth/audit-logs/stats/ | Status: 200 | Duration: 0.10s
INFO 2026-06-10 17:15:29,918 middleware ← GET /api/v1/auth/audit-logs/stats/ | Status: 200 | Duration: 0.10s
INFO 2026-06-10 17:15:29,941 basehttp "GET /api/v1/auth/audit-logs/stats/ HTTP/1.1" 200 334
INFO 2026-06-10 17:15:29,941 basehttp "GET /api/v1/auth/audit-logs/stats/ HTTP/1.1" 200 334
INFO 2026-06-10 17:15:29,977 middleware ← GET /api/v1/auth/audit-logs/ | Status: 200 | Duration: 0.16s
INFO 2026-06-10 17:15:29,968 middleware ← GET /api/v1/auth/audit-logs/modules/ | Status: 200 | Duration: 0.10s
INFO 2026-06-10 17:15:29,968 middleware ← GET /api/v1/auth/audit-logs/modules/ | Status: 200 | Duration: 0.10s
INFO 2026-06-10 17:15:29,982 middleware → GET /api/v1/auth/audit-logs/stats/ | User: Anonymous | IP: 127.0.0.1
INFO 2026-06-10 17:15:29,987 basehttp "GET /api/v1/auth/audit-logs/modules/ HTTP/1.1" 200 289
INFO 2026-06-10 17:15:29,987 basehttp "GET /api/v1/auth/audit-logs/modules/ HTTP/1.1" 200 289
INFO 2026-06-10 17:15:29,977 middleware ← GET /api/v1/auth/audit-logs/ | Status: 200 | Duration: 0.16s
INFO 2026-06-10 17:15:29,982 middleware → GET /api/v1/auth/audit-logs/stats/ | User: Anonymous | IP: 127.0.0.1
INFO 2026-06-10 17:15:30,001 middleware ← GET /api/v1/auth/audit-logs/actions/ | Status: 200 | Duration: 0.09s
INFO 2026-06-10 17:15:30,001 middleware ← GET /api/v1/auth/audit-logs/actions/ | Status: 200 | Duration: 0.09s
INFO 2026-06-10 17:15:30,002 basehttp "GET /api/v1/auth/audit-logs/actions/ HTTP/1.1" 200 283
INFO 2026-06-10 17:15:30,002 basehttp "GET /api/v1/auth/audit-logs/actions/ HTTP/1.1" 200 283
INFO 2026-06-10 17:15:30,015 basehttp "GET /api/v1/auth/audit-logs/?start_date=&end_date=&action=&module=&page=1&page_size=50 HTTP/1.1" 200 5747
INFO 2026-06-10 17:15:30,015 basehttp "GET /api/v1/auth/audit-logs/?start_date=&end_date=&action=&module=&page=1&page_size=50 HTTP/1.1" 200 5747
INFO 2026-06-10 17:15:30,021 middleware → GET /api/v1/auth/audit-logs/ | User: Anonymous | IP: 127.0.0.1
INFO 2026-06-10 17:15:30,021 middleware → GET /api/v1/auth/audit-logs/ | User: Anonymous | IP: 127.0.0.1
INFO 2026-06-10 17:15:30,052 middleware ← GET /api/v1/auth/audit-logs/stats/ | Status: 200 | Duration: 0.07s
INFO 2026-06-10 17:15:30,052 middleware ← GET /api/v1/auth/audit-logs/stats/ | Status: 200 | Duration: 0.07s
INFO 2026-06-10 17:15:30,086 basehttp "GET /api/v1/auth/audit-logs/stats/ HTTP/1.1" 200 334
INFO 2026-06-10 17:15:30,086 basehttp "GET /api/v1/auth/audit-logs/stats/ HTTP/1.1" 200 334
INFO 2026-06-10 17:15:30,143 middleware ← GET /api/v1/auth/audit-logs/ | Status: 200 | Duration: 0.12s
INFO 2026-06-10 17:15:30,143 middleware ← GET /api/v1/auth/audit-logs/ | Status: 200 | Duration: 0.12s
INFO 2026-06-10 17:15:30,145 basehttp "GET /api/v1/auth/audit-logs/?start_date=&end_date=&action=&module=&page=1&page_size=50 HTTP/1.1" 200 5747
INFO 2026-06-10 17:15:30,145 basehttp "GET /api/v1/auth/audit-logs/?start_date=&end_date=&action=&module=&page=1&page_size=50 HTTP/1.1" 200 5747
INFO 2026-06-10 17:16:02,373 middleware → GET /api/v1/auth/audit-logs/modules/ | User: Anonymous | IP: 127.0.0.1
INFO 2026-06-10 17:16:02,378 middleware → GET /api/v1/auth/audit-logs/stats/ | User: Anonymous | IP: 127.0.0.1
INFO 2026-06-10 17:16:02,378 middleware → GET /api/v1/auth/audit-logs/stats/ | User: Anonymous | IP: 127.0.0.1
INFO 2026-06-10 17:16:02,373 middleware → GET /api/v1/auth/audit-logs/modules/ | User: Anonymous | IP: 127.0.0.1
INFO 2026-06-10 17:16:02,385 basehttp "OPTIONS /api/v1/auth/audit-logs/?start_date=&end_date=&action=&module=auth&page=1&page_size=50 HTTP/1.1" 200 0
INFO 2026-06-10 17:16:02,385 basehttp "OPTIONS /api/v1/auth/audit-logs/?start_date=&end_date=&action=&module=auth&page=1&page_size=50 HTTP/1.1" 200 0
INFO 2026-06-10 17:16:02,376 middleware → GET /api/v1/auth/audit-logs/actions/ | User: Anonymous | IP: 127.0.0.1
INFO 2026-06-10 17:16:02,376 middleware → GET /api/v1/auth/audit-logs/actions/ | User: Anonymous | IP: 127.0.0.1
INFO 2026-06-10 17:16:02,395 middleware → GET /api/v1/auth/audit-logs/ | User: Anonymous | IP: 127.0.0.1
INFO 2026-06-10 17:16:02,395 middleware → GET /api/v1/auth/audit-logs/ | User: Anonymous | IP: 127.0.0.1
INFO 2026-06-10 17:16:02,436 middleware ← GET /api/v1/auth/audit-logs/modules/ | Status: 200 | Duration: 0.06s
INFO 2026-06-10 17:16:02,436 middleware ← GET /api/v1/auth/audit-logs/modules/ | Status: 200 | Duration: 0.06s
INFO 2026-06-10 17:16:02,446 basehttp "GET /api/v1/auth/audit-logs/modules/ HTTP/1.1" 200 289
INFO 2026-06-10 17:16:02,447 middleware ← GET /api/v1/auth/audit-logs/actions/ | Status: 200 | Duration: 0.07s
INFO 2026-06-10 17:16:02,447 middleware ← GET /api/v1/auth/audit-logs/actions/ | Status: 200 | Duration: 0.07s
INFO 2026-06-10 17:16:02,446 basehttp "GET /api/v1/auth/audit-logs/modules/ HTTP/1.1" 200 289
INFO 2026-06-10 17:16:02,520 basehttp "GET /api/v1/auth/audit-logs/actions/ HTTP/1.1" 200 283
INFO 2026-06-10 17:16:02,520 basehttp "GET /api/v1/auth/audit-logs/actions/ HTTP/1.1" 200 283
INFO 2026-06-10 17:16:02,567 middleware ← GET /api/v1/auth/audit-logs/stats/ | Status: 200 | Duration: 0.19s
INFO 2026-06-10 17:16:02,567 middleware ← GET /api/v1/auth/audit-logs/stats/ | Status: 200 | Duration: 0.19s
INFO 2026-06-10 17:16:02,570 basehttp "GET /api/v1/auth/audit-logs/stats/ HTTP/1.1" 200 334
INFO 2026-06-10 17:16:02,570 basehttp "GET /api/v1/auth/audit-logs/stats/ HTTP/1.1" 200 334
INFO 2026-06-10 17:16:02,590 middleware ← GET /api/v1/auth/audit-logs/ | Status: 200 | Duration: 0.19s
INFO 2026-06-10 17:16:02,590 middleware ← GET /api/v1/auth/audit-logs/ | Status: 200 | Duration: 0.19s
INFO 2026-06-10 17:16:02,592 basehttp "GET /api/v1/auth/audit-logs/?start_date=&end_date=&action=&module=auth&page=1&page_size=50 HTTP/1.1" 200 5272
INFO 2026-06-10 17:16:02,592 basehttp "GET /api/v1/auth/audit-logs/?start_date=&end_date=&action=&module=auth&page=1&page_size=50 HTTP/1.1" 200 5272
INFO 2026-06-10 17:16:12,117 basehttp "OPTIONS /api/v1/auth/profile/ HTTP/1.1" 200 0
INFO 2026-06-10 17:16:12,117 basehttp "OPTIONS /api/v1/auth/profile/ HTTP/1.1" 200 0
INFO 2026-06-10 17:16:12,118 basehttp "OPTIONS /api/v1/auth/profile/ HTTP/1.1" 200 0
INFO 2026-06-10 17:16:12,122 middleware → GET /api/v1/auth/profile/ | User: Anonymous | IP: 127.0.0.1
INFO 2026-06-10 17:16:12,118 basehttp "OPTIONS /api/v1/auth/profile/ HTTP/1.1" 200 0
INFO 2026-06-10 17:16:12,122 middleware → GET /api/v1/auth/profile/ | User: Anonymous | IP: 127.0.0.1
INFO 2026-06-10 17:16:12,159 middleware ← GET /api/v1/auth/profile/ | Status: 200 | Duration: 0.04s
INFO 2026-06-10 17:16:12,159 middleware ← GET /api/v1/auth/profile/ | Status: 200 | Duration: 0.04s
INFO 2026-06-10 17:16:12,163 middleware → GET /api/v1/auth/profile/ | User: Anonymous | IP: 127.0.0.1
INFO 2026-06-10 17:16:12,163 basehttp "GET /api/v1/auth/profile/ HTTP/1.1" 200 277
INFO 2026-06-10 17:16:12,163 basehttp "GET /api/v1/auth/profile/ HTTP/1.1" 200 277
INFO 2026-06-10 17:16:12,163 middleware → GET /api/v1/auth/profile/ | User: Anonymous | IP: 127.0.0.1
INFO 2026-06-10 17:16:12,204 middleware ← GET /api/v1/auth/profile/ | Status: 200 | Duration: 0.04s
INFO 2026-06-10 17:16:12,204 middleware ← GET /api/v1/auth/profile/ | Status: 200 | Duration: 0.04s
INFO 2026-06-10 17:16:12,215 basehttp "GET /api/v1/auth/profile/ HTTP/1.1" 200 277
INFO 2026-06-10 17:16:12,215 basehttp "GET /api/v1/auth/profile/ HTTP/1.1" 200 277
INFO 2026-06-10 17:16:17,058 middleware → GET /api/v1/financials/budgets/ | User: Anonymous | IP: 127.0.0.1
INFO 2026-06-10 17:16:17,058 middleware → GET /api/v1/financials/budgets/ | User: Anonymous | IP: 127.0.0.1
INFO 2026-06-10 17:16:17,090 middleware ← GET /api/v1/financials/budgets/ | Status: 200 | Duration: 0.03s
INFO 2026-06-10 17:16:17,090 middleware ← GET /api/v1/financials/budgets/ | Status: 200 | Duration: 0.03s
INFO 2026-06-10 17:16:17,095 basehttp "GET /api/v1/financials/budgets/?year=2026&status=active&period=monthly HTTP/1.1" 200 310
INFO 2026-06-10 17:16:17,095 basehttp "GET /api/v1/financials/budgets/?year=2026&status=active&period=monthly HTTP/1.1" 200 310
INFO 2026-06-10 17:16:17,139 middleware → GET /api/v1/financials/budgets/ | User: Anonymous | IP: 127.0.0.1
INFO 2026-06-10 17:16:17,139 middleware → GET /api/v1/financials/budgets/ | User: Anonymous | IP: 127.0.0.1
INFO 2026-06-10 17:16:17,144 middleware → GET /api/v1/financials/transactions/ | User: Anonymous | IP: 127.0.0.1
INFO 2026-06-10 17:16:17,144 middleware → GET /api/v1/financials/transactions/ | User: Anonymous | IP: 127.0.0.1
INFO 2026-06-10 17:16:17,149 middleware → GET /api/v1/sales/customers/ | User: Anonymous | IP: 127.0.0.1
INFO 2026-06-10 17:16:17,154 middleware → GET /api/v1/financials/cash-flow/ | User: Anonymous | IP: 127.0.0.1
INFO 2026-06-10 17:16:17,154 middleware → GET /api/v1/financials/cash-flow/ | User: Anonymous | IP: 127.0.0.1
INFO 2026-06-10 17:16:17,149 middleware → GET /api/v1/sales/customers/ | User: Anonymous | IP: 127.0.0.1
INFO 2026-06-10 17:16:17,156 middleware → GET /api/v1/bi/financial/profit-loss/ | User: Anonymous | IP: 127.0.0.1
INFO 2026-06-10 17:16:17,156 middleware → GET /api/v1/bi/financial/profit-loss/ | User: Anonymous | IP: 127.0.0.1
INFO 2026-06-10 17:16:17,158 middleware → GET /api/v1/financials/loans/ | User: Anonymous | IP: 127.0.0.1
INFO 2026-06-10 17:16:17,158 middleware → GET /api/v1/financials/loans/ | User: Anonymous | IP: 127.0.0.1
INFO 2026-06-10 17:16:17,209 middleware ← GET /api/v1/bi/financial/profit-loss/ | Status: 403 | Duration: 0.05s
INFO 2026-06-10 17:16:17,209 middleware ← GET /api/v1/bi/financial/profit-loss/ | Status: 403 | Duration: 0.05s
WARNING 2026-06-10 17:16:17,212 basehttp "GET /api/v1/bi/financial/profit-loss/ HTTP/1.1" 403 63
WARNING 2026-06-10 17:16:17,212 basehttp "GET /api/v1/bi/financial/profit-loss/ HTTP/1.1" 403 63
INFO 2026-06-10 17:16:17,220 middleware → GET /api/v1/financials/petty-cash/ | User: Anonymous | IP: 127.0.0.1
INFO 2026-06-10 17:16:17,220 middleware → GET /api/v1/financials/petty-cash/ | User: Anonymous | IP: 127.0.0.1
INFO 2026-06-10 17:16:17,378 middleware ← GET /api/v1/financials/loans/ | Status: 200 | Duration: 0.22s
INFO 2026-06-10 17:16:17,378 middleware ← GET /api/v1/financials/loans/ | Status: 200 | Duration: 0.22s
INFO 2026-06-10 17:16:17,382 basehttp "GET /api/v1/financials/loans/ HTTP/1.1" 200 52
INFO 2026-06-10 17:16:17,382 basehttp "GET /api/v1/financials/loans/ HTTP/1.1" 200 52
INFO 2026-06-10 17:16:17,418 middleware → GET /api/v1/hr/payroll/ | User: Anonymous | IP: 127.0.0.1
INFO 2026-06-10 17:16:17,418 middleware → GET /api/v1/hr/payroll/ | User: Anonymous | IP: 127.0.0.1
INFO 2026-06-10 17:16:17,439 middleware ← GET /api/v1/financials/petty-cash/ | Status: 200 | Duration: 0.22s
INFO 2026-06-10 17:16:17,439 middleware ← GET /api/v1/financials/petty-cash/ | Status: 200 | Duration: 0.22s
INFO 2026-06-10 17:16:17,453 basehttp "GET /api/v1/financials/petty-cash/ HTTP/1.1" 200 52
INFO 2026-06-10 17:16:17,453 basehttp "GET /api/v1/financials/petty-cash/ HTTP/1.1" 200 52
INFO 2026-06-10 17:16:17,458 middleware → GET /api/v1/financials/invoices/ | User: Anonymous | IP: 127.0.0.1
INFO 2026-06-10 17:16:17,458 middleware → GET /api/v1/financials/invoices/ | User: Anonymous | IP: 127.0.0.1
INFO 2026-06-10 17:16:17,551 middleware ← GET /api/v1/financials/transactions/ | Status: 200 | Duration: 0.41s
INFO 2026-06-10 17:16:17,551 middleware ← GET /api/v1/financials/transactions/ | Status: 200 | Duration: 0.41s
INFO 2026-06-10 17:16:17,569 middleware ← GET /api/v1/financials/cash-flow/ | Status: 200 | Duration: 0.42s
INFO 2026-06-10 17:16:17,569 middleware ← GET /api/v1/financials/cash-flow/ | Status: 200 | Duration: 0.42s
INFO 2026-06-10 17:16:17,574 basehttp "GET /api/v1/financials/transactions/ HTTP/1.1" 200 52
INFO 2026-06-10 17:16:17,578 middleware ← GET /api/v1/sales/customers/ | Status: 200 | Duration: 0.43s
INFO 2026-06-10 17:16:17,581 basehttp "GET /api/v1/financials/cash-flow/ HTTP/1.1" 200 1681
INFO 2026-06-10 17:16:17,574 basehttp "GET /api/v1/financials/transactions/ HTTP/1.1" 200 52
INFO 2026-06-10 17:16:17,578 middleware ← GET /api/v1/sales/customers/ | Status: 200 | Duration: 0.43s
INFO 2026-06-10 17:16:17,581 basehttp "GET /api/v1/financials/cash-flow/ HTTP/1.1" 200 1681
INFO 2026-06-10 17:16:17,592 middleware ← GET /api/v1/financials/budgets/ | Status: 200 | Duration: 0.45s
INFO 2026-06-10 17:16:17,592 middleware ← GET /api/v1/financials/budgets/ | Status: 200 | Duration: 0.45s
INFO 2026-06-10 17:16:17,598 basehttp "GET /api/v1/sales/customers/ HTTP/1.1" 200 283
INFO 2026-06-10 17:16:17,605 middleware → GET /api/v1/sales/sales/ | User: Anonymous | IP: 127.0.0.1
INFO 2026-06-10 17:16:17,605 basehttp "GET /api/v1/financials/budgets/?year=2026&status=active&period=monthly HTTP/1.1" 200 310
INFO 2026-06-10 17:16:17,598 basehttp "GET /api/v1/sales/customers/ HTTP/1.1" 200 283
INFO 2026-06-10 17:16:17,608 middleware → GET /api/v1/auth/audit-logs/modules/ | User: Anonymous | IP: 127.0.0.1
INFO 2026-06-10 17:16:17,605 middleware → GET /api/v1/sales/sales/ | User: Anonymous | IP: 127.0.0.1
INFO 2026-06-10 17:16:17,605 basehttp "GET /api/v1/financials/budgets/?year=2026&status=active&period=monthly HTTP/1.1" 200 310
INFO 2026-06-10 17:16:17,608 middleware → GET /api/v1/auth/audit-logs/modules/ | User: Anonymous | IP: 127.0.0.1
INFO 2026-06-10 17:16:17,615 middleware → GET /api/v1/auth/audit-logs/actions/ | User: Anonymous | IP: 127.0.0.1
INFO 2026-06-10 17:16:17,615 middleware → GET /api/v1/auth/audit-logs/actions/ | User: Anonymous | IP: 127.0.0.1
INFO 2026-06-10 17:16:17,631 middleware → GET /api/v1/auth/audit-logs/ | User: Anonymous | IP: 127.0.0.1
INFO 2026-06-10 17:16:17,631 middleware → GET /api/v1/auth/audit-logs/ | User: Anonymous | IP: 127.0.0.1
INFO 2026-06-10 17:16:17,679 middleware ← GET /api/v1/financials/invoices/ | Status: 200 | Duration: 0.22s
INFO 2026-06-10 17:16:17,679 middleware ← GET /api/v1/financials/invoices/ | Status: 200 | Duration: 0.22s
INFO 2026-06-10 17:16:17,695 middleware ← GET /api/v1/hr/payroll/ | Status: 200 | Duration: 0.28s
INFO 2026-06-10 17:16:17,695 middleware ← GET /api/v1/hr/payroll/ | Status: 200 | Duration: 0.28s
INFO 2026-06-10 17:16:17,698 basehttp "GET /api/v1/financials/invoices/ HTTP/1.1" 200 52
INFO 2026-06-10 17:16:17,698 basehttp "GET /api/v1/financials/invoices/ HTTP/1.1" 200 52
INFO 2026-06-10 17:16:17,704 middleware → GET /api/v1/auth/audit-logs/stats/ | User: Anonymous | IP: 127.0.0.1
INFO 2026-06-10 17:16:17,704 middleware → GET /api/v1/auth/audit-logs/stats/ | User: Anonymous | IP: 127.0.0.1
INFO 2026-06-10 17:16:17,709 basehttp "GET /api/v1/hr/payroll/ HTTP/1.1" 200 52
INFO 2026-06-10 17:16:17,709 basehttp "GET /api/v1/hr/payroll/ HTTP/1.1" 200 52
INFO 2026-06-10 17:16:17,716 middleware → GET /api/v1/bi/financial/profit-loss/ | User: Anonymous | IP: 127.0.0.1
INFO 2026-06-10 17:16:17,716 middleware → GET /api/v1/bi/financial/profit-loss/ | User: Anonymous | IP: 127.0.0.1
INFO 2026-06-10 17:16:17,738 middleware ← GET /api/v1/bi/financial/profit-loss/ | Status: 403 | Duration: 0.02s
INFO 2026-06-10 17:16:17,738 middleware ← GET /api/v1/bi/financial/profit-loss/ | Status: 403 | Duration: 0.02s
WARNING 2026-06-10 17:16:17,741 basehttp "GET /api/v1/bi/financial/profit-loss/ HTTP/1.1" 403 63
WARNING 2026-06-10 17:16:17,741 basehttp "GET /api/v1/bi/financial/profit-loss/ HTTP/1.1" 403 63
INFO 2026-06-10 17:16:17,745 middleware → GET /api/v1/financials/cash-flow/ | User: Anonymous | IP: 127.0.0.1
INFO 2026-06-10 17:16:17,745 middleware → GET /api/v1/financials/cash-flow/ | User: Anonymous | IP: 127.0.0.1
INFO 2026-06-10 17:16:17,754 middleware ← GET /api/v1/auth/audit-logs/actions/ | Status: 200 | Duration: 0.14s
INFO 2026-06-10 17:16:17,754 middleware ← GET /api/v1/auth/audit-logs/actions/ | Status: 200 | Duration: 0.14s
INFO 2026-06-10 17:16:17,766 basehttp "GET /api/v1/auth/audit-logs/actions/ HTTP/1.1" 200 283
INFO 2026-06-10 17:16:17,766 basehttp "GET /api/v1/auth/audit-logs/actions/ HTTP/1.1" 200 283
INFO 2026-06-10 17:16:17,771 middleware → GET /api/v1/financials/transactions/ | User: Anonymous | IP: 127.0.0.1
INFO 2026-06-10 17:16:17,771 middleware → GET /api/v1/financials/transactions/ | User: Anonymous | IP: 127.0.0.1
INFO 2026-06-10 17:16:17,779 middleware ← GET /api/v1/auth/audit-logs/modules/ | Status: 200 | Duration: 0.17s
INFO 2026-06-10 17:16:17,779 middleware ← GET /api/v1/auth/audit-logs/modules/ | Status: 200 | Duration: 0.17s
INFO 2026-06-10 17:16:17,791 middleware ← GET /api/v1/sales/sales/ | Status: 200 | Duration: 0.19s
INFO 2026-06-10 17:16:17,791 middleware ← GET /api/v1/sales/sales/ | Status: 200 | Duration: 0.19s
INFO 2026-06-10 17:16:17,791 basehttp "GET /api/v1/auth/audit-logs/modules/ HTTP/1.1" 200 289
INFO 2026-06-10 17:16:17,794 basehttp "GET /api/v1/sales/sales/?page_size=500 HTTP/1.1" 200 52
INFO 2026-06-10 17:16:17,794 basehttp "GET /api/v1/sales/sales/?page_size=500 HTTP/1.1" 200 52
INFO 2026-06-10 17:16:17,801 middleware → GET /api/v1/financials/loans/ | User: Anonymous | IP: 127.0.0.1
INFO 2026-06-10 17:16:17,791 basehttp "GET /api/v1/auth/audit-logs/modules/ HTTP/1.1" 200 289
INFO 2026-06-10 17:16:17,801 middleware → GET /api/v1/financials/loans/ | User: Anonymous | IP: 127.0.0.1
INFO 2026-06-10 17:16:17,814 middleware → GET /api/v1/sales/customers/ | User: Anonymous | IP: 127.0.0.1
INFO 2026-06-10 17:16:17,814 middleware → GET /api/v1/sales/customers/ | User: Anonymous | IP: 127.0.0.1
INFO 2026-06-10 17:16:17,851 middleware ← GET /api/v1/financials/transactions/ | Status: 200 | Duration: 0.08s
INFO 2026-06-10 17:16:17,851 middleware ← GET /api/v1/financials/transactions/ | Status: 200 | Duration: 0.08s
INFO 2026-06-10 17:16:17,865 middleware ← GET /api/v1/financials/loans/ | Status: 200 | Duration: 0.06s
INFO 2026-06-10 17:16:17,865 middleware ← GET /api/v1/financials/loans/ | Status: 200 | Duration: 0.06s
INFO 2026-06-10 17:16:17,868 basehttp "GET /api/v1/financials/loans/ HTTP/1.1" 200 52
INFO 2026-06-10 17:16:17,868 basehttp "GET /api/v1/financials/loans/ HTTP/1.1" 200 52
INFO 2026-06-10 17:16:17,877 middleware → GET /api/v1/financials/petty-cash/ | User: Anonymous | IP: 127.0.0.1
INFO 2026-06-10 17:16:17,877 basehttp "GET /api/v1/financials/transactions/ HTTP/1.1" 200 52
INFO 2026-06-10 17:16:17,877 basehttp "GET /api/v1/financials/transactions/ HTTP/1.1" 200 52
INFO 2026-06-10 17:16:17,912 middleware ← GET /api/v1/auth/audit-logs/stats/ | Status: 200 | Duration: 0.21s
INFO 2026-06-10 17:16:17,912 middleware ← GET /api/v1/auth/audit-logs/stats/ | Status: 200 | Duration: 0.21s
INFO 2026-06-10 17:16:17,949 middleware ← GET /api/v1/sales/customers/ | Status: 200 | Duration: 0.14s
INFO 2026-06-10 17:16:17,952 middleware → GET /api/v1/financials/invoices/ | User: Anonymous | IP: 127.0.0.1
INFO 2026-06-10 17:16:17,877 middleware → GET /api/v1/financials/petty-cash/ | User: Anonymous | IP: 127.0.0.1
INFO 2026-06-10 17:16:17,952 basehttp "GET /api/v1/auth/audit-logs/stats/ HTTP/1.1" 200 334
INFO 2026-06-10 17:16:17,949 middleware ← GET /api/v1/sales/customers/ | Status: 200 | Duration: 0.14s
INFO 2026-06-10 17:16:17,952 middleware → GET /api/v1/financials/invoices/ | User: Anonymous | IP: 127.0.0.1
INFO 2026-06-10 17:16:17,952 basehttp "GET /api/v1/auth/audit-logs/stats/ HTTP/1.1" 200 334
INFO 2026-06-10 17:16:18,042 middleware ← GET /api/v1/financials/cash-flow/ | Status: 200 | Duration: 0.30s
INFO 2026-06-10 17:16:18,059 basehttp "GET /api/v1/sales/customers/ HTTP/1.1" 200 283
INFO 2026-06-10 17:16:18,066 middleware → GET /api/v1/hr/payroll/ | User: Anonymous | IP: 127.0.0.1
INFO 2026-06-10 17:16:18,042 middleware ← GET /api/v1/financials/cash-flow/ | Status: 200 | Duration: 0.30s
INFO 2026-06-10 17:16:18,059 basehttp "GET /api/v1/sales/customers/ HTTP/1.1" 200 283
INFO 2026-06-10 17:16:18,066 middleware → GET /api/v1/hr/payroll/ | User: Anonymous | IP: 127.0.0.1
INFO 2026-06-10 17:16:18,094 middleware ← GET /api/v1/financials/invoices/ | Status: 200 | Duration: 0.14s
INFO 2026-06-10 17:16:18,094 middleware ← GET /api/v1/financials/invoices/ | Status: 200 | Duration: 0.14s
INFO 2026-06-10 17:16:18,119 basehttp "GET /api/v1/financials/invoices/ HTTP/1.1" 200 52
INFO 2026-06-10 17:16:18,119 basehttp "GET /api/v1/financials/invoices/ HTTP/1.1" 200 52
INFO 2026-06-10 17:16:18,124 middleware → GET /api/v1/sales/sales/ | User: Anonymous | IP: 127.0.0.1
INFO 2026-06-10 17:16:18,124 middleware → GET /api/v1/sales/sales/ | User: Anonymous | IP: 127.0.0.1
INFO 2026-06-10 17:16:18,129 basehttp "GET /api/v1/financials/cash-flow/ HTTP/1.1" 200 1681
INFO 2026-06-10 17:16:18,129 basehttp "GET /api/v1/financials/cash-flow/ HTTP/1.1" 200 1681
INFO 2026-06-10 17:16:18,132 middleware → GET /api/v1/auth/audit-logs/actions/ | User: Anonymous | IP: 127.0.0.1
INFO 2026-06-10 17:16:18,132 middleware → GET /api/v1/auth/audit-logs/actions/ | User: Anonymous | IP: 127.0.0.1
INFO 2026-06-10 17:16:18,144 middleware ← GET /api/v1/financials/petty-cash/ | Status: 200 | Duration: 0.27s
INFO 2026-06-10 17:16:18,144 middleware ← GET /api/v1/financials/petty-cash/ | Status: 200 | Duration: 0.27s
INFO 2026-06-10 17:16:18,158 middleware → GET /api/v1/auth/audit-logs/modules/ | User: Anonymous | IP: 127.0.0.1
INFO 2026-06-10 17:16:18,158 middleware → GET /api/v1/auth/audit-logs/modules/ | User: Anonymous | IP: 127.0.0.1
INFO 2026-06-10 17:16:18,170 basehttp "GET /api/v1/financials/petty-cash/ HTTP/1.1" 200 52
INFO 2026-06-10 17:16:18,170 basehttp "GET /api/v1/financials/petty-cash/ HTTP/1.1" 200 52
INFO 2026-06-10 17:16:18,175 middleware → GET /api/v1/auth/audit-logs/stats/ | User: Anonymous | IP: 127.0.0.1
INFO 2026-06-10 17:16:18,185 middleware ← GET /api/v1/hr/payroll/ | Status: 200 | Duration: 0.12s
INFO 2026-06-10 17:16:18,185 middleware ← GET /api/v1/hr/payroll/ | Status: 200 | Duration: 0.12s
INFO 2026-06-10 17:16:18,189 basehttp "GET /api/v1/hr/payroll/ HTTP/1.1" 200 52
INFO 2026-06-10 17:16:18,175 middleware → GET /api/v1/auth/audit-logs/stats/ | User: Anonymous | IP: 127.0.0.1
INFO 2026-06-10 17:16:18,199 middleware ← GET /api/v1/auth/audit-logs/ | Status: 200 | Duration: 0.57s
INFO 2026-06-10 17:16:18,189 basehttp "GET /api/v1/hr/payroll/ HTTP/1.1" 200 52
INFO 2026-06-10 17:16:18,199 middleware ← GET /api/v1/auth/audit-logs/ | Status: 200 | Duration: 0.57s
INFO 2026-06-10 17:16:18,215 middleware ← GET /api/v1/auth/audit-logs/modules/ | Status: 200 | Duration: 0.06s
INFO 2026-06-10 17:16:18,215 middleware ← GET /api/v1/auth/audit-logs/modules/ | Status: 200 | Duration: 0.06s
INFO 2026-06-10 17:16:18,217 basehttp "GET /api/v1/auth/audit-logs/?start_date=&end_date=&action=&module=&page=1&page_size=50 HTTP/1.1" 200 5747
INFO 2026-06-10 17:16:18,217 basehttp "GET /api/v1/auth/audit-logs/?start_date=&end_date=&action=&module=&page=1&page_size=50 HTTP/1.1" 200 5747
INFO 2026-06-10 17:16:18,225 middleware → GET /api/v1/auth/audit-logs/ | User: Anonymous | IP: 127.0.0.1
INFO 2026-06-10 17:16:18,225 middleware → GET /api/v1/auth/audit-logs/ | User: Anonymous | IP: 127.0.0.1
INFO 2026-06-10 17:16:18,235 basehttp "GET /api/v1/auth/audit-logs/modules/ HTTP/1.1" 200 289
INFO 2026-06-10 17:16:18,235 basehttp "GET /api/v1/auth/audit-logs/modules/ HTTP/1.1" 200 289
INFO 2026-06-10 17:16:18,282 middleware ← GET /api/v1/auth/audit-logs/actions/ | Status: 200 | Duration: 0.15s
INFO 2026-06-10 17:16:18,282 middleware ← GET /api/v1/auth/audit-logs/actions/ | Status: 200 | Duration: 0.15s
INFO 2026-06-10 17:16:18,314 basehttp "GET /api/v1/auth/audit-logs/actions/ HTTP/1.1" 200 283
INFO 2026-06-10 17:16:18,314 basehttp "GET /api/v1/auth/audit-logs/actions/ HTTP/1.1" 200 283
INFO 2026-06-10 17:16:18,333 middleware ← GET /api/v1/sales/sales/ | Status: 200 | Duration: 0.21s
INFO 2026-06-10 17:16:18,333 middleware ← GET /api/v1/sales/sales/ | Status: 200 | Duration: 0.21s
INFO 2026-06-10 17:16:18,352 basehttp "GET /api/v1/sales/sales/?page_size=500 HTTP/1.1" 200 52
INFO 2026-06-10 17:16:18,352 basehttp "GET /api/v1/sales/sales/?page_size=500 HTTP/1.1" 200 52
INFO 2026-06-10 17:16:18,385 middleware ← GET /api/v1/auth/audit-logs/stats/ | Status: 200 | Duration: 0.21s
INFO 2026-06-10 17:16:18,385 middleware ← GET /api/v1/auth/audit-logs/stats/ | Status: 200 | Duration: 0.21s
INFO 2026-06-10 17:16:18,398 basehttp "GET /api/v1/auth/audit-logs/stats/ HTTP/1.1" 200 334
INFO 2026-06-10 17:16:18,398 basehttp "GET /api/v1/auth/audit-logs/stats/ HTTP/1.1" 200 334
INFO 2026-06-10 17:16:18,443 middleware ← GET /api/v1/auth/audit-logs/ | Status: 200 | Duration: 0.22s
INFO 2026-06-10 17:16:18,443 middleware ← GET /api/v1/auth/audit-logs/ | Status: 200 | Duration: 0.22s
INFO 2026-06-10 17:16:18,451 basehttp "GET /api/v1/auth/audit-logs/?start_date=&end_date=&action=&module=&page=1&page_size=50 HTTP/1.1" 200 5747
INFO 2026-06-10 17:16:18,451 basehttp "GET /api/v1/auth/audit-logs/?start_date=&end_date=&action=&module=&page=1&page_size=50 HTTP/1.1" 200 5747
INFO 2026-06-10 17:16:24,813 middleware → GET /api/v1/hr/payroll/ | User: Anonymous | IP: 127.0.0.1
INFO 2026-06-10 17:16:24,813 middleware → GET /api/v1/hr/payroll/ | User: Anonymous | IP: 127.0.0.1
INFO 2026-06-10 17:16:24,821 basehttp "OPTIONS /api/v1/sales/sales/?start_date=2026-06-10&end_date=2026-06-10&page_size=100 HTTP/1.1" 200 0
INFO 2026-06-10 17:16:24,821 basehttp "OPTIONS /api/v1/sales/sales/?start_date=2026-06-10&end_date=2026-06-10&page_size=100 HTTP/1.1" 200 0
INFO 2026-06-10 17:16:24,821 basehttp "OPTIONS /api/v1/sales/sales/?start_date=2026-06-10&end_date=2026-06-10&page_size=100 HTTP/1.1" 200 0
INFO 2026-06-10 17:16:24,821 basehttp "OPTIONS /api/v1/sales/sales/?start_date=2026-06-10&end_date=2026-06-10&page_size=100 HTTP/1.1" 200 0
INFO 2026-06-10 17:16:24,825 basehttp "OPTIONS /api/v1/financials/transactions/?start_date=2026-06-10&end_date=2026-06-10&page_size=100 HTTP/1.1" 200 0
INFO 2026-06-10 17:16:24,825 basehttp "OPTIONS /api/v1/financials/transactions/?start_date=2026-06-10&end_date=2026-06-10&page_size=100 HTTP/1.1" 200 0
INFO 2026-06-10 17:16:24,829 basehttp "OPTIONS /api/v1/financials/petty-cash/?start_date=2026-06-10&end_date=2026-06-10&page_size=100 HTTP/1.1" 200 0
INFO 2026-06-10 17:16:24,830 basehttp "OPTIONS /api/v1/financials/transactions/?start_date=2026-06-10&end_date=2026-06-10&page_size=100 HTTP/1.1" 200 0
INFO 2026-06-10 17:16:24,850 middleware → GET /api/v1/sales/sales/ | User: Anonymous | IP: 127.0.0.1
INFO 2026-06-10 17:16:24,853 middleware → GET /api/v1/financials/transactions/ | User: Anonymous | IP: 127.0.0.1
INFO 2026-06-10 17:16:24,845 basehttp "OPTIONS /api/v1/financials/petty-cash/?start_date=2026-06-10&end_date=2026-06-10&page_size=100 HTTP/1.1" 200 0
INFO 2026-06-10 17:16:24,829 basehttp "OPTIONS /api/v1/financials/petty-cash/?start_date=2026-06-10&end_date=2026-06-10&page_size=100 HTTP/1.1" 200 0
INFO 2026-06-10 17:16:24,863 middleware ← GET /api/v1/hr/payroll/ | Status: 200 | Duration: 0.05s
INFO 2026-06-10 17:16:24,830 basehttp "OPTIONS /api/v1/financials/transactions/?start_date=2026-06-10&end_date=2026-06-10&page_size=100 HTTP/1.1" 200 0
INFO 2026-06-10 17:16:24,850 middleware → GET /api/v1/sales/sales/ | User: Anonymous | IP: 127.0.0.1
INFO 2026-06-10 17:16:24,853 middleware → GET /api/v1/financials/transactions/ | User: Anonymous | IP: 127.0.0.1
INFO 2026-06-10 17:16:24,845 basehttp "OPTIONS /api/v1/financials/petty-cash/?start_date=2026-06-10&end_date=2026-06-10&page_size=100 HTTP/1.1" 200 0
INFO 2026-06-10 17:16:24,863 middleware ← GET /api/v1/hr/payroll/ | Status: 200 | Duration: 0.05s
INFO 2026-06-10 17:16:24,869 middleware → GET /api/v1/financials/petty-cash/ | User: Anonymous | IP: 127.0.0.1
INFO 2026-06-10 17:16:24,869 middleware → GET /api/v1/financials/petty-cash/ | User: Anonymous | IP: 127.0.0.1
INFO 2026-06-10 17:16:24,891 middleware → GET /api/v1/hr/payroll/ | User: Anonymous | IP: 127.0.0.1
INFO 2026-06-10 17:16:24,891 middleware → GET /api/v1/hr/payroll/ | User: Anonymous | IP: 127.0.0.1
INFO 2026-06-10 17:16:24,896 basehttp "GET /api/v1/hr/payroll/ HTTP/1.1" 200 52
INFO 2026-06-10 17:16:24,896 basehttp "GET /api/v1/hr/payroll/ HTTP/1.1" 200 52
INFO 2026-06-10 17:16:24,949 middleware ← GET /api/v1/financials/petty-cash/ | Status: 200 | Duration: 0.08s
INFO 2026-06-10 17:16:24,952 middleware ← GET /api/v1/financials/transactions/ | Status: 200 | Duration: 0.10s
INFO 2026-06-10 17:16:24,952 middleware ← GET /api/v1/financials/transactions/ | Status: 200 | Duration: 0.10s
INFO 2026-06-10 17:16:24,949 middleware ← GET /api/v1/financials/petty-cash/ | Status: 200 | Duration: 0.08s
INFO 2026-06-10 17:16:24,958 middleware ← GET /api/v1/sales/sales/ | Status: 200 | Duration: 0.11s
INFO 2026-06-10 17:16:24,958 middleware ← GET /api/v1/sales/sales/ | Status: 200 | Duration: 0.11s
INFO 2026-06-10 17:16:24,976 basehttp "GET /api/v1/sales/sales/?start_date=2026-06-10&end_date=2026-06-10&page_size=100 HTTP/1.1" 200 52
INFO 2026-06-10 17:16:24,976 basehttp "GET /api/v1/sales/sales/?start_date=2026-06-10&end_date=2026-06-10&page_size=100 HTTP/1.1" 200 52
INFO 2026-06-10 17:16:24,960 basehttp "GET /api/v1/financials/petty-cash/?start_date=2026-06-10&end_date=2026-06-10&page_size=100 HTTP/1.1" 200 52
INFO 2026-06-10 17:16:24,960 basehttp "GET /api/v1/financials/petty-cash/?start_date=2026-06-10&end_date=2026-06-10&page_size=100 HTTP/1.1" 200 52
INFO 2026-06-10 17:16:24,981 middleware → GET /api/v1/sales/sales/ | User: Anonymous | IP: 127.0.0.1
INFO 2026-06-10 17:16:24,971 middleware ← GET /api/v1/hr/payroll/ | Status: 200 | Duration: 0.08s
INFO 2026-06-10 17:16:24,971 middleware ← GET /api/v1/hr/payroll/ | Status: 200 | Duration: 0.08s
INFO 2026-06-10 17:16:24,986 middleware → GET /api/v1/financials/petty-cash/ | User: Anonymous | IP: 127.0.0.1
INFO 2026-06-10 17:16:24,986 middleware → GET /api/v1/financials/petty-cash/ | User: Anonymous | IP: 127.0.0.1
INFO 2026-06-10 17:16:24,981 middleware → GET /api/v1/sales/sales/ | User: Anonymous | IP: 127.0.0.1
INFO 2026-06-10 17:16:24,963 basehttp "GET /api/v1/financials/transactions/?start_date=2026-06-10&end_date=2026-06-10&page_size=100 HTTP/1.1" 200 52
INFO 2026-06-10 17:16:25,024 basehttp "GET /api/v1/hr/payroll/ HTTP/1.1" 200 52
INFO 2026-06-10 17:16:25,024 basehttp "GET /api/v1/hr/payroll/ HTTP/1.1" 200 52
INFO 2026-06-10 17:16:24,963 basehttp "GET /api/v1/financials/transactions/?start_date=2026-06-10&end_date=2026-06-10&page_size=100 HTTP/1.1" 200 52
INFO 2026-06-10 17:16:25,064 middleware → GET /api/v1/financials/transactions/ | User: Anonymous | IP: 127.0.0.1
INFO 2026-06-10 17:16:25,064 middleware → GET /api/v1/financials/transactions/ | User: Anonymous | IP: 127.0.0.1
INFO 2026-06-10 17:16:25,083 middleware ← GET /api/v1/financials/petty-cash/ | Status: 200 | Duration: 0.10s
INFO 2026-06-10 17:16:25,083 middleware ← GET /api/v1/financials/petty-cash/ | Status: 200 | Duration: 0.10s
INFO 2026-06-10 17:16:25,101 basehttp "GET /api/v1/financials/petty-cash/?start_date=2026-06-10&end_date=2026-06-10&page_size=100 HTTP/1.1" 200 52
INFO 2026-06-10 17:16:25,112 middleware ← GET /api/v1/financials/transactions/ | Status: 200 | Duration: 0.05s
INFO 2026-06-10 17:16:25,116 middleware ← GET /api/v1/sales/sales/ | Status: 200 | Duration: 0.13s
INFO 2026-06-10 17:16:25,101 basehttp "GET /api/v1/financials/petty-cash/?start_date=2026-06-10&end_date=2026-06-10&page_size=100 HTTP/1.1" 200 52
INFO 2026-06-10 17:16:25,112 middleware ← GET /api/v1/financials/transactions/ | Status: 200 | Duration: 0.05s
INFO 2026-06-10 17:16:25,116 middleware ← GET /api/v1/sales/sales/ | Status: 200 | Duration: 0.13s
INFO 2026-06-10 17:16:25,121 basehttp "GET /api/v1/financials/transactions/?start_date=2026-06-10&end_date=2026-06-10&page_size=100 HTTP/1.1" 200 52
INFO 2026-06-10 17:16:25,121 basehttp "GET /api/v1/financials/transactions/?start_date=2026-06-10&end_date=2026-06-10&page_size=100 HTTP/1.1" 200 52
INFO 2026-06-10 17:16:25,137 basehttp "GET /api/v1/sales/sales/?start_date=2026-06-10&end_date=2026-06-10&page_size=100 HTTP/1.1" 200 52
INFO 2026-06-10 17:16:25,137 basehttp "GET /api/v1/sales/sales/?start_date=2026-06-10&end_date=2026-06-10&page_size=100 HTTP/1.1" 200 52
INFO 2026-06-10 17:16:25,145 basehttp "OPTIONS /api/v1/financials/invoices/?status=paid&start_date=2026-06-10&end_date=2026-06-10&page_size=100 HTTP/1.1" 200 0
INFO 2026-06-10 17:16:25,145 basehttp "OPTIONS /api/v1/financials/invoices/?status=paid&start_date=2026-06-10&end_date=2026-06-10&page_size=100 HTTP/1.1" 200 0
INFO 2026-06-10 17:16:25,149 middleware → GET /api/v1/financials/invoices/ | User: Anonymous | IP: 127.0.0.1
INFO 2026-06-10 17:16:25,149 middleware → GET /api/v1/financials/invoices/ | User: Anonymous | IP: 127.0.0.1
INFO 2026-06-10 17:16:25,157 basehttp "OPTIONS /api/v1/financials/invoices/?status=paid&start_date=2026-06-10&end_date=2026-06-10&page_size=100 HTTP/1.1" 200 0
INFO 2026-06-10 17:16:25,157 basehttp "OPTIONS /api/v1/financials/invoices/?status=paid&start_date=2026-06-10&end_date=2026-06-10&page_size=100 HTTP/1.1" 200 0
INFO 2026-06-10 17:16:25,183 middleware ← GET /api/v1/financials/invoices/ | Status: 200 | Duration: 0.03s
INFO 2026-06-10 17:16:25,183 middleware ← GET /api/v1/financials/invoices/ | Status: 200 | Duration: 0.03s
INFO 2026-06-10 17:16:25,185 basehttp "GET /api/v1/financials/invoices/?status=paid&start_date=2026-06-10&end_date=2026-06-10&page_size=100 HTTP/1.1" 200 52
INFO 2026-06-10 17:16:25,185 basehttp "GET /api/v1/financials/invoices/?status=paid&start_date=2026-06-10&end_date=2026-06-10&page_size=100 HTTP/1.1" 200 52
INFO 2026-06-10 17:16:25,240 middleware → GET /api/v1/financials/invoices/ | User: Anonymous | IP: 127.0.0.1
INFO 2026-06-10 17:16:25,240 middleware → GET /api/v1/financials/invoices/ | User: Anonymous | IP: 127.0.0.1
INFO 2026-06-10 17:16:25,262 middleware ← GET /api/v1/financials/invoices/ | Status: 200 | Duration: 0.02s
INFO 2026-06-10 17:16:25,262 middleware ← GET /api/v1/financials/invoices/ | Status: 200 | Duration: 0.02s
INFO 2026-06-10 17:16:25,265 basehttp "GET /api/v1/financials/invoices/?status=paid&start_date=2026-06-10&end_date=2026-06-10&page_size=100 HTTP/1.1" 200 52
INFO 2026-06-10 17:16:25,265 basehttp "GET /api/v1/financials/invoices/?status=paid&start_date=2026-06-10&end_date=2026-06-10&page_size=100 HTTP/1.1" 200 52
INFO 2026-06-10 17:16:29,674 middleware → GET /api/v1/financials/transactions/ | User: Anonymous | IP: 127.0.0.1
INFO 2026-06-10 17:16:29,674 middleware → GET /api/v1/financials/transactions/ | User: Anonymous | IP: 127.0.0.1
INFO 2026-06-10 17:16:29,689 middleware ← GET /api/v1/financials/transactions/ | Status: 200 | Duration: 0.02s
INFO 2026-06-10 17:16:29,689 middleware ← GET /api/v1/financials/transactions/ | Status: 200 | Duration: 0.02s
INFO 2026-06-10 17:16:29,691 basehttp "GET /api/v1/financials/transactions/?page=1&page_size=20 HTTP/1.1" 200 52
INFO 2026-06-10 17:16:29,691 basehttp "GET /api/v1/financials/transactions/?page=1&page_size=20 HTTP/1.1" 200 52
INFO 2026-06-10 17:16:29,695 middleware → GET /api/v1/financials/transactions/ | User: Anonymous | IP: 127.0.0.1
INFO 2026-06-10 17:16:29,695 middleware → GET /api/v1/financials/transactions/ | User: Anonymous | IP: 127.0.0.1
INFO 2026-06-10 17:16:29,768 middleware ← GET /api/v1/financials/transactions/ | Status: 200 | Duration: 0.07s
INFO 2026-06-10 17:16:29,768 middleware ← GET /api/v1/financials/transactions/ | Status: 200 | Duration: 0.07s
INFO 2026-06-10 17:16:29,773 basehttp "GET /api/v1/financials/transactions/?page=1&page_size=20 HTTP/1.1" 200 52
INFO 2026-06-10 17:16:29,773 basehttp "GET /api/v1/financials/transactions/?page=1&page_size=20 HTTP/1.1" 200 52
INFO 2026-06-10 17:16:33,073 middleware → GET /api/v1/sales/customers/ | User: Anonymous | IP: 127.0.0.1
INFO 2026-06-10 17:16:33,080 basehttp "OPTIONS /api/v1/financials/invoices/?page=1&page_size=20&status=&start_date=&end_date= HTTP/1.1" 200 0
INFO 2026-06-10 17:16:33,080 basehttp "OPTIONS /api/v1/financials/invoices/?page=1&page_size=20&status=&start_date=&end_date= HTTP/1.1" 200 0
INFO 2026-06-10 17:16:33,073 middleware → GET /api/v1/sales/customers/ | User: Anonymous | IP: 127.0.0.1
INFO 2026-06-10 17:16:33,087 basehttp "OPTIONS /api/v1/financials/invoices/?page=1&page_size=20&status=&start_date=&end_date= HTTP/1.1" 200 0
INFO 2026-06-10 17:16:33,084 middleware → GET /api/v1/inventory/products/ | User: Anonymous | IP: 127.0.0.1
INFO 2026-06-10 17:16:33,089 middleware → GET /api/v1/financials/invoices/ | User: Anonymous | IP: 127.0.0.1
INFO 2026-06-10 17:16:33,089 middleware → GET /api/v1/financials/invoices/ | User: Anonymous | IP: 127.0.0.1
INFO 2026-06-10 17:16:33,084 middleware → GET /api/v1/inventory/products/ | User: Anonymous | IP: 127.0.0.1
INFO 2026-06-10 17:16:33,087 basehttp "OPTIONS /api/v1/financials/invoices/?page=1&page_size=20&status=&start_date=&end_date= HTTP/1.1" 200 0
INFO 2026-06-10 17:16:33,152 middleware ← GET /api/v1/inventory/products/ | Status: 200 | Duration: 0.07s
INFO 2026-06-10 17:16:33,154 middleware ← GET /api/v1/financials/invoices/ | Status: 200 | Duration: 0.07s
INFO 2026-06-10 17:16:33,152 middleware ← GET /api/v1/inventory/products/ | Status: 200 | Duration: 0.07s
INFO 2026-06-10 17:16:33,154 middleware ← GET /api/v1/financials/invoices/ | Status: 200 | Duration: 0.07s
INFO 2026-06-10 17:16:33,168 basehttp "GET /api/v1/financials/invoices/?page=1&page_size=20&status=&start_date=&end_date= HTTP/1.1" 200 52
INFO 2026-06-10 17:16:33,168 basehttp "GET /api/v1/financials/invoices/?page=1&page_size=20&status=&start_date=&end_date= HTTP/1.1" 200 52
INFO 2026-06-10 17:16:33,160 middleware ← GET /api/v1/sales/customers/ | Status: 200 | Duration: 0.09s
INFO 2026-06-10 17:16:33,160 middleware ← GET /api/v1/sales/customers/ | Status: 200 | Duration: 0.09s
INFO 2026-06-10 17:16:33,171 middleware → GET /api/v1/financials/invoices/ | User: Anonymous | IP: 127.0.0.1
INFO 2026-06-10 17:16:33,171 middleware → GET /api/v1/financials/invoices/ | User: Anonymous | IP: 127.0.0.1
INFO 2026-06-10 17:16:33,166 basehttp "GET /api/v1/inventory/products/ HTTP/1.1" 200 52
INFO 2026-06-10 17:16:33,166 basehttp "GET /api/v1/inventory/products/ HTTP/1.1" 200 52
INFO 2026-06-10 17:16:33,173 middleware → GET /api/v1/inventory/products/ | User: Anonymous | IP: 127.0.0.1
INFO 2026-06-10 17:16:33,173 middleware → GET /api/v1/inventory/products/ | User: Anonymous | IP: 127.0.0.1
INFO 2026-06-10 17:16:33,175 basehttp "GET /api/v1/sales/customers/ HTTP/1.1" 200 283
INFO 2026-06-10 17:16:33,175 basehttp "GET /api/v1/sales/customers/ HTTP/1.1" 200 283
INFO 2026-06-10 17:16:33,227 middleware → GET /api/v1/sales/customers/ | User: Anonymous | IP: 127.0.0.1
INFO 2026-06-10 17:16:33,227 middleware → GET /api/v1/sales/customers/ | User: Anonymous | IP: 127.0.0.1
INFO 2026-06-10 17:16:33,264 middleware ← GET /api/v1/inventory/products/ | Status: 200 | Duration: 0.09s
INFO 2026-06-10 17:16:33,264 middleware ← GET /api/v1/inventory/products/ | Status: 200 | Duration: 0.09s
INFO 2026-06-10 17:16:33,266 basehttp "GET /api/v1/inventory/products/ HTTP/1.1" 200 52
INFO 2026-06-10 17:16:33,274 middleware ← GET /api/v1/financials/invoices/ | Status: 200 | Duration: 0.10s
INFO 2026-06-10 17:16:33,266 basehttp "GET /api/v1/inventory/products/ HTTP/1.1" 200 52
INFO 2026-06-10 17:16:33,274 middleware ← GET /api/v1/financials/invoices/ | Status: 200 | Duration: 0.10s
INFO 2026-06-10 17:16:33,282 basehttp "GET /api/v1/financials/invoices/?page=1&page_size=20&status=&start_date=&end_date= HTTP/1.1" 200 52
INFO 2026-06-10 17:16:33,282 basehttp "GET /api/v1/financials/invoices/?page=1&page_size=20&status=&start_date=&end_date= HTTP/1.1" 200 52
INFO 2026-06-10 17:16:33,291 middleware ← GET /api/v1/sales/customers/ | Status: 200 | Duration: 0.06s
INFO 2026-06-10 17:16:33,291 middleware ← GET /api/v1/sales/customers/ | Status: 200 | Duration: 0.06s
INFO 2026-06-10 17:16:33,294 basehttp "GET /api/v1/sales/customers/ HTTP/1.1" 200 283
INFO 2026-06-10 17:16:33,294 basehttp "GET /api/v1/sales/customers/ HTTP/1.1" 200 283
